month,issue_date,candidate,mae,rmse,bias,mae_h1_24,mae_h25_48,n
2025-10,2025-10-01,naive,0.39081693539066104,0.4487224361061673,-0.29451032516566494,0.5009339362767761,0.28069993450454617,96
2025-10,2025-10-02,naive,0.27038143221395655,0.3128520126733567,-0.0013916382969780842,0.28069993450454617,0.24286542610571737,66
2025-10,2025-10-03,naive,0.24286542610571737,0.2604094065792747,0.2297952303898906,0.24286542610571737,,18
2025-10,2025-10-04,naive,0.4922249716303113,0.5214583049617014,-0.4922249716303113,,0.4922249716303113,22
2025-10,2025-10-05,naive,0.33956395665062145,0.3727717711714324,0.0014782369258383092,0.4922249716303113,0.2665521668777262,68
2025-10,2025-10-06,naive,0.25498033906807926,0.26792892543289315,0.20845362282487878,0.2665521668777262,0.24389067075050086,94
2025-10,2025-10-07,naive,0.26733640584065343,0.29365602054655465,0.0899514803898906,0.24389067075050086,0.29078214093080595,96
2025-10,2025-10-08,naive,0.26223742342810913,0.28774336013472324,0.1164150220565573,0.29078214093080595,0.23369270592541228,96
2025-10,2025-10-09,naive,0.2625499234281092,0.2771639597053193,0.15672752205655727,0.23369270592541228,0.291407140930806,96
2025-10,2025-10-10,naive,0.2723738730929265,0.2881017601041717,0.09708689705655726,0.291407140930806,0.25334060525504704,96
2025-10,2025-10-11,naive,0.2376397557404839,0.2580443569942192,0.12182648038989062,0.25334060525504704,0.2219389062259208,96
2025-10,2025-10-12,naive,0.32383314551548775,0.3707132135689415,-0.08775685294344272,0.2219389062259208,0.4257273848050547,96
2025-10,2025-10-13,naive,0.4680364366620435,0.5007865562825761,-0.4069929640545538,0.4257273848050547,0.5103454885190322,96
2025-10,2025-10-14,naive,0.45487579942980433,0.5036090646223516,-0.4189547696101094,0.5103454885190322,0.3994061103405763,96
2025-10,2025-10-15,naive,0.3291858577978117,0.39205677969640096,-0.12331240849899827,0.3994061103405763,0.258965605255047,96
2025-10,2025-10-16,naive,0.28467555671135764,0.3031755395954027,0.19634036927877951,0.258965605255047,0.31038550816766836,96
2025-10,2025-10-17,naive,0.31309384150100167,0.3144204804131172,0.31309384150100167,0.31038550816766836,0.3158021748343351,96
2025-10,2025-10-18,naive,0.2975894783479735,0.30914743992649607,0.22840634150100173,0.3158021748343351,0.27937678186161197,96
2025-10,2025-10-19,naive,0.2668603116813068,0.284729274353126,0.19767717483433503,0.27937678186161197,0.2543438415010017,96
2025-10,2025-10-20,naive,0.26015981372322394,0.2760552654752382,0.26015981372322394,0.2543438415010017,0.2659757859454462,96
2025-10,2025-10-21,naive,0.27510773038989056,0.28973290570791393,0.27510773038989056,0.2659757859454462,0.28423967483433504,96
2025-10,2025-10-22,naive,0.27599863711665895,0.28823673784328463,0.25408342483433505,0.28423967483433504,0.2677575993989829,96
2025-10,2025-10-23,naive,0.34225419941439367,0.3976560521547904,-0.08775685294344272,0.2677575993989829,0.41675079942980425,96
2025-10,2025-10-24,naive,0.30534544036061023,0.38527995723876846,-0.2452047696101094,0.41675079942980425,0.19394008129141624,96
2025-10,2025-10-25,naive,0.23537734531514873,0.26720010892472484,0.0875903692787795,0.19394008129141624,0.2768146093388812,96
2025-10,2025-10-26,naive,0.2679458265911543,0.28192491682571125,0.25298967483433504,0.2768146093388812,0.25907704384342733,96
2025-10,2025-10-27,naive,0.24791021343812605,0.2695841636789614,0.16651398038989063,0.25907704384342733,0.2367433830328248,96
2025-10,2025-10-28,naive,0.18813501695176452,0.22527588657785103,0.08998620261211283,0.2367433830328248,0.1395266508707043,96
2025-10,2025-10-29,naive,0.19611655301279088,0.22757084108429185,0.13844106372322393,0.1395266508707043,0.2527064551548775,96
2025-10,2025-10-30,naive,0.28049157709200184,0.3219510176216902,0.029031341501001718,0.2527064551548775,0.3082766990291262,96
2025-10,2025-10-31,naive,0.3821034635537062,0.4431567596044974,-0.24110754738788712,0.3082766990291262,0.45593022807828626,96
2025-10,2025-10-01,isotonic,0.24478070142567687,0.33215508336232114,-0.17163783764872023,0.13290198309645068,0.35665941975490306,96
2025-10,2025-10-02,isotonic,0.20178024540585734,0.30157670394552777,-0.14989496700529903,0.24721257699345175,0.0806273611722723,66
2025-10,2025-10-03,isotonic,0.09793875824162938,0.12427296030051314,0.0009367093363617703,0.09793875824162938,,18
2025-10,2025-10-04,isotonic,0.21756604869293536,0.2378809689185117,-0.12314151124061268,,0.21756604869293536,22
2025-10,2025-10-05,isotonic,0.11582996061645254,0.15276579706472304,-0.016264411039219,0.19254328018340203,0.07914098169312889,68
2025-10,2025-10-06,isotonic,0.10071695000674646,0.1378799986495711,0.00960084577050327,0.06996530691126077,0.1301872746399203,94
2025-10,2025-10-07,isotonic,0.13822959410074767,0.16197062842482682,0.016666047794747018,0.1575566223521254,0.11890256584936998,96
2025-10,2025-10-08,isotonic,0.0851934081884232,0.10244673106357159,0.014036142061901466,0.1116710938025162,0.05871572257433024,96
2025-10,2025-10-09,isotonic,0.08224667423906605,0.09594420289612293,0.024101918823203016,0.05934880215843469,0.10514454631969739,96
2025-10,2025-10-10,isotonic,0.09389107617568232,0.11363825452369206,0.019969929866982462,0.08852338041738761,0.09925877193397703,96
2025-10,2025-10-11,isotonic,0.12074197543302785,0.1608545156344302,-0.014891328424722091,0.105976546123298,0.13550740474275771,96
2025-10,2025-10-12,isotonic,0.22510010761741472,0.2883073852561442,-0.1228944945469415,0.13905268083488295,0.3111475343999465,96
2025-10,2025-10-13,isotonic,0.30167080108876326,0.3448822010708883,-0.2555760603807912,0.2672089409940532,0.3361326611834734,96
2025-10,2025-10-14,isotonic,0.22671497496541307,0.26463324585443987,-0.193430139757261,0.27872271684099426,0.1747072330898319,96
2025-10,2025-10-15,isotonic,0.14615252833860104,0.184121792969169,-0.00472849238117391,0.13217136218944572,0.16013369448775633,96
2025-10,2025-10-16,isotonic,0.15059603854309309,0.17984157485441138,0.0903863639444441,0.15505866245075242,0.1461334146354337,96
2025-10,2025-10-17,isotonic,0.15086287366031106,0.18707815028453714,0.15070415575263937,0.12237222302146783,0.1793535242991543,96
2025-10,2025-10-18,isotonic,0.14554978492215168,0.18768180369276655,0.03588656188826805,0.10118713568799222,0.18991243415631112,96
2025-10,2025-10-19,isotonic,0.20713219184002982,0.2543523556291108,0.07583917133015557,0.2034204192020518,0.2108439644780078,96
2025-10,2025-10-20,isotonic,0.12927251763254624,0.16421711013578955,0.09461793978551976,0.0815865430371549,0.1769584922279376,96
2025-10,2025-10-21,isotonic,0.10288418848119579,0.12562221805074708,0.07520792304281501,0.1355179437964118,0.0702504331659798,96
2025-10,2025-10-22,isotonic,0.09111523044977667,0.11539042427762798,0.055662786288790435,0.07517180273012274,0.10705865816943061,96
2025-10,2025-10-23,isotonic,0.14449711163684942,0.17588981522327737,-0.057592749913295195,0.10295498381648238,0.18603923945721643,96
2025-10,2025-10-24,isotonic,0.16864697945272614,0.1993218085674704,-0.12169064163374262,0.20877595629362955,0.1285180026118227,96
2025-10,2025-10-25,isotonic,0.11864268864507399,0.14564173661680868,0.01962433921333794,0.1480568598647575,0.08922851742539047,96
2025-10,2025-10-26,isotonic,0.16919766884175222,0.2462100903540568,0.11722704004955393,0.1089433478901561,0.22945198979334827,96
2025-10,2025-10-27,isotonic,0.16875542587451384,0.21787615183129963,0.10830645254451761,0.17415852505314477,0.16335232669588287,96
2025-10,2025-10-28,isotonic,0.1433873764874351,0.16821369217637522,0.05845729247427006,0.15106420872671544,0.1357105442481548,96
2025-10,2025-10-29,isotonic,0.1725939908854833,0.21393734047299484,0.09500898923871691,0.1380794050546236,0.20710857671634297,96
2025-10,2025-10-30,isotonic,0.14118281269334534,0.17658936233832057,0.0020525277308188435,0.12353763790913437,0.15882798747755633,96
2025-10,2025-10-31,isotonic,0.18005621290214288,0.2240211591099017,-0.14172425297095384,0.16216512949338405,0.1979472963109017,96
2025-10,2025-10-01,ridge,0.2282945245117236,0.333885738704963,-0.13245183952927087,0.08303985004037058,0.3735491989830766,96
2025-10,2025-10-02,ridge,0.19452334102646085,0.27663015075799224,-0.12405778302387008,0.24058466432248152,0.07169314557040578,66
2025-10,2025-10-03,ridge,0.06953708669277947,0.09599664021883782,0.006132487203744399,0.06953708669277947,,18
2025-10,2025-10-04,ridge,0.19127165801201604,0.213972603839979,-0.07953543009803402,,0.19127165801201604,22
2025-10,2025-10-05,ridge,0.12181745020311877,0.1512100430535738,0.011207915833902312,0.18952552996418914,0.08943532509999817,68
2025-10,2025-10-06,ridge,0.0985904096899315,0.1317522582569588,0.012518438343212177,0.07465547274099549,0.12152805759932851,94
2025-10,2025-10-07,ridge,0.14974329538444905,0.1712472357134167,0.02401135197374522,0.18047800351519935,0.11900858725369874,96
2025-10,2025-10-08,ridge,0.09632675974206444,0.11228875412403339,0.032546275893456635,0.11821238618111128,0.07444113330301756,96
2025-10,2025-10-09,ridge,0.07912042614424607,0.08989494018032812,0.02856984369816869,0.05828774250563843,0.09995310978285366,96
2025-10,2025-10-10,ridge,0.09308935058223926,0.11604268653891733,0.025467307926529348,0.07672277077559397,0.10945593038888453,96
2025-10,2025-10-11,ridge,0.12253116751381553,0.16553671354082874,-0.027665757943983346,0.11361115698270553,0.13145117804492554,96
2025-10,2025-10-12,ridge,0.2276204809442837,0.2862513437682353,-0.14697479612332745,0.1336725220082242,0.32156843988034317,96
2025-10,2025-10-13,ridge,0.30522972370222945,0.34210993537243145,-0.2593611411130709,0.2823753567057205,0.3280840906987384,96
2025-10,2025-10-14,ridge,0.20991694442850642,0.2521290516650278,-0.16407850856628298,0.2838251259970453,0.13600876285996755,96
2025-10,2025-10-15,ridge,0.14936433057820994,0.18449011181095204,0.03942959095041711,0.11447041653510553,0.18425824462131435,96
2025-10,2025-10-16,ridge,0.15393618305058304,0.18670988238277286,0.11625281234245222,0.16008159295227567,0.14779077314889044,96
2025-10,2025-10-17,ridge,0.13094500625552516,0.1776075154175993,0.12898990465767635,0.10388624686603747,0.15800376564501284,96
2025-10,2025-10-18,ridge,0.1270039031826001,0.18168259820317617,0.016507038160034196,0.06670225461564147,0.18730555174955876,96
2025-10,2025-10-19,ridge,0.20985907376280685,0.2665826388805785,0.08105195119530965,0.19705108344368485,0.22266706408192885,96
2025-10,2025-10-20,ridge,0.12807969429385538,0.1703882547737267,0.08267197432725679,0.07210294959285496,0.1840564389948558,96
2025-10,2025-10-21,ridge,0.09444460905014579,0.12400032306502455,0.04741935904693608,0.14416985710103425,0.04471936099925731,96
2025-10,2025-10-22,ridge,0.0668930512213668,0.10020339503162042,0.019690006842049947,0.05362204945623663,0.08016405298649697,96
2025-10,2025-10-23,ridge,0.11377902682704827,0.1448054343537298,-0.046460400225026406,0.07804354506974147,0.14951450858435503,96
2025-10,2025-10-24,ridge,0.14826179694715833,0.1839331938526974,-0.08484757319003351,0.1723533867765473,0.12417020711776933,96
2025-10,2025-10-25,ridge,0.10415860608741057,0.14546931085397752,0.010928318829114547,0.15017381843845304,0.0581433937363681,96
2025-10,2025-10-26,ridge,0.14493311204619785,0.21593763338608832,0.08715020252715117,0.07063289424804474,0.21923332984435095,96
2025-10,2025-10-27,ridge,0.16625545419204343,0.20816756621472007,0.11422322491954834,0.1593925782437578,0.17311833014032904,96
2025-10,2025-10-28,ridge,0.1437464995679095,0.1635891031841048,0.06065808691430433,0.15976065910106763,0.12773234003475134,96
2025-10,2025-10-29,ridge,0.17626523969825322,0.21999359544828997,0.10144452485468876,0.1423030254890022,0.21022745390750422,96
2025-10,2025-10-30,ridge,0.14331186719135094,0.17289425165451586,0.020450455257621524,0.12376114953981993,0.162862584842882,96
2025-10,2025-10-31,ridge,0.1801689876294725,0.2143589316511474,-0.11178428228701454,0.1664528921843478,0.1938850830745972,96
2025-10,2025-10-01,elastic_net,0.22968047055064078,0.3364136694154734,-0.1386206863918946,0.08447464344570614,0.3748862976555755,96
2025-10,2025-10-02,elastic_net,0.1958832509166095,0.28070989770167426,-0.13109332801230397,0.24201962503198074,0.07285291994228618,66
2025-10,2025-10-03,elastic_net,0.06630362574753149,0.09368702336132644,0.004684421405476158,0.06630362574753149,,18
2025-10,2025-10-04,elastic_net,0.19546308705687435,0.2153827572161206,-0.0868964065572786,,0.19546308705687435,22
2025-10,2025-10-05,elastic_net,0.11709126320087367,0.14835982361089994,0.0013278494491608655,0.19329808016822633,0.08064452465127023,68
2025-10,2025-10-06,elastic_net,0.09459507782947722,0.1309616391462252,0.00470312559434075,0.06713404572058466,0.1209119002671659,94
2025-10,2025-10-07,elastic_net,0.14746615962569398,0.1707642637057628,0.018457560583320678,0.18070353608066003,0.11422878317072793,96
2025-10,2025-10-08,elastic_net,0.08987251895831139,0.10677860234557947,0.023624544842809573,0.11429423183796254,0.06545080607866023,96
2025-10,2025-10-09,elastic_net,0.07322193901054667,0.08527840951152184,0.02028495303223313,0.051402324023836356,0.095041553997257,96
2025-10,2025-10-10,elastic_net,0.09180853767943764,0.11523178649775866,0.022540025339685604,0.07596826686829859,0.10764880849057668,96
2025-10,2025-10-11,elastic_net,0.12099279238234018,0.1635445886696632,-0.026422589831921316,0.1123519599540388,0.12963362481064153,96
2025-10,2025-10-12,elastic_net,0.22681102480713214,0.28446303183376587,-0.14211830002492926,0.13413058664009292,0.3194914629741714,96
2025-10,2025-10-13,elastic_net,0.302480941970009,0.33850966158550144,-0.25561404005093197,0.2804126595851188,0.32454922435489925,96
2025-10,2025-10-14,elastic_net,0.20985681815427612,0.2505994904121973,-0.16515986774916477,0.2798332492879931,0.13988038702055916,96
2025-10,2025-10-15,elastic_net,0.1474185554962839,0.18222035870757422,0.03238422512332665,0.11537260697859834,0.17946450401396943,96
2025-10,2025-10-16,elastic_net,0.15389244726385523,0.1859873482894399,0.11447284167171656,0.15711230819007402,0.15067258633763642,96
2025-10,2025-10-17,elastic_net,0.13605917061237227,0.18142387366292204,0.13453068880930732,0.10817360695592786,0.16394473426881673,96
2025-10,2025-10-18,elastic_net,0.13153508328601674,0.18461505990003818,0.020409292190029404,0.07263232387242327,0.19043784269961017,96
2025-10,2025-10-19,elastic_net,0.213241760723247,0.26829487863810886,0.08400520244180869,0.20091063433529097,0.22557288711120313,96
2025-10,2025-10-20,elastic_net,0.13321564971480748,0.17431895166852726,0.08698462296823146,0.07886961111672278,0.18756168831289224,96
2025-10,2025-10-21,elastic_net,0.09751471703940207,0.12787743933615714,0.051869396025409374,0.15084665468180794,0.044182779396996226,96
2025-10,2025-10-22,elastic_net,0.06985955323149562,0.10232709431524989,0.026083227978187472,0.056326436685184944,0.08339266977780628,96
2025-10,2025-10-23,elastic_net,0.11546805239029019,0.1452327511041936,-0.04027317298979716,0.08268907099933147,0.14824703378124893,96
2025-10,2025-10-24,elastic_net,0.14637254570801536,0.1823668362950835,-0.07974938035036316,0.16927393953435474,0.12347115188167594,96
2025-10,2025-10-25,elastic_net,0.10585965784119862,0.1459538229977504,0.017481874396913604,0.1511537282359164,0.06056558744648081,96
2025-10,2025-10-26,elastic_net,0.14838142502898657,0.21828283532866805,0.09389195703311064,0.07649399226887299,0.22026885778910013,96
2025-10,2025-10-27,elastic_net,0.1709523597417546,0.21377520734126826,0.12193065762439004,0.16554033557107253,0.1763643839124366,96
2025-10,2025-10-28,elastic_net,0.1466876071114432,0.16696495737181719,0.06770092197743892,0.165043799306379,0.12833141491650743,96
2025-10,2025-10-29,elastic_net,0.18098903138085132,0.22386064833215472,0.10848455398586122,0.1462462262723101,0.21573183648939254,96
2025-10,2025-10-30,elastic_net,0.14649960501839657,0.17413644755923224,0.02668466640162795,0.12926938517576955,0.16372982486102364,96
2025-10,2025-10-31,elastic_net,0.17737461320316725,0.21160712748519744,-0.10533236423340163,0.16690979403346465,0.18783943237286982,96
2025-10,2025-10-01,random_forest,0.23876094965953257,0.3384692409080475,-0.14072551879170417,0.09693824720435888,0.3805836521147062,96
2025-10,2025-10-02,random_forest,0.21461601098193142,0.32358546078139544,-0.17280176944892536,0.26600460073901866,0.07757977162969873,66
2025-10,2025-10-03,random_forest,0.08168302467758246,0.11405041576513583,-0.025610055883311608,0.08168302467758246,,18
2025-10,2025-10-04,random_forest,0.15248664193037598,0.20954209760221096,0.004468534998815857,,0.15248664193037598,22
2025-10,2025-10-05,random_forest,0.0889329524502273,0.13235141159804098,0.015292737330868016,0.15138838746293495,0.05906296179197579,68
2025-10,2025-10-06,random_forest,0.08794070757061294,0.131078895840998,-0.021472517111190484,0.05393081993543054,0.12053351655432938,94
2025-10,2025-10-07,random_forest,0.10493232952003233,0.13684773809409814,-0.017352868075371106,0.12422509484286408,0.0856395641972006,96
2025-10,2025-10-08,random_forest,0.06329899617695671,0.07849516974103311,-0.000920136901134477,0.07801128484270663,0.04858670751120677,96
2025-10,2025-10-09,random_forest,0.0597327592338052,0.07305016483993845,0.001665977325808167,0.03767893425907346,0.08178658420853695,96
2025-10,2025-10-10,random_forest,0.09924698653927096,0.1295735141166741,0.02178209366975464,0.06307897742946833,0.1354149956490736,96
2025-10,2025-10-11,random_forest,0.12163724992245178,0.15954865240558014,-0.014525272546187726,0.12000257902460602,0.12327192082029757,96
2025-10,2025-10-12,random_forest,0.21925977231266902,0.27790829776829823,-0.1276155187298001,0.12496538131945796,0.3135541633058801,96
2025-10,2025-10-13,random_forest,0.27126473380326593,0.30092823222788845,-0.21120056819160996,0.2552880282225653,0.28724143938396657,96
2025-10,2025-10-14,random_forest,0.1660788875157549,0.21063912503163806,-0.10344287100934796,0.2374684312095514,0.09468934382195836,96
2025-10,2025-10-15,random_forest,0.13846588339505903,0.1839124399596593,0.07147583923008873,0.09550286433119659,0.1814289024589215,96
2025-10,2025-10-16,random_forest,0.14225732782622502,0.17221262912968394,0.11000321237928391,0.12419824335624385,0.1603164122962062,96
2025-10,2025-10-17,random_forest,0.1465367471336396,0.190163277932845,0.14566995937370075,0.12135689118063175,0.1717166030866474,96
2025-10,2025-10-18,random_forest,0.13274939621733492,0.19117960218901306,0.012252159132744208,0.0681769389960512,0.19732185343861863,96
2025-10,2025-10-19,random_forest,0.21250354766661497,0.2700674593573452,0.07342828634662206,0.20112881048329292,0.223878284849937,96
2025-10,2025-10-20,random_forest,0.1351757060219551,0.1866101926453855,0.0986482762746448,0.07230812599533425,0.198043286048576,96
2025-10,2025-10-21,random_forest,0.09030204977694993,0.11638032408491929,0.05557164972636844,0.12009559207110494,0.060508507482794904,96
2025-10,2025-10-22,random_forest,0.0782171382357818,0.1092339118828253,0.032402434533759364,0.057340183565869875,0.09909409290569371,96
2025-10,2025-10-23,random_forest,0.10652641332047084,0.1318360901332318,-0.01944552898674201,0.08631277356248977,0.1267400530784519,96
2025-10,2025-10-24,random_forest,0.14023306320139686,0.17148317628700005,-0.03892059766602429,0.14333074024645134,0.13713538615634235,96
2025-10,2025-10-25,random_forest,0.1291165455796127,0.16314613250827906,0.05726583386745515,0.17127463505007193,0.0869584561091535,96
2025-10,2025-10-26,random_forest,0.16539639290551258,0.23308810287681603,0.12189929901146063,0.09646522607333481,0.23432755973769037,96
2025-10,2025-10-27,random_forest,0.18193014849283354,0.24177287201314787,0.13522871925495283,0.1688436320362324,0.1950166649494347,96
2025-10,2025-10-28,random_forest,0.16119914530616697,0.19066755009921957,0.08585561678667092,0.18336822727628346,0.13903006333605047,96
2025-10,2025-10-29,random_forest,0.19674487109454267,0.23885583879398772,0.12232856620227163,0.17152779054947218,0.22196195163961321,96
2025-10,2025-10-30,random_forest,0.12976732851615816,0.15966154890089299,0.04032823759271394,0.12092903977405996,0.1386056172582564,96
2025-10,2025-10-31,random_forest,0.14318746710546795,0.17632692866062338,-0.07431693736221649,0.14910650715776844,0.13726842705316747,96
2025-10,2025-10-01,extra_trees,0.24114035484249044,0.34051821642453795,-0.1439994144975861,0.097884331488299,0.3843963781966819,96
2025-10,2025-10-02,extra_trees,0.2031894391151938,0.30501865928395777,-0.1649938517720225,0.25010182581183155,0.07808974125749318,66
2025-10,2025-10-03,extra_trees,0.08863475066746784,0.1222884772405185,-0.029860178990951194,0.08863475066746784,,18
2025-10,2025-10-04,extra_trees,0.16108417115203447,0.20617738088833262,-0.021514027567439274,,0.16108417115203447,22
2025-10,2025-10-05,extra_trees,0.09663293368167612,0.13373128492515277,0.015405212789300222,0.15629806467447185,0.06809743625033902,68
2025-10,2025-10-06,extra_trees,0.08909819016584036,0.1254611007453445,-0.007366303405528125,0.057793853403544884,0.1190981795630402,94
2025-10,2025-10-07,extra_trees,0.11894895867217037,0.145357473012767,-0.005347314988896822,0.14004998559545145,0.09784793174888927,96
2025-10,2025-10-08,extra_trees,0.06817379784228363,0.08224770761544802,0.007890401442633295,0.08294522398628026,0.05340237169828699,96
2025-10,2025-10-09,extra_trees,0.0647792590373703,0.07859506358129996,0.007270009505099706,0.03804336691794747,0.09151515115679311,96
2025-10,2025-10-10,extra_trees,0.09054142703789562,0.12160774301666004,0.01570390050275694,0.059612332496693586,0.12147052157909766,96
2025-10,2025-10-11,extra_trees,0.11685531394112063,0.15683178305791892,-0.01878159328795848,0.10769702921898526,0.12601359866325598,96
2025-10,2025-10-12,extra_trees,0.21766634326506876,0.28189557463607373,-0.13776425192348044,0.12041565892235735,0.3149170276077802,96
2025-10,2025-10-13,extra_trees,0.2886663321781832,0.32900435052120686,-0.24395400196841358,0.2678437134942502,0.3094889508621162,96
2025-10,2025-10-14,extra_trees,0.18323068114687915,0.2231268124508136,-0.1347610017289419,0.24892451957919878,0.11753684271455951,96
2025-10,2025-10-15,extra_trees,0.1307831919172011,0.16964301232376316,0.04381979751523198,0.1010248682427931,0.16054151559160915,96
2025-10,2025-10-16,extra_trees,0.14231082262340136,0.16902696079262522,0.10073673886229674,0.12107431544060465,0.1635473298061981,96
2025-10,2025-10-17,extra_trees,0.140726861499457,0.17638821926364723,0.1403321640869285,0.11177274664362775,0.16968097635528626,96
2025-10,2025-10-18,extra_trees,0.13540094529455537,0.186990381179205,0.01986836559182639,0.07620703009561934,0.19459486049349142,96
2025-10,2025-10-19,extra_trees,0.20520810152417204,0.26300098438179514,0.06930674379628438,0.19117370131430902,0.21924250173403506,96
2025-10,2025-10-20,extra_trees,0.12336683908233537,0.1659016458065603,0.08838263756460073,0.06696313604080793,0.17977054212386276,96
2025-10,2025-10-21,extra_trees,0.0924118613787946,0.11309504841474737,0.05756372159760345,0.11988202792877266,0.06494169482881658,96
2025-10,2025-10-22,extra_trees,0.07574175782860186,0.10376485742237855,0.03675256308789884,0.05724033494796563,0.09424318070923808,96
2025-10,2025-10-23,extra_trees,0.1010534465080355,0.12903707220612262,-0.03306834877942406,0.078360854530236,0.12374603848583497,96
2025-10,2025-10-24,extra_trees,0.1354637702831619,0.16614236095356288,-0.06298327723823578,0.1424039654286291,0.12852357513769466,96
2025-10,2025-10-25,extra_trees,0.12388133869751487,0.15478242709839243,0.046785535577583935,0.15542259119178345,0.09234008620324628,96
2025-10,2025-10-26,extra_trees,0.16379479383757403,0.23407694546350385,0.11372438760040555,0.0928455797110707,0.23474400796407746,96
2025-10,2025-10-27,extra_trees,0.17769051620106682,0.23012358335276525,0.1313004756133459,0.17988414185085633,0.17549689055127726,96
2025-10,2025-10-28,extra_trees,0.14825197708458848,0.17077828944220733,0.07516541548159694,0.16231212062878267,0.13419183354039432,96
2025-10,2025-10-29,extra_trees,0.18013668881139036,0.21825889017390357,0.10602730371381723,0.1558857516647217,0.20438762595805904,96
2025-10,2025-10-30,extra_trees,0.13081603354996346,0.160279783640561,0.03519190359867689,0.1174713612789961,0.14416070582093082,96
2025-10,2025-10-31,extra_trees,0.14755119077311776,0.17978707249958037,-0.08740714394385181,0.14845912942458264,0.14664325212165288,96
2025-10,2025-10-01,hist_gradient_boosting,0.25058455788492234,0.36231573080455926,-0.17305155708794537,0.10015679982858255,0.4010123159412622,96
2025-10,2025-10-02,hist_gradient_boosting,0.24460101577451973,0.3665465836847658,-0.2202755865198315,0.30873887498315,0.07356672455150554,66
2025-10,2025-10-03,hist_gradient_boosting,0.09297660336636245,0.1308935977518243,-0.03830902166609641,0.09297660336636245,,18
2025-10,2025-10-04,hist_gradient_boosting,0.23584241584008384,0.26254048633994687,-0.13302409412650107,,0.23584241584008384,22
2025-10,2025-10-05,hist_gradient_boosting,0.10987292651386305,0.15474482256976618,-0.023148314516288567,0.22080161737166681,0.05682007436447864,68
2025-10,2025-10-06,hist_gradient_boosting,0.08780010185679706,0.14426710240474794,-0.036291431936113575,0.058726063892790475,0.1156627215723034,94
2025-10,2025-10-07,hist_gradient_boosting,0.09965776596805753,0.13861002818617152,-0.027318519583480496,0.11961822152547681,0.07969731041063823,96
2025-10,2025-10-08,hist_gradient_boosting,0.05906150069964807,0.07372417558295731,0.006473485627800028,0.06985262353654587,0.04827037786275027,96
2025-10,2025-10-09,hist_gradient_boosting,0.05748237184534364,0.0721310425940121,0.004329441819840101,0.038604261636447555,0.07636048205423972,96
2025-10,2025-10-10,hist_gradient_boosting,0.08868021356307093,0.11946337797448744,0.012446190625709069,0.061873446196362425,0.11548698092977945,96
2025-10,2025-10-11,hist_gradient_boosting,0.11917736655512386,0.15472161248142166,-0.012062551234014568,0.11296362253334435,0.12539111057690336,96
2025-10,2025-10-12,hist_gradient_boosting,0.1994161666758971,0.24323835999858295,-0.053062922638938775,0.13001804896858515,0.26881428438320903,96
2025-10,2025-10-13,hist_gradient_boosting,0.20077135199264048,0.2272627369005791,-0.08845194767494942,0.20824868671036104,0.19329401727491988,96
2025-10,2025-10-14,hist_gradient_boosting,0.13744567363008597,0.18018702746798837,-0.052916777847676684,0.17294220652939596,0.10194914073077595,96
2025-10,2025-10-15,hist_gradient_boosting,0.1378189102837518,0.18060883112323628,0.07518030533262783,0.09473631990855497,0.1809015006589486,96
2025-10,2025-10-16,hist_gradient_boosting,0.14061188066350697,0.16651899455196947,0.10827081422915608,0.13084599429261928,0.15037776703439468,96
2025-10,2025-10-17,hist_gradient_boosting,0.14100718535432089,0.18062897477551063,0.14068385831507493,0.1054416247349768,0.17657274597366499,96
2025-10,2025-10-18,hist_gradient_boosting,0.14461295964769574,0.1932457593181874,0.02403640190994606,0.08909885042401304,0.20012706887137846,96
2025-10,2025-10-19,hist_gradient_boosting,0.21409911679547436,0.2692865149265466,0.07879285841175544,0.20241812031369685,0.2257801132772519,96
2025-10,2025-10-20,hist_gradient_boosting,0.1410030891118994,0.178405126726978,0.10337462089904569,0.08836743839015644,0.19363873983364233,96
2025-10,2025-10-21,hist_gradient_boosting,0.11155512549230602,0.13223273847765885,0.0749257066440345,0.14778453102545344,0.07532571995915864,96
2025-10,2025-10-22,hist_gradient_boosting,0.08964415355304611,0.11548414918459296,0.048395056740701096,0.07425174441806537,0.10503656268802686,96
2025-10,2025-10-23,hist_gradient_boosting,0.10546852118612692,0.1283880411457602,-0.0009090409892250831,0.08893188630617803,0.1220051560660758,96
2025-10,2025-10-24,hist_gradient_boosting,0.1420497391584933,0.17927129340299436,-0.025516426976346995,0.1368351894050742,0.14726428891191246,96
2025-10,2025-10-25,hist_gradient_boosting,0.13183991720583563,0.16701405268827427,0.06336295391284778,0.17341480487524605,0.09026502953642516,96
2025-10,2025-10-26,hist_gradient_boosting,0.1713913405017792,0.2409714311797256,0.12249949846982115,0.10191260336499582,0.2408700776385626,96
2025-10,2025-10-27,hist_gradient_boosting,0.18976895744164538,0.25068905386075546,0.15155259377394825,0.18945114158831608,0.1900867732949747,96
2025-10,2025-10-28,hist_gradient_boosting,0.15943164295000872,0.18719400742024037,0.09210725855349768,0.17933848284019438,0.13952480305982307,96
2025-10,2025-10-29,hist_gradient_boosting,0.19967879348952314,0.23879834537899,0.13233379003749013,0.16081189816671462,0.2385456888123317,96
2025-10,2025-10-30,hist_gradient_boosting,0.14272613164280268,0.17070828507300198,0.04116792189013831,0.1380056409992023,0.14744662228640304,96
2025-10,2025-10-31,hist_gradient_boosting,0.16909607469360968,0.20270202747670718,-0.10245220611703476,0.15087064679470982,0.1873215025925096,96
2025-10,2025-10-01,catboost,0.26478554589932596,0.38545225519175713,-0.18323604918710845,0.09246371081039138,0.4371073809882606,96
2025-10,2025-10-02,catboost,0.271529986648958,0.38582018670533713,-0.2672208060531218,0.33510910153722895,0.10198568028023564,66
2025-10,2025-10-03,catboost,0.10627289701398313,0.1610876388708145,-0.095630110200498,0.10627289701398313,,18
2025-10,2025-10-04,catboost,0.16524766790258114,0.21515372496053456,-0.012850582051454259,,0.16524766790258114,22
2025-10,2025-10-05,catboost,0.0930439102768042,0.14373660653506018,-0.041089890003380404,0.1607443157556985,0.06066545548255041,68
2025-10,2025-10-06,catboost,0.09422527598454372,0.15889021466736647,-0.08857326397403001,0.07976021224687116,0.10808762873314663,94
2025-10,2025-10-07,catboost,0.0871569043231923,0.13229617548954306,-0.0514860800265223,0.10611598874137117,0.06819781990501346,96
2025-10,2025-10-08,catboost,0.045976149722926955,0.0643445305908278,-0.03216947982501441,0.05927269891705169,0.03267960052880222,96
2025-10,2025-10-09,catboost,0.04600792909988053,0.0702263392227456,-0.03778203248734928,0.044674590679604824,0.047341267520156244,96
2025-10,2025-10-10,catboost,0.05945511667494344,0.11628126523831321,-0.028191305797310783,0.0321084642371958,0.08680176911269104,96
2025-10,2025-10-11,catboost,0.1028576553428006,0.1671132805486387,-0.08439616712650704,0.07138313812431939,0.13433217256128183,96
2025-10,2025-10-12,catboost,0.1975171713223598,0.25823762202941714,-0.08127201214419087,0.14424929724620364,0.250785045398516,96
2025-10,2025-10-13,catboost,0.192758886074051,0.23618705545197427,-0.057117083011651824,0.18732252902478772,0.19819524312331435,96
2025-10,2025-10-14,catboost,0.13611175006510157,0.19060298555082178,-0.036370849738809066,0.17207534321436466,0.10014815691583852,96
2025-10,2025-10-15,catboost,0.1102277326665841,0.1644564786936356,0.0501626792720011,0.09522345316752683,0.1252320121656414,96
2025-10,2025-10-16,catboost,0.09181167163463529,0.1308988541907711,0.045617492349134814,0.1030255691102538,0.0805977741590168,96
2025-10,2025-10-17,catboost,0.08176294802780344,0.12925795190138178,0.07591329249530716,0.05471694098614353,0.1088089550694634,96
2025-10,2025-10-18,catboost,0.10689122169779623,0.18409964410128632,-0.033617439775274226,0.03410507880035413,0.17967736459523834,96
2025-10,2025-10-19,catboost,0.18737883455802107,0.2648465577033729,0.026690131546791302,0.18775330798168596,0.18700436113435623,96
2025-10,2025-10-20,catboost,0.08977002273737306,0.12954435564309502,0.02678195017360419,0.04585038078951351,0.1336896646852326,96
2025-10,2025-10-21,catboost,0.061929919575949365,0.08909570734103331,0.009376450000559212,0.08662657134200573,0.037233267809893,96
2025-10,2025-10-22,catboost,0.057078530738195576,0.10227044391153985,-0.013261314478042754,0.0389000970494616,0.07525696442692954,96
2025-10,2025-10-23,catboost,0.07658421039309372,0.09853333478086704,-0.03316004632217522,0.06280159411894329,0.09036682666724416,96
2025-10,2025-10-24,catboost,0.14631161131657003,0.17857679768261753,-0.05892669426141125,0.12023106106843699,0.17239216156470313,96
2025-10,2025-10-25,catboost,0.11952933949038935,0.17129497296278476,0.004026326171108551,0.1833132423936256,0.055745436587153106,96
2025-10,2025-10-26,catboost,0.1441298937866627,0.25122119495624823,0.07092194420937196,0.06037110437522356,0.22788868319810182,96
2025-10,2025-10-27,catboost,0.15618421844746522,0.23104159896450838,0.0851329847558973,0.17139157388700257,0.14097686300792783,96
2025-10,2025-10-28,catboost,0.1369717098833963,0.17032618419262915,0.04469651721917236,0.11177326523387926,0.1621701545329133,96
2025-10,2025-10-29,catboost,0.17020895056261187,0.210602304972803,0.06988841748168262,0.15113815654706872,0.18927974457815497,96
2025-10,2025-10-30,catboost,0.1088385349739408,0.14528815267740794,0.003994740489096181,0.09754191695884191,0.1201351529890397,96
2025-10,2025-10-31,catboost,0.13047171405379088,0.17616029631841285,-0.09791038326558331,0.1257101169008353,0.13523331120674642,96
2025-10,2025-10-01,mlp,0.23156470884803523,0.3188188639756511,-0.11299946375842111,0.11556208696394747,0.347567330732123,96
2025-10,2025-10-02,mlp,0.18860018662918746,0.28370418955972265,-0.13850571508494194,0.2314533124011308,0.07432518457067178,66
2025-10,2025-10-03,mlp,0.09150371980854674,0.11990277241335842,-0.0271780408907078,0.09150371980854674,,18
2025-10,2025-10-04,mlp,0.16428400243720567,0.2110836849579572,-0.037148446944305864,,0.16428400243720567,22
2025-10,2025-10-05,mlp,0.12932162327220165,0.15624612195904583,0.042468562256957075,0.14731674241610512,0.12071526194250862,68
2025-10,2025-10-06,mlp,0.10742844448755567,0.13303402657883692,0.022738238543291787,0.09204582870090876,0.12217011794975896,94
2025-10,2025-10-07,mlp,0.11677731840813405,0.14817825774323143,0.0003653135040933379,0.13219250760342668,0.10136212921284139,96
2025-10,2025-10-08,mlp,0.09227818366906167,0.11359894076051147,0.03285271567006013,0.10009536196685476,0.08446100537126859,96
2025-10,2025-10-09,mlp,0.08392557923778532,0.1045913133990523,0.019360888473400548,0.05343096526114627,0.11442019321442437,96
2025-10,2025-10-10,mlp,0.12255077049440984,0.15766638359640822,0.04961792675980792,0.07375645715485103,0.1713450838339686,96
2025-10,2025-10-11,mlp,0.14858627293226223,0.1836609631855973,0.03202545947420075,0.15315510162218382,0.14401744424234061,96
2025-10,2025-10-12,mlp,0.2169469266521199,0.2744005728384634,-0.1250071809088115,0.12423424699834877,0.309659606305891,96
2025-10,2025-10-13,mlp,0.2620601805636796,0.2962958430380017,-0.212930096628555,0.2681664441412373,0.2559539169861218,96
2025-10,2025-10-14,mlp,0.16321066618442423,0.19311121304607037,-0.11638581216137019,0.21709204895816506,0.10932928341068342,96
2025-10,2025-10-15,mlp,0.11548439803335316,0.15827336350175059,0.03578671532835139,0.08333323080664899,0.1476355652600573,96
2025-10,2025-10-16,mlp,0.1779020507302144,0.2167198195061973,0.14336500797562787,0.11089403374699876,0.24491006771343007,96
2025-10,2025-10-17,mlp,0.13025842483778097,0.1496561112034402,0.1295994688756563,0.1252475307545107,0.1352693189210513,96
2025-10,2025-10-18,mlp,0.12061684789975279,0.18822141057817315,0.013082041034288268,0.0541829021979745,0.18705079360153107,96
2025-10,2025-10-19,mlp,0.2120099753949087,0.27492987107803185,0.08521364018447149,0.17911608314570962,0.24490386764410776,96
2025-10,2025-10-20,mlp,0.12764140172750146,0.17097240371122271,0.07989770537614325,0.05111568401978286,0.20416711943522006,96
2025-10,2025-10-21,mlp,0.10195880525189978,0.12509637260667575,0.06202232662115729,0.12198075520370154,0.08193685530009807,96
2025-10,2025-10-22,mlp,0.07748237875481012,0.11905885153314477,0.02374772012209762,0.05209637533990653,0.10286838216971372,96
2025-10,2025-10-23,mlp,0.11522156321759065,0.14993357858485945,-0.08575237113487379,0.0631859972732806,0.16725712916190072,96
2025-10,2025-10-24,mlp,0.14482438616457308,0.18503491403085023,-0.07298648286143711,0.1733344397185966,0.11631433261054962,96
2025-10,2025-10-25,mlp,0.13286804335888147,0.1587315370922245,0.07030809988227325,0.1297717969880695,0.13596428972969343,96
2025-10,2025-10-26,mlp,0.15072082887206228,0.20372512602029105,0.11062669267683782,0.09620759002507463,0.20523406771904992,96
2025-10,2025-10-27,mlp,0.2014486019871449,0.2463041948578365,0.15550167915818883,0.19162463969585752,0.21127256427843225,96
2025-10,2025-10-28,mlp,0.13761617451089095,0.15882349740618482,0.0734321998088185,0.14954853072394445,0.1256838182978375,96
2025-10,2025-10-29,mlp,0.14198931762909225,0.1812345458071571,0.06317593318387221,0.11478432212548144,0.16919431313270308,96
2025-10,2025-10-30,mlp,0.13394637472962792,0.16603721513422848,0.03620031294024944,0.10349679022081626,0.1643959592384396,96
2025-10,2025-10-31,mlp,0.16579120304769354,0.20180511325856318,-0.09942792926195032,0.15074675287326741,0.1808356532221196,96
2025-10,2025-10-01,incumbent,0.26270340202702175,0.3843647056687535,-0.18076416042665755,0.09356900802954198,0.4318377960245015,96
2025-10,2025-10-02,incumbent,0.2757254327613691,0.3982221926732823,-0.27526440769017985,0.34057862391008853,0.10278358969811706,66
2025-10,2025-10-03,incumbent,0.1055189793151067,0.16078011878246623,-0.09501480699380285,0.1055189793151067,,18
2025-10,2025-10-04,incumbent,0.17697953600808589,0.2167548095258949,-0.04619785694754853,,0.17697953600808589,22
2025-10,2025-10-05,incumbent,0.098256302654463,0.14187089894030844,-0.05477893685063306,0.16489191338989398,0.06638709752012645,68
2025-10,2025-10-06,incumbent,0.09380693689936288,0.15754477626430693,-0.08654699572943733,0.07842587490641344,0.1085471213092728,94
2025-10,2025-10-07,incumbent,0.08578865760655728,0.13356183648903622,-0.057214092854933174,0.10086556891883686,0.07071174629427772,96
2025-10,2025-10-08,incumbent,0.04975842468696024,0.06971399115644687,-0.033198897426668865,0.062393666427319576,0.037123182946600906,96
2025-10,2025-10-09,incumbent,0.04680344248800113,0.07298203159376646,-0.04033449878543569,0.04241497134166907,0.0511919136343332,96
2025-10,2025-10-10,incumbent,0.0626869253641727,0.12247580875401576,-0.02731619210738466,0.033626620988366995,0.0917472297399784,96
2025-10,2025-10-11,incumbent,0.1005094370715317,0.15869572369185925,-0.06922916778936229,0.07945512526369823,0.12156374887936518,96
2025-10,2025-10-12,incumbent,0.19507590805887287,0.25497096757392523,-0.0641128687062585,0.13456586341454171,0.25558595270320406,96
2025-10,2025-10-13,incumbent,0.1841356975326056,0.2248829753119728,-0.05223542088554874,0.1890178504771979,0.17925354458801337,96
2025-10,2025-10-14,incumbent,0.12398747645596504,0.1752558565916794,-0.023564117565153756,0.1582685627557356,0.08970639015619453,96
2025-10,2025-10-15,incumbent,0.11906467705674907,0.17091464068746653,0.06619762408763216,0.10283532319773131,0.13529403091576683,96
2025-10,2025-10-16,incumbent,0.08955328485929165,0.1291012165924914,0.052850870428296094,0.10120229048436384,0.07790427923421946,96
2025-10,2025-10-17,incumbent,0.07825219978594379,0.12248822696056161,0.07168816967774894,0.053161495013115255,0.10334290455877233,96
2025-10,2025-10-18,incumbent,0.10686543846267627,0.18584521337483714,-0.034650713783727194,0.03125374567731789,0.18247713124803464,96
2025-10,2025-10-19,incumbent,0.1885563204454149,0.2692890795726413,0.027072356105484186,0.18795753431830797,0.18915510657252188,96
2025-10,2025-10-20,incumbent,0.09095808418765457,0.1309964601293813,0.025659464482685804,0.04619585036867476,0.1357203180066344,96
2025-10,2025-10-21,incumbent,0.06453893108673875,0.09217292779729451,0.010729826162987463,0.08908179111350552,0.03999607105997197,96
2025-10,2025-10-22,incumbent,0.059908607157519556,0.10673743627965844,-0.015213699048702276,0.040605356477650095,0.079211857837389,96
2025-10,2025-10-23,incumbent,0.08035513116102487,0.10179678131520102,-0.03691302539431291,0.06492762880214362,0.09578263351990617,96
2025-10,2025-10-24,incumbent,0.15251886269411186,0.18255810815799772,-0.06442833484344261,0.12447587879446982,0.18056184659375388,96
2025-10,2025-10-25,incumbent,0.12516900718026794,0.17850232998668547,-0.0010374175794902513,0.19054007619138633,0.059797938169149516,96
2025-10,2025-10-26,incumbent,0.14879755003416648,0.2538652235513708,0.07485089222654512,0.06560517407965626,0.2319899259886767,96
2025-10,2025-10-27,incumbent,0.15165935843351008,0.22617779802773014,0.08122010799066427,0.1713448049229871,0.13197391194403305,96
2025-10,2025-10-28,incumbent,0.1334576664799464,0.16473901559040174,0.039397200291410486,0.10450003546126814,0.16241529749862463,96
2025-10,2025-10-29,incumbent,0.1682455525650084,0.2080098675773315,0.0763562562328383,0.1434852423588432,0.19300586277117357,96
2025-10,2025-10-30,incumbent,0.11012952620363459,0.14422020525354765,0.0040067839514910065,0.09612153555969682,0.12413751684757234,96
2025-10,2025-10-31,incumbent,0.14342947635381814,0.18989052891443953,-0.11373274377507929,0.1231572450924595,0.16370170761517677,96
2025-11,2025-11-01,naive,0.4411579133399867,0.5125877047213621,-0.3558838157019295,0.48316760229540917,0.39914822438456427,96
2025-11,2025-11-02,naive,0.30126736111111113,0.3710063371954477,-0.10902617681304061,0.39914822438456427,0.20338649783765797,96
2025-11,2025-11-03,naive,0.37727207564038584,0.4478240292105792,-0.21055395459081835,0.20338649783765797,0.5511576534431137,96
2025-11,2025-11-04,naive,0.5514078093812375,0.5934561884578413,-0.5271511768130406,0.5511576534431137,0.5516579653193613,96
2025-11,2025-11-05,naive,0.440945380073187,0.5055152214855136,-0.3591477045908184,0.5516579653193613,0.3302327948270127,96
2025-11,2025-11-06,naive,0.4051284774201596,0.4764520625271341,-0.3218560379241517,0.3302327948270127,0.48002416001330667,96
2025-11,2025-11-07,naive,0.4159986121506986,0.48981003878026547,-0.38143937125748506,0.48002416001330667,0.3519730642880905,96
2025-11,2025-11-08,naive,0.3256495706503659,0.39067079478457994,-0.17998103792415168,0.3519730642880905,0.2993260770126414,96
2025-11,2025-11-09,naive,0.24612650220392548,0.2920448178701371,-0.029894232368596146,0.2993260770126414,0.19292692739520959,96
2025-11,2025-11-10,naive,0.3277174037341983,0.4038760420330841,-0.18385256570192945,0.19292692739520959,0.46250788007318694,96
2025-11,2025-11-11,naive,0.38040941554391217,0.44177131203112174,-0.24069284347970724,0.46250788007318694,0.2983109510146374,96
2025-11,2025-11-12,naive,0.24070693508815702,0.28133943785895577,-0.006161593479707253,0.2983109510146374,0.18310291916167665,96
2025-11,2025-11-13,naive,0.18004431241683302,0.21535166711352774,0.04184187874251497,0.18310291916167665,0.17698570567198935,96
2025-11,2025-11-14,naive,0.1535144138805722,0.18418352080154185,-0.009894232368596137,0.17698570567198935,0.13004312208915503,96
2025-11,2025-11-15,naive,0.310338001081171,0.408754009447276,-0.21617895459081837,0.13004312208915503,0.49063288007318695,96
2025-11,2025-11-16,naive,0.3688675877411843,0.43243276889543225,-0.08506784347970726,0.49063288007318695,0.24710229540918163,96
2025-11,2025-11-17,naive,0.3775685140136394,0.4288081839133458,-0.12885256570192946,0.24710229540918163,0.5080347326180972,96
2025-11,2025-11-18,naive,0.37060748814870265,0.42721562341415625,-0.23062339903526277,0.5080347326180972,0.23318024367930804,96
2025-11,2025-11-19,naive,0.24307529732202263,0.25001972422935476,0.1482654898536261,0.23318024367930804,0.2529703509647372,96
2025-11,2025-11-20,naive,0.21017915211244179,0.2376907086151513,0.15107798985362608,0.2529703509647372,0.1673879532601464,96
2025-11,2025-11-21,naive,0.23882260479041917,0.29298357879045406,-0.0366997879241517,0.1673879532601464,0.31025725632069195,96
2025-11,2025-11-22,naive,0.359245181511976,0.4169227328571048,-0.192533121257485,0.31025725632069195,0.40823310670326013,96
2025-11,2025-11-23,naive,0.31372869885229543,0.37612974994337334,-0.05492895459081837,0.40823310670326013,0.21922429100133067,96
2025-11,2025-11-24,naive,0.303924801438789,0.3693476873176076,-0.0349636768130406,0.21922429100133067,0.3886253118762475,96
2025-11,2025-11-25,naive,0.5001703000249501,0.5602530695684936,-0.4169775657019295,0.3886253118762475,0.6117152881736527,96
2025-11,2025-11-26,naive,0.40712199559214907,0.48679013877541993,-0.2847727045908184,0.6117152881736527,0.20252870301064538,96
2025-11,2025-11-27,naive,0.21843884106786426,0.2437344045291694,0.13545298985362605,0.20252870301064538,0.23434897912508315,96
2025-11,2025-11-28,naive,0.22383327615602125,0.23232972863175289,0.22118215652029272,0.23434897912508315,0.2133175731869594,96
2025-11,2025-11-29,naive,0.22184187874251496,0.22931825408470818,0.22184187874251496,0.2133175731869594,0.23036618429807051,96
2025-11,2025-11-30,naive,0.31174046178476383,0.35563852829909676,0.01623423985362608,0.23036618429807051,0.3931147392714571,96
2025-11,2025-11-01,isotonic,0.21351874436575738,0.2528103407631507,-0.1484353645564729,0.20722231422623053,0.21981517450528423,96
2025-11,2025-11-02,isotonic,0.18173385616747526,0.22484593941003753,-0.04531819724803987,0.22343876899476747,0.14002894334018295,96
2025-11,2025-11-03,isotonic,0.17177058520340185,0.2140093427764152,0.026944463153973242,0.16043693730496497,0.18310423310183874,96
2025-11,2025-11-04,isotonic,0.18489307025284077,0.2419965984044753,0.03350733081315721,0.20798346009617688,0.1618026804095046,96
2025-11,2025-11-05,isotonic,0.21816442959763913,0.3041382417601471,-0.1408075974248242,0.12549733431886145,0.31083152487641685,96
2025-11,2025-11-06,isotonic,0.2759021825740486,0.32892437196852464,-0.22591164015248197,0.2917289115267221,0.26007545362137496,96
2025-11,2025-11-07,isotonic,0.2806994482673193,0.3357584509376412,-0.2486322200695643,0.25614692961568314,0.30525196691895545,96
2025-11,2025-11-08,isotonic,0.2795818724703901,0.3467981276401261,-0.19944952319111983,0.3360320762634135,0.22313166867736664,96
2025-11,2025-11-09,isotonic,0.16551895061072722,0.23533057917769679,-0.06592086380966655,0.21115981376470835,0.11987808745674604,96
2025-11,2025-11-10,isotonic,0.22676624478947724,0.2921672131429431,-0.1389730708267353,0.1403426280593442,0.3131898615196103,96
2025-11,2025-11-11,isotonic,0.25366391338974076,0.3164610226449895,-0.17076978395098483,0.32809977686327774,0.17922804991620378,96
2025-11,2025-11-12,isotonic,0.14898695861385136,0.20484307331524887,-0.03912024995514566,0.18577195880913402,0.11220195841856863,96
2025-11,2025-11-13,isotonic,0.1633650575700021,0.22604838633201835,-0.04824652332561565,0.1196411123587849,0.20708900278121933,96
2025-11,2025-11-14,isotonic,0.11369794664776235,0.13711020095508952,0.0031535868682325253,0.11146633569240098,0.11592955760312369,96
2025-11,2025-11-15,isotonic,0.17352953510525548,0.19290825326734534,-0.014757088482632208,0.128635872237246,0.21842319797326504,96
2025-11,2025-11-16,isotonic,0.24558555046623587,0.27067315734807773,0.11009724040235425,0.18347485468302005,0.3076962462494517,96
2025-11,2025-11-17,isotonic,0.23868162785385497,0.2672517975577274,0.04082841054770223,0.25402876885318654,0.2233344868545234,96
2025-11,2025-11-18,isotonic,0.2220349378297073,0.2675349753492815,-0.10497328364118623,0.2298393622141498,0.2142305134452648,96
2025-11,2025-11-19,isotonic,0.13447753132208393,0.16648438312428362,0.012359651881088085,0.17490501702186312,0.09405004562230472,96
2025-11,2025-11-20,isotonic,0.10241056131055443,0.14118585184230453,0.04364089294154911,0.07066973615954808,0.13415138646156077,96
2025-11,2025-11-21,isotonic,0.19981052557604753,0.2637939210329743,-0.05812085003668885,0.15909981901284376,0.24052123213925128,96
2025-11,2025-11-22,isotonic,0.20013769151365726,0.26310349014741324,-0.11371762958699268,0.21355007118500335,0.18672531184231114,96
2025-11,2025-11-23,isotonic,0.15564775519393118,0.21029827856016536,0.0024748339303907094,0.20529337730823385,0.10600213307962851,96
2025-11,2025-11-24,isotonic,0.12572066661020145,0.15238862797371455,0.06385941824697222,0.09852731898386548,0.15291401423653742,96
2025-11,2025-11-25,isotonic,0.19997538902827403,0.2466781419594299,-0.09182083754165254,0.17560411880457202,0.22434665925197603,96
2025-11,2025-11-26,isotonic,0.1873642448423679,0.2365034684214133,-0.11836959772896603,0.22568532270755712,0.14904316697717868,96
2025-11,2025-11-27,isotonic,0.13954371734631899,0.1630270668004433,0.033425193241003015,0.14722607916296643,0.13186135552967151,96
2025-11,2025-11-28,isotonic,0.12854465489178063,0.14629308570532773,0.1259647316118582,0.10514264291064408,0.1519466668729172,96
2025-11,2025-11-29,isotonic,0.10306080467082362,0.11792290141810705,0.10084742842183243,0.12580793015965305,0.08031367918199418,96
2025-11,2025-11-30,isotonic,0.1433037888638877,0.17355279058969952,0.01528186723287299,0.08735168645700699,0.19925589127076834,96
2025-11,2025-11-01,ridge,0.19970147627770443,0.23041719977049813,-0.1139097497928971,0.1935191981961392,0.20588375435926967,96
2025-11,2025-11-02,ridge,0.18052956305128862,0.20899216282859034,-0.014709537809043017,0.2050091650853618,0.15604996101721547,96
2025-11,2025-11-03,ridge,0.15414191785929857,0.2001656797028114,0.047487434795292334,0.16366399896181008,0.14461983675678705,96
2025-11,2025-11-04,ridge,0.15937641417461293,0.23755236934912854,0.10459841702178807,0.1761503801678483,0.14260244818137754,96
2025-11,2025-11-05,ridge,0.21218040025722004,0.2897520275329466,-0.06735376647676732,0.1254965633216927,0.29886423719274735,96
2025-11,2025-11-06,ridge,0.22547150926907514,0.2608278753875879,-0.1385670466676352,0.26447113067307987,0.1864718878650704,96
2025-11,2025-11-07,ridge,0.21555871152173933,0.26920584326514285,-0.15819276326521556,0.17299668971071677,0.2581207333327619,96
2025-11,2025-11-08,ridge,0.24776405872142251,0.3049997387521418,-0.14653514434774553,0.28055913951107936,0.2149689779317657,96
2025-11,2025-11-09,ridge,0.14674820313526293,0.20222924947397058,-0.03572284757473654,0.19169509392721384,0.10180131234331202,96
2025-11,2025-11-10,ridge,0.19227302508607877,0.23773251539672235,-0.09433654535640916,0.12758369481381623,0.2569623553583413,96
2025-11,2025-11-11,ridge,0.22097288407037405,0.26864203195083664,-0.11221025742470182,0.27567995448630617,0.16626581365444196,96
2025-11,2025-11-12,ridge,0.149639553366939,0.2002860592285925,-0.0154965876392175,0.15680357203826528,0.14247553469561272,96
2025-11,2025-11-13,ridge,0.18416829498033602,0.23690086462967294,-0.0419710869389317,0.14605390231333604,0.22228268764733597,96
2025-11,2025-11-14,ridge,0.12752208905672546,0.14980391363965267,0.05466530959068081,0.12542186099071828,0.12962231712273264,96
2025-11,2025-11-15,ridge,0.17470263769112318,0.19709615843724798,0.05271443578745542,0.15353699235486643,0.1958682830273799,96
2025-11,2025-11-16,ridge,0.2461872595102856,0.27893897501915205,0.15832790501165897,0.1580543655818065,0.33432015343876476,96
2025-11,2025-11-17,ridge,0.22695109666767413,0.2604444010570926,0.09307327428735528,0.2802019313880692,0.17370026194727903,96
2025-11,2025-11-18,ridge,0.1877168303530763,0.23064537802275886,-0.06445871704233473,0.1729819634603147,0.2024516972458379,96
2025-11,2025-11-19,ridge,0.10866861103318376,0.14424388954143924,-0.007815135985982545,0.1398028660318482,0.07753435603451934,96
2025-11,2025-11-20,ridge,0.08707335836552708,0.1384383000301736,0.035868631014424175,0.025193963716510965,0.14895275301454317,96
2025-11,2025-11-21,ridge,0.20360218450753578,0.26657678951284575,-0.03386785321392696,0.17326294356122507,0.23394142545384652,96
2025-11,2025-11-22,ridge,0.18545919856439044,0.24347079699904603,-0.07509241313543996,0.2131947855532275,0.15772361157555334,96
2025-11,2025-11-23,ridge,0.1296543885247108,0.18445806018081568,0.01525169603616739,0.17820771086714957,0.08110106618227204,96
2025-11,2025-11-24,ridge,0.12431467432396352,0.15963404794219757,0.06330236440200405,0.08326539273369193,0.1653639559142351,96
2025-11,2025-11-25,ridge,0.1570385338676045,0.21901710574408192,-0.01799809003488904,0.1874931172206423,0.1265839505145667,96
2025-11,2025-11-26,ridge,0.15065420660460407,0.2055232937430737,-0.07793535745192515,0.14825482255737138,0.1530535906518368,96
2025-11,2025-11-27,ridge,0.13833935722518442,0.16648346407958362,0.029141828118466107,0.15519110061897426,0.12148761383139456,96
2025-11,2025-11-28,ridge,0.1350270633402308,0.16025904799659202,0.13309936161762162,0.0905545311659981,0.17949959551446346,96
2025-11,2025-11-29,ridge,0.11024036542792374,0.1364306925604106,0.10800363000262754,0.14572572012112442,0.07475501073472308,96
2025-11,2025-11-30,ridge,0.1250048931119143,0.15749645117937552,0.03190842976693372,0.08216944519419378,0.16784034102963483,96
2025-11,2025-11-01,elastic_net,0.19856528636747148,0.22934083793309143,-0.11084401429845274,0.18903925780596956,0.20809131492897337,96
2025-11,2025-11-02,elastic_net,0.18140917226505845,0.21018183373814533,-0.013576038768376153,0.2070605205724226,0.15575782395769433,96
2025-11,2025-11-03,elastic_net,0.15458995469269482,0.20070457568975328,0.050240002085474134,0.16460469692174412,0.14457521246364555,96
2025-11,2025-11-04,elastic_net,0.15876230024728144,0.237539926023395,0.1033167779803112,0.17777612188704559,0.1397484786075173,96
2025-11,2025-11-05,elastic_net,0.2126714422832425,0.2922999458813108,-0.07465853837839824,0.12318025744948162,0.3021626271170033,96
2025-11,2025-11-06,elastic_net,0.23142232787035014,0.26805043202660894,-0.14958273794890212,0.2666268573386873,0.19621779840201306,96
2025-11,2025-11-07,elastic_net,0.2206336861363852,0.2724392432561983,-0.16523071368239242,0.18149477479551987,0.2597725974772505,96
2025-11,2025-11-08,elastic_net,0.24991355596067275,0.30683487581653623,-0.14707561385040432,0.2820174804984428,0.21780963142290263,96
2025-11,2025-11-09,elastic_net,0.14907404273030572,0.20430026936834259,-0.03534220778904712,0.1959445709212716,0.10220351453933983,96
2025-11,2025-11-10,elastic_net,0.19460945888027684,0.2405078539125137,-0.09557240431406862,0.12877881167883795,0.2604401060817158,96
2025-11,2025-11-11,elastic_net,0.22290306505680915,0.2699079822362927,-0.11199625251293215,0.27988239563263784,0.16592373448098058,96
2025-11,2025-11-12,elastic_net,0.15071781566852685,0.19995572609403833,-0.011378597705407308,0.15576028057149163,0.14567535076556207,96
2025-11,2025-11-13,elastic_net,0.18585855819100272,0.23613843167616552,-0.03508076322436687,0.15219407002663604,0.21952304635536937,96
2025-11,2025-11-14,elastic_net,0.13018516382560733,0.1520278096324392,0.059510609586302415,0.1283667163270349,0.1320036113241798,96
2025-11,2025-11-15,elastic_net,0.17777872612120607,0.20022904889037177,0.055667721065796934,0.157282226405401,0.19827522583701118,96
2025-11,2025-11-16,elastic_net,0.25161723681065246,0.28433884043447455,0.16295535517505502,0.16012427200056745,0.34311020162073746,96
2025-11,2025-11-17,elastic_net,0.23252508433361863,0.26591089700016796,0.09958986706822054,0.2909434039527199,0.1741067647145174,96
2025-11,2025-11-18,elastic_net,0.18798858928130527,0.22923204992338078,-0.057730710913155986,0.17267033886475092,0.20330683969785965,96
2025-11,2025-11-19,elastic_net,0.11175879989589316,0.14299269726501723,0.0024128990034936117,0.13667235101758077,0.08684524877420552,96
2025-11,2025-11-20,elastic_net,0.09208393319012981,0.1420494986963995,0.046578188451388856,0.03095538766414534,0.1532124787161143,96
2025-11,2025-11-21,elastic_net,0.20759573738370243,0.2668468390833819,-0.024493899287375564,0.18124322219393832,0.23394825257346652,96
2025-11,2025-11-22,elastic_net,0.18687984920340472,0.24134297228337412,-0.0686716289619682,0.21338458132089988,0.16037511708590957,96
2025-11,2025-11-23,elastic_net,0.13353007780850923,0.18542413825301052,0.021360730066345562,0.1807167686550163,0.08634338696200215,96
2025-11,2025-11-24,elastic_net,0.1296743959685359,0.1634034748552459,0.0737144387265432,0.0912383109694247,0.1681104809676471,96
2025-11,2025-11-25,elastic_net,0.15765346919035797,0.21936808993432083,-0.013569241011708984,0.19012785483142638,0.12517908354928955,96
2025-11,2025-11-26,elastic_net,0.14930366818610047,0.20376773469931544,-0.07242484885834202,0.14639192019943337,0.15221541617276757,96
2025-11,2025-11-27,elastic_net,0.14074233160113114,0.16766160600179839,0.037087732483258584,0.1548675043647292,0.1266171588375331,96
2025-11,2025-11-28,elastic_net,0.14043200091179753,0.16468079377585879,0.13891855373258918,0.09556770452286684,0.18529629730072816,96
2025-11,2025-11-29,elastic_net,0.11544291682712556,0.14077706776422053,0.11341508701301885,0.15242633597704394,0.07845949767720718,96
2025-11,2025-11-30,elastic_net,0.13001495118540016,0.16193032105415503,0.03488705232551589,0.08707912534393847,0.17295077702686187,96
2025-11,2025-11-01,random_forest,0.1603058668045132,0.1973161749365542,-0.0937044780410452,0.14626236792584182,0.17434936568318457,96
2025-11,2025-11-02,random_forest,0.1687843945601768,0.20057275345083828,-0.0012302893659098812,0.190358003853185,0.1472107852671686,96
2025-11,2025-11-03,random_forest,0.14534828960100393,0.19843787335890142,0.047082083302944645,0.15416813158894904,0.13652844761305885,96
2025-11,2025-11-04,random_forest,0.16537385144867334,0.26343976197510754,0.12811206435652298,0.1784800250348042,0.1522676778625425,96
2025-11,2025-11-05,random_forest,0.21898492091513289,0.31597155808020494,-0.07930612741575051,0.12137795090394121,0.3165918909263245,96
2025-11,2025-11-06,random_forest,0.20384440027733022,0.2621953432769709,-0.143688112672869,0.26145494608586156,0.14623385446879886,96
2025-11,2025-11-07,random_forest,0.18039010126725522,0.23658258335083027,-0.1318897145703564,0.13450288979860714,0.22627731273590332,96
2025-11,2025-11-08,random_forest,0.22326182958367588,0.2754187065194382,-0.14842047558272595,0.24848702322518512,0.19803663594216667,96
2025-11,2025-11-09,random_forest,0.14422846169862846,0.2064671866903027,-0.06278232695650293,0.18098086698097093,0.107476056416286,96
2025-11,2025-11-10,random_forest,0.1685726214577754,0.21699202563934614,-0.10989270787068266,0.12199160370090738,0.21515363921464337,96
2025-11,2025-11-11,random_forest,0.19496849185820975,0.23872702947836372,-0.10405210188257079,0.22704715668752476,0.1628898270288947,96
2025-11,2025-11-12,random_forest,0.13940251226010766,0.18963038833909518,-0.005283156979950414,0.14402451278417663,0.13478051173603875,96
2025-11,2025-11-13,random_forest,0.17575003748561216,0.2392082278196671,-0.06738472508711585,0.12314047532075466,0.2283595996504697,96
2025-11,2025-11-14,random_forest,0.120427082190535,0.15531009489818334,0.06261114206660719,0.11768551927325112,0.12316864510781889,96
2025-11,2025-11-15,random_forest,0.16634790104557765,0.2026232016417676,0.08089502257391927,0.15399717354699383,0.17869862854416152,96
2025-11,2025-11-16,random_forest,0.24873224569007676,0.29080781205445244,0.18675715545930874,0.14165467387853117,0.3558098175016222,96
2025-11,2025-11-17,random_forest,0.22130093729762446,0.2609278131128884,0.12207930265236855,0.28683014293561127,0.15577173165963762,96
2025-11,2025-11-18,random_forest,0.1800246222407106,0.2259578509971438,-0.04927684248120984,0.1544247984961237,0.20562444598529747,96
2025-11,2025-11-19,random_forest,0.11814957293822222,0.155957046726963,-0.006520633816128622,0.15601980283251174,0.08027934304393274,96
2025-11,2025-11-20,random_forest,0.09486637271912361,0.14222459894342143,0.054286668076169144,0.04093916014360637,0.14879358529464085,96
2025-11,2025-11-21,random_forest,0.21068785402599474,0.27062265129969465,-0.02241965460280686,0.19194798132965665,0.2294277267223328,96
2025-11,2025-11-22,random_forest,0.16006616527452355,0.213751428737278,-0.06324958061159726,0.19270050150797105,0.127431829041076,96
2025-11,2025-11-23,random_forest,0.1119424312012775,0.1556714809631796,0.019148975502097362,0.14699847659440063,0.07688638580815438,96
2025-11,2025-11-24,random_forest,0.11536960043764806,0.1585015883901619,0.07608816520610712,0.07464545646933145,0.15609374440596466,96
2025-11,2025-11-25,random_forest,0.14587245756387146,0.21285209793952511,-0.0011193648946230123,0.17428200787515724,0.11746290725258564,96
2025-11,2025-11-26,random_forest,0.14264750707169657,0.20071272795202771,-0.0741880653622732,0.12893905850681747,0.15635595563657564,96
2025-11,2025-11-27,random_forest,0.13321243973284366,0.1635980306043018,0.011987489670139573,0.1573287262976264,0.10909615316806094,96
2025-11,2025-11-28,random_forest,0.11666045214582142,0.14908650656605762,0.11431794288133817,0.07049641103682731,0.16282449325481552,96
2025-11,2025-11-29,random_forest,0.0896475038104727,0.11466904995015596,0.0816312053092356,0.11450759776212567,0.06478740985881977,96
2025-11,2025-11-30,random_forest,0.10486711445199977,0.13351586682491356,0.028427199892144265,0.06464987434127656,0.145084354562723,96
2025-11,2025-11-01,extra_trees,0.16841079963249947,0.1990455231297004,-0.09744178994040846,0.16226044548534618,0.17456115377965273,96
2025-11,2025-11-02,extra_trees,0.1615021215194693,0.1915715558871712,-0.0027995394093119283,0.17686252559563398,0.1461417174433046,96
2025-11,2025-11-03,extra_trees,0.14745851252905628,0.19811677316142956,0.05051173016588365,0.15860219788325122,0.13631482717486132,96
2025-11,2025-11-04,extra_trees,0.1623505367266479,0.2527278971086823,0.1137478758712052,0.17483090427672857,0.14987016917656726,96
2025-11,2025-11-05,extra_trees,0.21965369109369112,0.31536449669257877,-0.08620634857495864,0.12082178707245446,0.3184855951149277,96
2025-11,2025-11-06,extra_trees,0.20840089896243644,0.26332542379865226,-0.15480515733703043,0.25739969260248974,0.1594021053223832,96
2025-11,2025-11-07,extra_trees,0.1959820505173373,0.2588815455059214,-0.14820149986813838,0.1380325592553292,0.2539315417793454,96
2025-11,2025-11-08,extra_trees,0.2346274379680824,0.2923336595630652,-0.15722929274798528,0.2764003857677573,0.19285449016840742,96
2025-11,2025-11-09,extra_trees,0.1381037966779391,0.19926724440405502,-0.05837215305680744,0.17091812939879045,0.10528946395708776,96
2025-11,2025-11-10,extra_trees,0.17393095947129567,0.230543845885121,-0.11663165541814025,0.11488581129063243,0.2329761076519589,96
2025-11,2025-11-11,extra_trees,0.19746773010000843,0.25022399904635423,-0.09992196350766419,0.24110888285361645,0.15382657734640046,96
2025-11,2025-11-12,extra_trees,0.13879942294354644,0.19098417553449246,-0.008800845188122268,0.1450787710265019,0.132520074860591,96
2025-11,2025-11-13,extra_trees,0.1731989599992815,0.2372687336231792,-0.06307230779540203,0.12871099001810424,0.21768692998045883,96
2025-11,2025-11-14,extra_trees,0.11172828445280447,0.1376814730244919,0.048326991883194115,0.10625144118894898,0.11720512771665996,96
2025-11,2025-11-15,extra_trees,0.16554957290348746,0.1965047353079359,0.06948216046268163,0.1504549506920578,0.18064419511491714,96
2025-11,2025-11-16,extra_trees,0.243005674740687,0.28168175636661996,0.17153384327893353,0.1493795047012533,0.33663184478012065,96
2025-11,2025-11-17,extra_trees,0.21020225378460888,0.2500548693102153,0.10805667828499145,0.2695114635837686,0.15089304398544923,96
2025-11,2025-11-18,extra_trees,0.18559448433452297,0.22888602157368365,-0.05077699359574018,0.16100724224671167,0.21018172642233424,96
2025-11,2025-11-19,extra_trees,0.12445096525144798,0.15454857922014875,0.005292738682304066,0.1562584819524153,0.09264344855048068,96
2025-11,2025-11-20,extra_trees,0.09849010176824032,0.13950045409139714,0.056474619017630366,0.046517061335026304,0.15046314220145438,96
2025-11,2025-11-21,extra_trees,0.20899620760880344,0.27118904958208995,-0.021279694082613276,0.18573025942436394,0.23226215579324302,96
2025-11,2025-11-22,extra_trees,0.16186355132721378,0.21823164634782746,-0.0718199892144163,0.19815243539156635,0.12557466726286126,96
2025-11,2025-11-23,extra_trees,0.11704639962809214,0.16331358159884515,0.02444303181903938,0.1528117506331611,0.08128104862302318,96
2025-11,2025-11-24,extra_trees,0.11272131791246469,0.15760159102686708,0.07311379481707712,0.07462742576255832,0.15081521006237109,96
2025-11,2025-11-25,extra_trees,0.149982781061177,0.2134112930595999,-0.017771520433160947,0.1692107470625036,0.13075481505985045,96
2025-11,2025-11-26,extra_trees,0.14415042511966328,0.1972694865335058,-0.07669210383080097,0.13933688842334338,0.14896396181598318,96
2025-11,2025-11-27,extra_trees,0.13745424954946575,0.16448733094124302,0.01848273459200457,0.15575012284565673,0.11915837625327473,96
2025-11,2025-11-28,extra_trees,0.1186950339538533,0.14573302328063442,0.1175495100549185,0.07610045741738074,0.16128961049032586,96
2025-11,2025-11-29,extra_trees,0.1013284960170459,0.12542207264784824,0.09619209559466087,0.1264191213133703,0.07623787072072145,96
2025-11,2025-11-30,extra_trees,0.11026837308386439,0.13978639749800026,0.03766962517971902,0.0749669639050644,0.1455697822626644,96
2025-11,2025-11-01,hist_gradient_boosting,0.17791639878436064,0.20865197948322936,-0.09306831632012703,0.18677845762133774,0.16905433994738353,96
2025-11,2025-11-02,hist_gradient_boosting,0.1580586136833958,0.19009161666635474,-0.00211192675908208,0.17846815160188326,0.13764907576490829,96
2025-11,2025-11-03,hist_gradient_boosting,0.14780690501458152,0.19455763113127006,0.034123684584370706,0.1449732707974649,0.15064053923169815,96
2025-11,2025-11-04,hist_gradient_boosting,0.16200625010750636,0.24750552099746267,0.10303134326378516,0.18204205058212972,0.141970449632883,96
2025-11,2025-11-05,hist_gradient_boosting,0.20996875097791437,0.30589864468008315,-0.08692782384697195,0.12150074624956107,0.29843675570626776,96
2025-11,2025-11-06,hist_gradient_boosting,0.19298992385676703,0.24460032718326633,-0.08832794922991265,0.27085581042744517,0.11512403728608885,96
2025-11,2025-11-07,hist_gradient_boosting,0.18503153117220097,0.25229793043638676,-0.11210588370529036,0.12241214217611869,0.2476509201682832,96
2025-11,2025-11-08,hist_gradient_boosting,0.2372969900946991,0.29320600955571635,-0.1395578428584527,0.2731825182646075,0.20141146192479065,96
2025-11,2025-11-09,hist_gradient_boosting,0.14538395337021684,0.20312559409491432,-0.052085490788202404,0.1793490175243467,0.11141888921608695,96
2025-11,2025-11-10,hist_gradient_boosting,0.16951436122560973,0.21861400110061024,-0.10031087665811457,0.12871105448452977,0.21031766796668974,96
2025-11,2025-11-11,hist_gradient_boosting,0.18042569836682984,0.2344553201588489,-0.08464964830352606,0.20896348474565576,0.1518879119880039,96
2025-11,2025-11-12,hist_gradient_boosting,0.1437348550765896,0.1942864542755738,-0.002827235731938278,0.14592410463465702,0.14154560551852216,96
2025-11,2025-11-13,hist_gradient_boosting,0.17799669874125826,0.24005321428812484,-0.05278364479053483,0.142711985423393,0.21328141205912354,96
2025-11,2025-11-14,hist_gradient_boosting,0.11629669719536717,0.14121261335688295,0.05604981164910794,0.1126895889645081,0.11990380542622624,96
2025-11,2025-11-15,hist_gradient_boosting,0.15962282980023532,0.19964150962862226,0.09005578018907778,0.15002487493084868,0.16922078466962187,96
2025-11,2025-11-16,hist_gradient_boosting,0.24850141446986687,0.29743270984745956,0.1952158845489883,0.12900181805719582,0.36800101088253795,96
2025-11,2025-11-17,hist_gradient_boosting,0.2176927553861565,0.26206757221028093,0.13455485147483204,0.29220036309637876,0.1431851476759343,96
2025-11,2025-11-18,hist_gradient_boosting,0.18705386435050494,0.23202874238941107,-0.0396149376567562,0.15481250878278663,0.2192952199182232,96
2025-11,2025-11-19,hist_gradient_boosting,0.12349465588845476,0.154645965373559,0.005627426318960106,0.1610716355449531,0.08591767623195641,96
2025-11,2025-11-20,hist_gradient_boosting,0.10542262887179182,0.14457437602432469,0.06382305593365542,0.0655342871555537,0.14531097058802994,96
2025-11,2025-11-21,hist_gradient_boosting,0.199818675666809,0.2616922722848549,-0.007295356813159942,0.18297618248659578,0.21666116884702227,96
2025-11,2025-11-22,hist_gradient_boosting,0.15741265393925008,0.21144101696953027,-0.0643400566803763,0.20537505363412178,0.10945025424437838,96
2025-11,2025-11-23,hist_gradient_boosting,0.11849875925458009,0.15976203250020696,0.0363959026937082,0.14942142900782565,0.08757608950133451,96
2025-11,2025-11-24,hist_gradient_boosting,0.12754475650193672,0.1701211699372462,0.09283357123862744,0.09036330067712217,0.16472621232675122,96
2025-11,2025-11-25,hist_gradient_boosting,0.15252642343980127,0.21333831393197333,-9.334026445554737e-05,0.18018951100620273,0.12486333587339986,96
2025-11,2025-11-26,hist_gradient_boosting,0.13802808574529554,0.1911437948760464,-0.08387969191098472,0.13330110123316485,0.14275507025742623,96
2025-11,2025-11-27,hist_gradient_boosting,0.12490718137393218,0.15737826138638572,0.005183820533383453,0.14517766396711632,0.10463669878074798,96
2025-11,2025-11-28,hist_gradient_boosting,0.12185587087846521,0.1541375141752161,0.11813998274130855,0.06774185456443997,0.17596988719249043,96
2025-11,2025-11-29,hist_gradient_boosting,0.09786273828914555,0.12523724310451062,0.09325845808222256,0.12881646111020825,0.06690901546808287,96
2025-11,2025-11-30,hist_gradient_boosting,0.10405976322248817,0.12991044372820315,0.03765365285133874,0.06723814552374785,0.14088138092122848,96
2025-11,2025-11-01,catboost,0.1396742554275745,0.18014985400858394,-0.08180330718906946,0.14295351717662744,0.13639499367852156,96
2025-11,2025-11-02,catboost,0.13518219523815017,0.17774017787208607,-0.033654776911734456,0.1399811484463719,0.13038324202992846,96
2025-11,2025-11-03,catboost,0.1287744533519312,0.19625374884698127,0.027941413963988637,0.13302307744751243,0.12452582925634996,96
2025-11,2025-11-04,catboost,0.15689862586370074,0.2661000830034458,0.1447768579142205,0.15988981215677867,0.15390743957062278,96
2025-11,2025-11-05,catboost,0.23142324792630817,0.34428489086724895,-0.08916772239362096,0.12856574830622278,0.3342807475463936,96
2025-11,2025-11-06,catboost,0.21314138321445208,0.2897924091615477,-0.16493140149350163,0.2885618559524894,0.13772091047641474,96
2025-11,2025-11-07,catboost,0.2342020711460839,0.31582047341386366,-0.1783712377864289,0.14318934231375866,0.3252147999784092,96
2025-11,2025-11-08,catboost,0.2686396216693168,0.34947085863522165,-0.2270665175117327,0.35923919984301794,0.1780400434956159,96
2025-11,2025-11-09,catboost,0.13893240045162095,0.21347735719364297,-0.09816890714093189,0.16885219627478407,0.10901260462845781,96
2025-11,2025-11-10,catboost,0.18683226174484735,0.26168543771119335,-0.13938136785225136,0.13184659581280037,0.24181792767689436,96
2025-11,2025-11-11,catboost,0.19969040508066668,0.28131197701641675,-0.13757490161652744,0.24609384000617052,0.1532869701551628,96
2025-11,2025-11-12,catboost,0.1398352699607848,0.21072403843866006,-0.06927425246304104,0.1649355591660219,0.11473498075554778,96
2025-11,2025-11-13,catboost,0.18130750538615836,0.2602744774112708,-0.11339496334496935,0.1216923667127181,0.24092264405959854,96
2025-11,2025-11-14,catboost,0.09975985943523365,0.13301966109755584,-0.030593413089705198,0.08914694794457112,0.11037277092589619,96
2025-11,2025-11-15,catboost,0.1195537885115252,0.1617050925840115,0.056671977030661035,0.1154062098577671,0.1237013671652833,96
2025-11,2025-11-16,catboost,0.18603781475892447,0.25039218320312107,0.1620827350704357,0.08191967695668075,0.2901559525611683,96
2025-11,2025-11-17,catboost,0.1903750659924988,0.24017042717062942,0.10666270392605538,0.22723309391401228,0.15351703807098527,96
2025-11,2025-11-18,catboost,0.18549793899426983,0.24441560850528693,-0.06873209691270453,0.17195898771074422,0.19903689027779545,96
2025-11,2025-11-19,catboost,0.09718346855326655,0.16510797153026296,-0.053810482573671325,0.1661989046502397,0.02816803245629343,96
2025-11,2025-11-20,catboost,0.07153423790520659,0.13396020259335167,-3.3343819854733205e-05,0.012726908553814248,0.13034156725659893,96
2025-11,2025-11-21,catboost,0.19430814846032574,0.2769052451749786,-0.07751977989631971,0.14154524731716053,0.247071049603491,96
2025-11,2025-11-22,catboost,0.1605660860389077,0.23805001408093512,-0.09581483694599936,0.21498606694671088,0.10614610513110455,96
2025-11,2025-11-23,catboost,0.09774294528410193,0.16361027923971586,3.995387083327468e-05,0.14325242021712145,0.052233470351082424,96
2025-11,2025-11-24,catboost,0.0961887246537903,0.15517381271328062,0.06788299876549758,0.058810142033359984,0.13356730727422061,96
2025-11,2025-11-25,catboost,0.13390583337506431,0.21675576569964708,-0.001356241109128824,0.15585200835081245,0.11195965839931617,96
2025-11,2025-11-26,catboost,0.1346434079349241,0.20236297285878224,-0.09343219547723496,0.11721349817497502,0.15207331769487317,96
2025-11,2025-11-27,catboost,0.12195109784126834,0.16918777200517077,-0.03810466304654322,0.17018385801833544,0.07371833766420123,96
2025-11,2025-11-28,catboost,0.06168116617876849,0.09038808034413016,0.05817645953768633,0.03485362968985355,0.08850870266768344,96
2025-11,2025-11-29,catboost,0.052746691683534734,0.07738890842559332,0.03547051794447307,0.06823568926683006,0.0372576941002394,96
2025-11,2025-11-30,catboost,0.07050818888492373,0.09854495047296374,0.010438248943513237,0.037316836402472985,0.10369954136737448,96
2025-11,2025-11-01,mlp,0.19723726315286902,0.23100711393558016,-0.10183194752258602,0.20082528862160165,0.19364923768413642,96
2025-11,2025-11-02,mlp,0.16665962320557487,0.19660977637673016,0.02905352979368811,0.17562894988261113,0.15769029652853864,96
2025-11,2025-11-03,mlp,0.14815725629885848,0.1972686321003793,0.04739515485710294,0.1495758097476928,0.14673870285002422,96
2025-11,2025-11-04,mlp,0.16461490669347076,0.2539450733925245,0.11264821076917049,0.18879983667052422,0.14042997671641733,96
2025-11,2025-11-05,mlp,0.1919064732026814,0.2658501831623116,-0.0586736204061773,0.12430169385346092,0.2595112525519019,96
2025-11,2025-11-06,mlp,0.17632862897247123,0.2116050147503197,-0.06624845183473142,0.23116977558601667,0.12148748235892577,96
2025-11,2025-11-07,mlp,0.1903839425329612,0.25038574287476834,-0.06612173008654806,0.13014827770503948,0.250619607360883,96
2025-11,2025-11-08,mlp,0.2203778518727453,0.2780885632813112,-0.09751650468025952,0.2544051458970194,0.18635055784847124,96
2025-11,2025-11-09,mlp,0.1349647077555208,0.18748483076188688,-0.044537846684458704,0.1438350127038826,0.12609440280715897,96
2025-11,2025-11-10,mlp,0.1646804280456918,0.2125344972285675,-0.11759794032833433,0.13499785552509375,0.19436300056628988,96
2025-11,2025-11-11,mlp,0.18943654528650558,0.23386081265519698,-0.07442468236927262,0.21471363303590887,0.1641594575371023,96
2025-11,2025-11-12,mlp,0.14326285825820503,0.20434109410939597,-0.019983390237196537,0.13769322279118235,0.1488324937252277,96
2025-11,2025-11-13,mlp,0.15495091386847396,0.2241150904664682,-0.0758490257693003,0.1259424606727451,0.18395936706420282,96
2025-11,2025-11-14,mlp,0.11327626745868351,0.14768231687700092,0.024306323921785892,0.11586917591919721,0.11068335899816979,96
2025-11,2025-11-15,mlp,0.15195457046742386,0.1819307850267276,0.025536998179110624,0.11200936788738243,0.19189977304746533,96
2025-11,2025-11-16,mlp,0.22237905491354218,0.2501794261885194,0.1546305311323956,0.14366238729650985,0.30109572253057454,96
2025-11,2025-11-17,mlp,0.19735013339148602,0.22478947966050203,0.04459842803974018,0.21620771493551527,0.17849255184745683,96
2025-11,2025-11-18,mlp,0.18548365365593453,0.22442476057401484,-0.06681677487667012,0.15966781672914043,0.21129949058272857,96
2025-11,2025-11-19,mlp,0.12146484572757876,0.17382829476891215,-0.03314594539290482,0.16889055574602838,0.07403913570912918,96
2025-11,2025-11-20,mlp,0.08567259423517283,0.1292642149376395,0.027591846274921648,0.038421630105128265,0.13292355836521738,96
2025-11,2025-11-21,mlp,0.21261760133504368,0.2945414697549546,-0.05768195144531522,0.1589840443568515,0.26625115831323587,96
2025-11,2025-11-22,mlp,0.16606739509527282,0.2438343659026781,-0.1043943726155171,0.20396881215357812,0.12816597803696758,96
2025-11,2025-11-23,mlp,0.1081679743733666,0.1551432989650813,0.005626105288447428,0.15350387595960382,0.06283207278712936,96
2025-11,2025-11-24,mlp,0.10762751375496475,0.14989476826901113,0.05127540266319099,0.06309458108246037,0.15216044642746915,96
2025-11,2025-11-25,mlp,0.12858347450761565,0.1887684194447398,-0.0065356933874974495,0.1594616082060296,0.0977053408092017,96
2025-11,2025-11-26,mlp,0.1436009573928697,0.2022367419268835,-0.08224276984142163,0.11210598504381186,0.1750959297419276,96
2025-11,2025-11-27,mlp,0.12186969620119725,0.16716092680118855,-0.024056252545823328,0.17614087405542186,0.06759851834697268,96
2025-11,2025-11-28,mlp,0.11593820214745505,0.15424694557003277,0.10831636596793805,0.05863139470189401,0.17324500959301614,96
2025-11,2025-11-29,mlp,0.10596175775532468,0.13424146515603536,0.08696976759920716,0.13587570545466618,0.07604781005598321,96
2025-11,2025-11-30,mlp,0.10103162326337718,0.1341293738358527,0.02530510955834607,0.06818403118913248,0.1338792153376219,96
2025-11,2025-11-01,incumbent,0.1418811441241355,0.18375547737850273,-0.08465620593512861,0.158228761361498,0.125533526886773,96
2025-11,2025-11-02,incumbent,0.13380542683415328,0.17976622391835842,-0.034296529151338496,0.12861790419351116,0.1389929494747954,96
2025-11,2025-11-03,incumbent,0.13454826143628315,0.19735242417223228,0.004517746420061356,0.1375425606000165,0.13155396227254976,96
2025-11,2025-11-04,incumbent,0.1611571972536581,0.2604784648674732,0.12655112740650354,0.1664794666123006,0.1558349278950156,96
2025-11,2025-11-05,incumbent,0.22571547518814117,0.3350153062978462,-0.0855952302165545,0.12983149359359528,0.32159945678268714,96
2025-11,2025-11-06,incumbent,0.19781870489138553,0.2698386809734594,-0.13579604005084492,0.2745204026172653,0.12111700716550579,96
2025-11,2025-11-07,incumbent,0.20935617814732885,0.28793362996125743,-0.1470071950544165,0.12766017604682936,0.2910521802478283,96
2025-11,2025-11-08,incumbent,0.2530232875307073,0.32542186347089497,-0.19688797038682126,0.3238334777124239,0.18221309734899072,96
2025-11,2025-11-09,incumbent,0.13903978323688665,0.21064470057010617,-0.08920231290481741,0.16383063397750722,0.1142489324962661,96
2025-11,2025-11-10,incumbent,0.17600459254430925,0.24669364115248651,-0.1300701487416813,0.1298434644834883,0.2221657206051302,96
2025-11,2025-11-11,incumbent,0.17689166037219986,0.2562340243316439,-0.09900006157538292,0.22355882268351399,0.13022449806088576,96
2025-11,2025-11-12,incumbent,0.1357766649090958,0.20499874882758268,-0.050249101627664126,0.1402581753922719,0.13129515442591966,96
2025-11,2025-11-13,incumbent,0.175958827842935,0.2546485686864759,-0.11016626085998966,0.12351756170662014,0.22840009397924987,96
2025-11,2025-11-14,incumbent,0.0967320255867102,0.12495094985911497,0.009929516371743352,0.08999424524159479,0.10346980593182557,96
2025-11,2025-11-15,incumbent,0.13542878410658135,0.1817724278738015,0.08541381756192752,0.13055655548620262,0.14030101272696008,96
2025-11,2025-11-16,incumbent,0.2007963014209532,0.2683240424713038,0.18018982828100297,0.08856102865272743,0.313031574189179,96
2025-11,2025-11-17,incumbent,0.19951353559599028,0.2506753210379137,0.12972904225594162,0.2509443968243875,0.14808267436759312,96
2025-11,2025-11-18,incumbent,0.1845797125399622,0.2363013656045496,-0.05479212183558143,0.16141962392596507,0.2077398011539593,96
2025-11,2025-11-19,incumbent,0.09810433949344366,0.1642125291001488,-0.05082267532274007,0.16527316689728258,0.030935512089604753,96
2025-11,2025-11-20,incumbent,0.07647721997440361,0.13471847638175055,0.018213287993691166,0.016108058853217366,0.13684638109558986,96
2025-11,2025-11-21,incumbent,0.2099844072041467,0.29500161632666316,-0.0632234497777353,0.1612228818286651,0.25874593257962836,96
2025-11,2025-11-22,incumbent,0.15816124384828847,0.23638717278645366,-0.08808607183773741,0.2151895992204774,0.10113288847609958,96
2025-11,2025-11-23,incumbent,0.08804240685296828,0.1513653283279668,0.0059437709377021496,0.13414686474687423,0.04193794895906234,96
2025-11,2025-11-24,incumbent,0.08981826733376559,0.15123042949918167,0.06582520503945699,0.04552630666665795,0.13411022800087324,96
2025-11,2025-11-25,incumbent,0.13168644398641036,0.2125704304535838,0.0020765210977663436,0.15219459383890627,0.11117829413391445,96
2025-11,2025-11-26,incumbent,0.13228090780331916,0.20094986735201426,-0.10169662401779293,0.11185118712438151,0.1527106284822568,96
2025-11,2025-11-27,incumbent,0.11492453847297068,0.16989318072503382,-0.05937112280143105,0.17131079918005335,0.05853827776588799,96
2025-11,2025-11-28,incumbent,0.07271486578721816,0.10636353351875134,0.06492144841627737,0.03119169715963539,0.11423803441480092,96
2025-11,2025-11-29,incumbent,0.062286130750435376,0.09235292755040056,0.04419826818682551,0.08405932540291446,0.040512936097956295,96
2025-11,2025-11-30,incumbent,0.07391168344099025,0.10322198384773346,0.02038027337730301,0.038157962697184224,0.10966540418479627,96
2025-12,2025-12-01,naive,0.362024339266451,0.3759435473020287,0.1266292475728155,0.38265068770226535,0.34139799083063643,96
2025-12,2025-12-02,naive,0.25313301837725377,0.27808586556988385,0.21581327535059328,0.34139799083063643,0.16486804592387114,96
2025-12,2025-12-03,naive,0.2352798967483433,0.25674410449556717,0.2058653586839266,0.16486804592387114,0.30569174757281553,96
2025-12,2025-12-04,naive,0.32807021979503775,0.3339739000819705,0.32807021979503775,0.30569174757281553,0.35044869201725987,96
2025-12,2025-12-05,naive,0.3316542658730159,0.34223746461376153,0.2957091086839266,0.35044869201725987,0.31285983972877174,96
2025-12,2025-12-06,naive,0.3087524560795192,0.327589977945742,0.2676709142394822,0.31285983972877174,0.30464507243026656,96
2025-12,2025-12-07,naive,0.3052898655416859,0.3377536219250234,0.13721952535059326,0.30464507243026656,0.30593465865310526,96
2025-12,2025-12-08,naive,0.34744649599321925,0.38534604577517234,-0.06330130798274003,0.30593465865310526,0.38895833333333335,96
2025-12,2025-12-09,naive,0.45866048250388997,0.4817585412753186,-0.3129629497064511,0.38895833333333335,0.5330094416191504,93
2025-12,2025-12-10,naive,0.48714977436732393,0.5124825489046957,-0.3926864434460994,0.5330094416191504,0.443241582317703,92
2025-12,2025-12-11,naive,0.5118672250080017,0.5351887731503819,-0.4163658355052252,0.443241582317703,0.5851718887908208,91
2025-12,2025-12-12,naive,0.4432524975376389,0.4800855867963656,-0.3021669480793584,0.5851718887908208,0.3131597222222222,92
2025-12,2025-12-13,naive,0.3338371426645092,0.3820206799575912,-0.13547144687162893,0.3131597222222222,0.35451456310679613,96
2025-12,2025-12-14,naive,0.39692809466019413,0.43858451761790124,-0.24779783576051784,0.35451456310679613,0.4393416262135923,96
2025-12,2025-12-15,naive,0.4089763686623517,0.4408503974135328,-0.15234644687162893,0.4393416262135923,0.37861111111111106,96
2025-12,2025-12-16,naive,0.34019728097549695,0.3696832267186179,0.09463271979503773,0.37861111111111106,0.30178345083988284,96
2025-12,2025-12-17,naive,0.3155740002311604,0.35213379596672734,0.0015250809061488509,0.30178345083988284,0.329364549622438,96
2025-12,2025-12-18,naive,0.38938191073354905,0.4292212603849073,-0.24324922464940668,0.329364549622438,0.4493992718446602,96
2025-12,2025-12-19,naive,0.3824896218600709,0.41580223238482183,-0.06616589131607338,0.4493992718446602,0.31557997187548154,96
2025-12,2025-12-20,naive,0.24651116312220678,0.293961960192126,0.022115358683926622,0.31557997187548154,0.17744235436893205,96
2025-12,2025-12-21,naive,0.2795545105177994,0.33627543735087123,-0.08564505798274002,0.17744235436893205,0.38166666666666665,96
2025-12,2025-12-22,naive,0.37968615156418545,0.39827155558060584,0.1464209142394822,0.38166666666666665,0.3777056364617044,96
2025-12,2025-12-23,naive,0.2794489954153182,0.30879276501441294,0.15647299757281552,0.3777056364617044,0.18119235436893202,96
2025-12,2025-12-24,naive,0.17655212186007088,0.2082637315095291,-0.015367280204962266,0.18119235436893202,0.1719118893512097,96
2025-12,2025-12-25,naive,0.22952915510864538,0.27283348812690733,0.03142091423948218,0.1719118893512097,0.28714642086608105,96
2025-12,2025-12-26,naive,0.3049909221374634,0.345257876583107,-0.031860335760517826,0.28714642086608105,0.3228354234088458,96
2025-12,2025-12-27,naive,0.3281736159269533,0.36749854196192394,-0.20477700242718452,0.3228354234088458,0.33351180844506095,96
2025-12,2025-12-28,naive,0.33411179014486053,0.38821872452756667,-0.29627005798274003,0.33351180844506095,0.3347117718446602,96
2025-12,2025-12-29,naive,0.41995550161812295,0.4672520931635651,-0.38979436353829566,0.3347117718446602,0.5051992313915857,96
2025-12,2025-12-30,naive,0.41352288488210814,0.44015649879360774,-0.09802353020496225,0.5051992313915857,0.3218465383726306,96
2025-12,2025-12-31,naive,0.33845175489289564,0.3587557878985044,0.1994070253505933,0.3218465383726306,0.3550569714131608,96
2025-12,2025-12-01,isotonic,0.15566796947646924,0.1951021027940469,0.005555254411014447,0.23091489324853667,0.08042104570440181,96
2025-12,2025-12-02,isotonic,0.09453410753925724,0.128486664740805,-0.006240292046126128,0.08695151259887153,0.10211670247964295,96
2025-12,2025-12-03,isotonic,0.1137169133200263,0.1373854525983991,0.031690869518295334,0.09824729327341102,0.12918653336664154,96
2025-12,2025-12-04,isotonic,0.18994864806944664,0.24137014079608402,0.1771716266492567,0.12690846678777395,0.2529888293511193,96
2025-12,2025-12-05,isotonic,0.20886409205420134,0.24753274298747904,0.1571307465460167,0.2109801249758246,0.2067480591325781,96
2025-12,2025-12-06,isotonic,0.17477751172728054,0.23342465875278937,0.07058165867989702,0.20260723371218214,0.14694778974237893,96
2025-12,2025-12-07,isotonic,0.18112511408502896,0.22416402916620748,0.11548365603120259,0.1687082592474731,0.19354196892258488,96
2025-12,2025-12-08,isotonic,0.2522175494317889,0.3099126669972005,0.003174337912454944,0.2469942316583683,0.2574408672052096,96
2025-12,2025-12-09,isotonic,0.1743242341318354,0.22362405961337672,-0.12681238746238674,0.2077622300033711,0.1386570385355306,93
2025-12,2025-12-10,isotonic,0.1592433983874027,0.19611205394643144,-0.023123907499429875,0.11829232181103547,0.19845187596052022,92
2025-12,2025-12-11,isotonic,0.16877909736145302,0.20408624155249716,-0.06488720079520173,0.1731612987316609,0.16409810953418547,91
2025-12,2025-12-12,isotonic,0.2728996148749864,0.3700324217057738,-0.22865762240784007,0.16728095855837585,0.36971671649854604,92
2025-12,2025-12-13,isotonic,0.3588362614597677,0.4523419460800959,-0.2871704720562748,0.3598592279168457,0.35781329500268955,96
2025-12,2025-12-14,isotonic,0.21453121681893897,0.2673289535281046,-0.11949952645050706,0.2719309642855558,0.15713146935232217,96
2025-12,2025-12-15,isotonic,0.26118806910386794,0.3471772933968185,-0.13525000298145815,0.14445459319091056,0.37792154501682534,96
2025-12,2025-12-16,isotonic,0.24759164477840234,0.30886997642324243,-0.06235185275842512,0.27306300130660605,0.2221202882501987,96
2025-12,2025-12-17,isotonic,0.21090967344799072,0.2620805194186727,0.004263930815120858,0.24835997773320143,0.17345936916278007,96
2025-12,2025-12-18,isotonic,0.2233472906479602,0.2631576048784099,-0.1460251356073037,0.1399633502593154,0.306731231036605,96
2025-12,2025-12-19,isotonic,0.2591671149569574,0.2990591423637073,-0.05233520780195561,0.26941364205041146,0.24892058786350332,96
2025-12,2025-12-20,isotonic,0.21838023277423954,0.26096230273334603,0.10750695337333215,0.1651292083545322,0.2716312571939469,96
2025-12,2025-12-21,isotonic,0.20521589342849755,0.2625226722226404,-0.024189011544905933,0.17804888646891037,0.23238290038808476,96
2025-12,2025-12-22,isotonic,0.1396012956440219,0.20319681672177148,-0.04385428429883587,0.20693213761881193,0.07227045366923188,96
2025-12,2025-12-23,isotonic,0.14258798351114885,0.21230290675874003,-0.029954109942327986,0.07126730153168699,0.21390866549061074,96
2025-12,2025-12-24,isotonic,0.2891272573663733,0.3508688141438535,0.1093371741557025,0.21548469516780275,0.36276981956494386,96
2025-12,2025-12-25,isotonic,0.270104338486788,0.32041060813080835,0.13902646897910273,0.34848854517129696,0.19172013180227912,96
2025-12,2025-12-26,isotonic,0.20124088813064533,0.27064368830689695,-0.05306227577292114,0.17862277340142896,0.2238590028598617,96
2025-12,2025-12-27,isotonic,0.2490004368614294,0.3124477622192462,-0.20851730990204384,0.24412169871133413,0.2538791750115247,96
2025-12,2025-12-28,isotonic,0.2122019428015228,0.2565450199043495,-0.1881089559925123,0.22942346230991453,0.19498042329313106,96
2025-12,2025-12-29,isotonic,0.303680810772782,0.3814650218458925,-0.26067652445747846,0.22150646871776034,0.38585515282780375,96
2025-12,2025-12-30,isotonic,0.3170252278350876,0.4275349804378677,-0.09942902174158108,0.3811560830158527,0.2528943726543226,96
2025-12,2025-12-31,isotonic,0.2295889797362399,0.33311945411533606,0.12323280670766086,0.30674653974995364,0.15243141972252608,96
2025-12,2025-12-01,ridge,0.15791250567221715,0.1886162342543308,0.04820657542095744,0.2086914664586804,0.10713354488575398,96
2025-12,2025-12-02,ridge,0.10648245940573098,0.133884543420439,0.011501793678941144,0.1034630291411477,0.10950188967031425,96
2025-12,2025-12-03,ridge,0.12026789253019683,0.1438225843713619,0.061262344486973354,0.0958468724298036,0.14468891263059006,96
2025-12,2025-12-04,ridge,0.19586830128493596,0.2427861417244019,0.18566967012854793,0.13411680504847073,0.2576197975214012,96
2025-12,2025-12-05,ridge,0.21244257052005533,0.25090156327718843,0.1769167475971917,0.21567756402020843,0.20920757701990225,96
2025-12,2025-12-06,ridge,0.18813428874307503,0.2453857018339049,0.08647505515591154,0.20073933672716113,0.17552924075898899,96
2025-12,2025-12-07,ridge,0.1974767691470677,0.23235566664393753,0.14697828889688638,0.20445557596668318,0.19049796232745222,96
2025-12,2025-12-08,ridge,0.2349020927224276,0.276077608566517,0.03213613717013602,0.25078821735099055,0.21901596809386467,96
2025-12,2025-12-09,ridge,0.13950490229798818,0.18340690220108685,-0.05959616216933506,0.18061554057007587,0.09565355480776129,93
2025-12,2025-12-10,ridge,0.12428859156112028,0.21952011222452644,0.08365345736801962,0.04597633466630941,0.19926841199232212,92
2025-12,2025-12-11,ridge,0.10564647574202891,0.19632985615808202,0.05480228766849427,0.15675512820066606,0.05105314243393919,91
2025-12,2025-12-12,ridge,0.2109670781182809,0.35034859536266605,-0.18267386351699944,0.06968844545182477,0.3404724913958657,92
2025-12,2025-12-13,ridge,0.34812412210381005,0.4525292659986729,-0.2975833385096426,0.3424296958633882,0.35381854834423193,96
2025-12,2025-12-14,ridge,0.21404224610324837,0.2848525690234915,-0.06117105468757102,0.2728128841040857,0.15527160810241097,96
2025-12,2025-12-15,ridge,0.26300036182053205,0.3443897813474131,-0.09840920417039499,0.14139561839342843,0.38460510524763564,96
2025-12,2025-12-16,ridge,0.2353015377184339,0.2830415172391596,-0.04225362656262422,0.266874103889752,0.20372897154711578,96
2025-12,2025-12-17,ridge,0.20245917457354887,0.24749037942477392,0.01706619597302385,0.24043916765694817,0.16447918149014948,96
2025-12,2025-12-18,ridge,0.20730363515197148,0.23481591679788402,-0.10092857043444838,0.1352300978746722,0.2793771724292708,96
2025-12,2025-12-19,ridge,0.25079760523505423,0.27762690645098326,-0.003097429206476798,0.24449079967307305,0.25710441079703544,96
2025-12,2025-12-20,ridge,0.23575888748391882,0.27067420079701443,0.1428167133995929,0.19431880882054223,0.2771989661472954,96
2025-12,2025-12-21,ridge,0.2167786049920566,0.2627289980958129,0.021892489407466825,0.19797323764685446,0.2355839723372587,96
2025-12,2025-12-22,ridge,0.13314158283894004,0.17682764102992282,-0.01706820762911389,0.19009314277044856,0.07619002290743145,96
2025-12,2025-12-23,ridge,0.15456443661151834,0.21078081824705105,-0.0031166781616898606,0.0850791341420984,0.22404973908093825,96
2025-12,2025-12-24,ridge,0.328643220693029,0.38830326811369303,0.1827536345546978,0.22664289643814484,0.4306435449479132,96
2025-12,2025-12-25,ridge,0.298428161986459,0.36611525320188687,0.1915905972614209,0.4205005330184168,0.1763557909545013,96
2025-12,2025-12-26,ridge,0.182092646504087,0.23359138160971232,-0.019863284279272125,0.1825603165395888,0.1816249764685852,96
2025-12,2025-12-27,ridge,0.19704904617859617,0.25868274243997746,-0.15465553587718403,0.19551408436286125,0.19858400799433107,96
2025-12,2025-12-28,ridge,0.16243217721591507,0.208940687064761,-0.1288386847387122,0.17082627801880443,0.15403807641302572,96
2025-12,2025-12-29,ridge,0.25777987716888284,0.35044246911076776,-0.19507570868125024,0.19588801105449058,0.31967174328327513,96
2025-12,2025-12-30,ridge,0.27460726685566156,0.378930188686024,-0.10293432309889812,0.33662291209299483,0.21259162161832834,96
2025-12,2025-12-31,ridge,0.2107580571881836,0.3047034622447835,0.1182783875226907,0.2813075022277623,0.14020861214860492,96
2025-12,2025-12-01,elastic_net,0.1598486253554906,0.19074756911551816,0.04843020733452711,0.2141309034312419,0.10556634727973939,96
2025-12,2025-12-02,elastic_net,0.10535683815242625,0.13162540856564106,0.014848792296834626,0.10291518282241634,0.1077984934824361,96
2025-12,2025-12-03,elastic_net,0.12408709571359677,0.14860850736492248,0.0674673706527557,0.09792383659602906,0.1502503548311645,96
2025-12,2025-12-04,elastic_net,0.20158545109496873,0.24778905421855468,0.19172515465499282,0.14060210766561587,0.2625687945243216,96
2025-12,2025-12-05,elastic_net,0.21811194384267515,0.25504848193072904,0.183125408439889,0.22200005674457624,0.21422383094077402,96
2025-12,2025-12-06,elastic_net,0.19177038428189808,0.24728848650812127,0.09324439401803852,0.20529457187715386,0.17824619668664224,96
2025-12,2025-12-07,elastic_net,0.20133340070912564,0.2357421617881326,0.1518339870512328,0.21078732710456105,0.19187947431369023,96
2025-12,2025-12-08,elastic_net,0.2390018459223396,0.27878447548692353,0.03436871962094901,0.2520422920253678,0.22596139981931138,96
2025-12,2025-12-09,elastic_net,0.14015269858663776,0.18369230170128667,-0.060260908617273255,0.18573787108639248,0.09152851458689944,93
2025-12,2025-12-10,elastic_net,0.12421957071968168,0.21719759148887516,0.07811830663249773,0.04748366631824421,0.1976901174870154,92
2025-12,2025-12-11,elastic_net,0.10697799853317572,0.194550668269224,0.04852694287128552,0.15455889605978415,0.05615294890248032,91
2025-12,2025-12-12,elastic_net,0.21458134226482983,0.3489332955315805,-0.1835117964278755,0.07897670255994255,0.33888559532764323,92
2025-12,2025-12-13,elastic_net,0.3461407722696777,0.44954812224259527,-0.29206053809242,0.3405767345940623,0.35170480994529313,96
2025-12,2025-12-14,elastic_net,0.21505400685096732,0.2848971245145854,-0.058581700559806514,0.2734191182805185,0.15668889542141606,96
2025-12,2025-12-15,elastic_net,0.26345861149029887,0.34356733870933837,-0.09229045048515998,0.1439787467942811,0.38293847618631666,96
2025-12,2025-12-16,elastic_net,0.23772125340114578,0.2827450931107499,-0.03492210725410823,0.2689511224495537,0.20649138435273776,96
2025-12,2025-12-17,elastic_net,0.20353623745773608,0.2473155182988335,0.02232317784696977,0.24559695097673676,0.16147552393873538,96
2025-12,2025-12-18,elastic_net,0.20715325823215625,0.23390546456435538,-0.09895255232591553,0.13405300166821696,0.28025351479609556,96
2025-12,2025-12-19,elastic_net,0.25232006117834865,0.2776423184896125,-0.0012241004532045092,0.24642651903615864,0.2582136033205386,96
2025-12,2025-12-20,elastic_net,0.236601535990923,0.27194067547955936,0.14551970052396543,0.19727346672761073,0.27592960525423527,96
2025-12,2025-12-21,elastic_net,0.21742208470118696,0.2648122861553898,0.024659355849939363,0.19738853960020333,0.23745562980217058,96
2025-12,2025-12-22,elastic_net,0.1335621105245624,0.17719153835110424,-0.017140037016122846,0.19389506267636036,0.07322915837276446,96
2025-12,2025-12-23,elastic_net,0.1523835260987324,0.20812681331701444,-0.0025193523370454864,0.08296694476758973,0.22180010742987508,96
2025-12,2025-12-24,elastic_net,0.32543984979766133,0.3842986328760845,0.18148333251523266,0.22424547082551402,0.4266342287698086,96
2025-12,2025-12-25,elastic_net,0.2968423898796237,0.3632511887334192,0.1915817057809314,0.41615103519141045,0.1775337445678369,96
2025-12,2025-12-26,elastic_net,0.18401584494217227,0.23457353174987583,-0.016529993452552478,0.18425840550319583,0.18377328438114868,96
2025-12,2025-12-27,elastic_net,0.19660940984690747,0.25744507502574443,-0.15198357383130054,0.19587713347097155,0.19734168622284345,96
2025-12,2025-12-28,elastic_net,0.16317513585029528,0.20761610574210726,-0.12670581179770946,0.1700030503699862,0.1563472213306043,96
2025-12,2025-12-29,elastic_net,0.25720439040849913,0.3475142433058311,-0.1919745247311787,0.19842834330395717,0.3159804375130411,96
2025-12,2025-12-30,elastic_net,0.27473343964628266,0.3788425719641093,-0.09684081100602292,0.33239387917623664,0.2170730001163288,96
2025-12,2025-12-31,elastic_net,0.21176090220861532,0.3090954609624749,0.126233908673414,0.2845185481356618,0.13900325628156873,96
2025-12,2025-12-01,random_forest,0.11716364158093005,0.15423280545772222,0.034987053936703406,0.1713774562340745,0.06294982692778561,96
2025-12,2025-12-02,random_forest,0.10072925901819892,0.14860506950990376,-0.050909802007572204,0.0657221486201159,0.13573636941628195,96
2025-12,2025-12-03,random_forest,0.11552521114263126,0.13840292022781586,0.019227236764220952,0.10612878814044795,0.12492163414481457,96
2025-12,2025-12-04,random_forest,0.18143407488015884,0.24693223363104938,0.1635308504244369,0.11172917482990485,0.2511389749304128,96
2025-12,2025-12-05,random_forest,0.19351676096583814,0.244626863542612,0.16484216582908043,0.19703074575450566,0.19000277617717057,96
2025-12,2025-12-06,random_forest,0.18720772955606121,0.2769566159929082,0.07616153698486006,0.17544817689527245,0.1989672822168499,96
2025-12,2025-12-07,random_forest,0.18939137159097763,0.2450047981450874,0.1469558623462032,0.20639559661813234,0.17238714656382292,96
2025-12,2025-12-08,random_forest,0.2384039088647952,0.29315984137815887,0.06111048256764854,0.25900434422163765,0.21780347350795273,96
2025-12,2025-12-09,random_forest,0.11863013740160787,0.17209433569039406,-0.07734198276741214,0.13664293263193114,0.09941648915592965,93
2025-12,2025-12-10,random_forest,0.1310571296212197,0.21974345389266955,0.06569637006613588,0.05138591180296377,0.20733808285146477,92
2025-12,2025-12-11,random_forest,0.15485158126769338,0.2222636757605225,-0.0016868285643252732,0.17512721064654158,0.13319352261301468,91
2025-12,2025-12-12,random_forest,0.23760127354297983,0.3397823222084965,-0.20783132652086767,0.1425861153491152,0.32469850188735583,92
2025-12,2025-12-13,random_forest,0.3537794927348917,0.45875317125042137,-0.3119139218245943,0.34589231684794797,0.3616666686218355,96
2025-12,2025-12-14,random_forest,0.2088860607987745,0.2794821776670331,-0.07496426110398978,0.25965049845373933,0.1581216231438097,96
2025-12,2025-12-15,random_forest,0.27342258385987867,0.37707425961579855,-0.1140054184836385,0.14849971459700664,0.39834545312275066,96
2025-12,2025-12-16,random_forest,0.20760258332024092,0.2644893609848096,-0.06587525220759041,0.2305920243127458,0.18461314232773604,96
2025-12,2025-12-17,random_forest,0.18421921568794652,0.24734612335924494,0.024160524809720734,0.22677945605421979,0.1416589753216733,96
2025-12,2025-12-18,random_forest,0.1590982936794676,0.19589742259220652,-0.028932040410079046,0.09859270200862236,0.21960388535031283,96
2025-12,2025-12-19,random_forest,0.2044662578210993,0.24105182099228245,0.057673019739722144,0.16425303982327588,0.2446794758189228,96
2025-12,2025-12-20,random_forest,0.24077324468808872,0.29883798358632013,0.18798343687806565,0.17787567989046185,0.3036708094857156,96
2025-12,2025-12-21,random_forest,0.2401496071495808,0.29415995400757117,0.10660027100405507,0.2670190129769283,0.21328020132223335,96
2025-12,2025-12-22,random_forest,0.09827209367291885,0.13803806002956706,-0.017182735575874155,0.14306167122467287,0.053482516121164884,96
2025-12,2025-12-23,random_forest,0.1459719881827497,0.22637532444902322,-0.03036618923106509,0.04746772030612987,0.2444762560593695,96
2025-12,2025-12-24,random_forest,0.38064075537103514,0.43782387754531704,0.22476553682410447,0.2803225472785498,0.4809589634635203,96
2025-12,2025-12-25,random_forest,0.31818340677981516,0.39670940965977247,0.23634109275775428,0.4712644647416344,0.16510234881799596,96
2025-12,2025-12-26,random_forest,0.1610415340414593,0.21503541388718234,-0.008121021978523274,0.18045504284246716,0.14162802524045137,96
2025-12,2025-12-27,random_forest,0.17543704133397253,0.23745656258530132,-0.12653248869008799,0.16731503800904457,0.1835590446589005,96
2025-12,2025-12-28,random_forest,0.16464860009280588,0.2030060139136999,-0.11979260553601706,0.1507650361746441,0.1785321640109677,96
2025-12,2025-12-29,random_forest,0.3098865640188393,0.3665300451800762,-0.2246239038705262,0.270141935763304,0.3496311922743745,96
2025-12,2025-12-30,random_forest,0.3059026402405203,0.4016538062214491,-0.10080350894619727,0.36760963845240496,0.24419564202863556,96
2025-12,2025-12-31,random_forest,0.2019802499510874,0.3220155436246302,0.12514004075278598,0.28888622638635314,0.11507427351582168,96
2025-12,2025-12-01,extra_trees,0.12026049900766071,0.1608648848967065,0.04271695100603635,0.1737929534205999,0.0667280445947215,96
2025-12,2025-12-02,extra_trees,0.09118485512087009,0.1272204312001681,-0.027181924374395577,0.06667936317885743,0.11569034706288274,96
2025-12,2025-12-03,extra_trees,0.11678548962982387,0.1419262704543436,0.04095845512211824,0.0935985855311231,0.13997239372852457,96
2025-12,2025-12-04,extra_trees,0.1947401392711989,0.2527571713033379,0.18152040922103618,0.1326625057879759,0.25681777275442186,96
2025-12,2025-12-05,extra_trees,0.19730020250069522,0.24765546179631345,0.17181730266340225,0.20293562700902582,0.1916647779923646,96
2025-12,2025-12-06,extra_trees,0.19160173960947402,0.26327417620932386,0.08376238131319887,0.19419161750109207,0.18901186171785592,96
2025-12,2025-12-07,extra_trees,0.1880611361726685,0.2350744778055328,0.14582720953408,0.1929175865390238,0.18320468580631313,96
2025-12,2025-12-08,extra_trees,0.22451809850582824,0.2738192039620363,0.044522485897778324,0.2317875014647681,0.21724869554688833,96
2025-12,2025-12-09,extra_trees,0.11753233253773955,0.16703083829830717,-0.07613593782630579,0.1399841532915653,0.09358372373365881,93
2025-12,2025-12-10,extra_trees,0.13277937737616782,0.2193398474984408,0.06040731745887166,0.061395018009603515,0.2011261044292613,92
2025-12,2025-12-11,extra_trees,0.13947144502689973,0.20511124510891635,0.002442954938463178,0.15845728375371873,0.11919111729597948,91
2025-12,2025-12-12,extra_trees,0.22715857376717935,0.33097249316370014,-0.19556864210639976,0.1272218005383249,0.3187672825602959,92
2025-12,2025-12-13,extra_trees,0.3494172362303833,0.45075865886257144,-0.3007720687678705,0.33895565881647455,0.35987881364429203,96
2025-12,2025-12-14,extra_trees,0.2077410186341043,0.27084540368671456,-0.08894341989655703,0.2697044817590341,0.14577755550917446,96
2025-12,2025-12-15,extra_trees,0.2614819081842433,0.3513919451553653,-0.10007029868582858,0.1377014119375829,0.38526240443090365,96
2025-12,2025-12-16,extra_trees,0.22278308992753434,0.273784109603341,-0.052676570418744996,0.24251069347563362,0.20305548637943507,96
2025-12,2025-12-17,extra_trees,0.19626944995897957,0.25161253665844024,0.019430378474826447,0.23758913094753922,0.1549497689704199,96
2025-12,2025-12-18,extra_trees,0.16599165174942968,0.19089028329783836,-0.06464939637918476,0.11054735302790024,0.22143595047095913,96
2025-12,2025-12-19,extra_trees,0.20931224724623787,0.24175584236598652,0.02754245044896234,0.17814657245566723,0.24047792203680843,96
2025-12,2025-12-20,extra_trees,0.2397986180210013,0.28907787141891905,0.17707115867179693,0.1879653615956434,0.29163187444635913,96
2025-12,2025-12-21,extra_trees,0.2179073328214239,0.2724305382741974,0.07060451058162952,0.21998002412424475,0.215834641518603,96
2025-12,2025-12-22,extra_trees,0.10172431547030603,0.14130402149188842,-0.019680242104729243,0.1445919991378082,0.05885663180280387,96
2025-12,2025-12-23,extra_trees,0.14185773702890056,0.2174513521311139,-0.02575610099894456,0.05150095970343501,0.2322145143543661,96
2025-12,2025-12-24,extra_trees,0.3570294926320689,0.42175787615509025,0.19849394938270845,0.252210711109017,0.4618482741551208,96
2025-12,2025-12-25,extra_trees,0.3086627526851959,0.3851701492676613,0.2182265156545311,0.45155520345243644,0.16577030191795525,96
2025-12,2025-12-26,extra_trees,0.16535107266677476,0.2238736895869912,-0.006141881336104107,0.1776828665120246,0.1530192788215249,96
2025-12,2025-12-27,extra_trees,0.17002219478448102,0.2326269683173662,-0.12645279389744138,0.1726660198653255,0.16737836970363654,96
2025-12,2025-12-28,extra_trees,0.16050712233201733,0.19896500652812582,-0.11163907131865065,0.13402261449633912,0.1869916301676955,96
2025-12,2025-12-29,extra_trees,0.3076953690463516,0.3642350393175466,-0.22722131763647999,0.2513417086105373,0.36404902948216594,96
2025-12,2025-12-30,extra_trees,0.30618829661948366,0.4019342493983466,-0.10370896373674483,0.37451917856651623,0.23785741467245106,96
2025-12,2025-12-31,extra_trees,0.20606906775786382,0.31783191995549553,0.12342144107458582,0.287353427368315,0.12478470814741272,96
2025-12,2025-12-01,hist_gradient_boosting,0.11672588143710334,0.152382084700036,0.021667707121749383,0.16959595815381304,0.06385580472039366,96
2025-12,2025-12-02,hist_gradient_boosting,0.09756403016972363,0.13992280263063234,-0.04644476660397152,0.0673693164240638,0.12775874391538347,96
2025-12,2025-12-03,hist_gradient_boosting,0.11347664675947972,0.13633194032595458,0.019845752841469153,0.10626513952809437,0.12068815399086506,96
2025-12,2025-12-04,hist_gradient_boosting,0.18804006818403893,0.25661437285081234,0.17277412940649742,0.11711126734953548,0.2589688690185423,96
2025-12,2025-12-05,hist_gradient_boosting,0.21644535749641816,0.2704979624303764,0.19498239395641057,0.19711765154017305,0.23577306345266327,96
2025-12,2025-12-06,hist_gradient_boosting,0.2081404372325457,0.2755339735522938,0.1167403490596682,0.21813772062165304,0.1981431538434383,96
2025-12,2025-12-07,hist_gradient_boosting,0.2030711402840789,0.2523129320187735,0.1633244685441338,0.2262983300934671,0.1798439504746908,96
2025-12,2025-12-08,hist_gradient_boosting,0.23867291008417632,0.29434834235685037,0.075625363300164,0.2696631644662661,0.20768265570208655,96
2025-12,2025-12-09,hist_gradient_boosting,0.11600283696845633,0.1509995434649824,-0.0691908110176416,0.12998651878393705,0.10108690969861027,93
2025-12,2025-12-10,hist_gradient_boosting,0.14305353729073902,0.23260824750248985,0.06781035519857075,0.08127687504593904,0.2022014053974623,92
2025-12,2025-12-11,hist_gradient_boosting,0.1450708671179757,0.2243611760441277,0.01716295382151058,0.1602506084260958,0.12885614344793833,91
2025-12,2025-12-12,hist_gradient_boosting,0.23801482905874594,0.3478118460270023,-0.21094442265566837,0.13449768324970915,0.332905546050363,92
2025-12,2025-12-13,hist_gradient_boosting,0.3676458899437112,0.46534429071570016,-0.31962373441395303,0.34456458161723386,0.3907271982701886,96
2025-12,2025-12-14,hist_gradient_boosting,0.22551548149948886,0.27809300168576445,-0.10671923694810227,0.27961947816764093,0.17141148483133672,96
2025-12,2025-12-15,hist_gradient_boosting,0.2916786322707911,0.3731483988252135,-0.11112996268288244,0.1944164189087494,0.38894084563283277,96
2025-12,2025-12-16,hist_gradient_boosting,0.21162479336986598,0.26422705677215147,-0.041935078150339006,0.23021995227567307,0.19302963446405888,96
2025-12,2025-12-17,hist_gradient_boosting,0.19450772114631878,0.2532185229184743,0.021979299133472584,0.23567568853708162,0.153339753755556,96
2025-12,2025-12-18,hist_gradient_boosting,0.1519156352265228,0.1830372112650153,-0.027448431150699212,0.10591351320366361,0.197917757249382,96
2025-12,2025-12-19,hist_gradient_boosting,0.20916182862545019,0.24385817756058867,0.04811193030308102,0.1785393705142526,0.23978428673664784,96
2025-12,2025-12-20,hist_gradient_boosting,0.24031028556891462,0.2864870923338004,0.18779352416171924,0.19328981841671009,0.2873307527211191,96
2025-12,2025-12-21,hist_gradient_boosting,0.22081783631397153,0.27582137957849756,0.1012591890693666,0.23826838243346923,0.20336729019447383,96
2025-12,2025-12-22,hist_gradient_boosting,0.09950915556135442,0.13135057165088784,0.0005841565027679732,0.1355640658318771,0.06345424529083175,96
2025-12,2025-12-23,hist_gradient_boosting,0.1573615770108935,0.22451520008032166,0.006107940357692731,0.06295058344225114,0.2517725705795359,96
2025-12,2025-12-24,hist_gradient_boosting,0.37917504574935507,0.43662453086494324,0.23697923229503615,0.27691530282648896,0.4814347886722213,96
2025-12,2025-12-25,hist_gradient_boosting,0.3198735380058862,0.40111045385782995,0.23135982564272914,0.47584293568792874,0.1639041403238438,96
2025-12,2025-12-26,hist_gradient_boosting,0.1647894830354326,0.21732724639586395,0.0008460268074504384,0.180661424427882,0.14891754164298313,96
2025-12,2025-12-27,hist_gradient_boosting,0.16383339263410915,0.22851421363320126,-0.10974390381273048,0.16707149695054024,0.16059528831767814,96
2025-12,2025-12-28,hist_gradient_boosting,0.152846184988949,0.19373996535865345,-0.10474126881277519,0.13053312905460226,0.17515924092329574,96
2025-12,2025-12-29,hist_gradient_boosting,0.32590689608974327,0.36448379816182563,-0.23759371546870658,0.2603486514713577,0.3914651407081287,96
2025-12,2025-12-30,hist_gradient_boosting,0.31202924988285335,0.3955052347955915,-0.13495829735253764,0.3981725067814887,0.22588599298421808,96
2025-12,2025-12-31,hist_gradient_boosting,0.19859734666784215,0.31817855599766115,0.10744099530937568,0.2824912160731043,0.11470347726258005,96
2025-12,2025-12-01,catboost,0.09763327647181426,0.1349414939511934,0.009784894639183165,0.13911665042555102,0.05614990251807755,96
2025-12,2025-12-02,catboost,0.10491283590060109,0.15558713579429917,-0.0832355084897242,0.06390252317502591,0.14592314862617625,96
2025-12,2025-12-03,catboost,0.10877209767212577,0.1371278433688564,-0.025694059092560048,0.11011264833220487,0.10743154701204671,96
2025-12,2025-12-04,catboost,0.16595013449941473,0.24693399089454335,0.134233009600628,0.10089256998086667,0.2310076990179628,96
2025-12,2025-12-05,catboost,0.17107744166076544,0.23368751941466237,0.11857061257503694,0.16988239007189754,0.17227249324963337,96
2025-12,2025-12-06,catboost,0.15803547099904278,0.24308086481853142,0.015604043648949004,0.17248889426148897,0.1435820477365965,96
2025-12,2025-12-07,catboost,0.1503002541027246,0.2189589990226107,0.11641648617032542,0.14945809077245556,0.15114241743299364,96
2025-12,2025-12-08,catboost,0.20692405026909796,0.2817519546692687,0.050138465727221804,0.2292321793341973,0.18461592120399858,96
2025-12,2025-12-09,catboost,0.08708610671470106,0.1521434615473623,-0.049397651566011724,0.11740253997626933,0.05474857790236154,93
2025-12,2025-12-10,catboost,0.10625979866418082,0.20746918855121374,0.09481330742321978,0.032077762208571045,0.17728515271742423,92
2025-12,2025-12-11,catboost,0.07803561719729085,0.1740931204631136,0.05019472645385321,0.12725297700036503,0.025462528316734293,91
2025-12,2025-12-12,catboost,0.1966290210137315,0.35740071519922134,-0.1897405090724299,0.0251514473112747,0.3538167969076502,92
2025-12,2025-12-13,catboost,0.371888566872319,0.48733831469391703,-0.35354766955533895,0.3713825966782731,0.37239453706636483,96
2025-12,2025-12-14,catboost,0.21375530737662576,0.29537189063954616,-0.09586299330700938,0.2947868930087996,0.13272372174445193,96
2025-12,2025-12-15,catboost,0.24807157732929594,0.3633009343432592,-0.12827728624780235,0.10348848163667718,0.39265467302191465,96
2025-12,2025-12-16,catboost,0.2080219692441927,0.28723286199883036,-0.11045007613158658,0.242299308212502,0.17374463027588335,96
2025-12,2025-12-17,catboost,0.1956501285716711,0.27270127297955593,0.0053208910760141935,0.22917328170994558,0.16212697543339663,96
2025-12,2025-12-18,catboost,0.1252113988693694,0.16236830199815414,-0.06795861483836624,0.08179885879355199,0.16862393894518687,96
2025-12,2025-12-19,catboost,0.17355362339947944,0.23062027850355812,0.0009876691603968677,0.1541598690939977,0.19294737770496118,96
2025-12,2025-12-20,catboost,0.22155474520791577,0.2951159061749451,0.17397554630100673,0.12412920930773101,0.31898028110810045,96
2025-12,2025-12-21,catboost,0.21269032062112206,0.2822254289085438,0.07754048480615865,0.2280853115627556,0.19729532967948857,96
2025-12,2025-12-22,catboost,0.08846903006790545,0.14760533955918276,-0.04419797442901688,0.1469357021352812,0.030002358000529684,96
2025-12,2025-12-23,catboost,0.14336517626261547,0.23810728864757133,-0.049872238250722734,0.03516213096435774,0.2515682215608732,96
2025-12,2025-12-24,catboost,0.3974973208942094,0.4752386253006924,0.22157241049883195,0.2569801815137578,0.5380144602746612,96
2025-12,2025-12-25,catboost,0.34528820166418833,0.4336723575109414,0.23391345061552715,0.5258399544619013,0.16473644886647537,96
2025-12,2025-12-26,catboost,0.16065424319433322,0.22679216437288494,-0.03094573863201118,0.14710396247702714,0.17420452391163935,96
2025-12,2025-12-27,catboost,0.20003045999778393,0.2737011357471893,-0.1481713917131178,0.19323363214265318,0.2068272878529147,96
2025-12,2025-12-28,catboost,0.162356275414162,0.22344462879667887,-0.12038771428064593,0.17240420711422758,0.15230834371409643,96
2025-12,2025-12-29,catboost,0.27558281951486613,0.38478529491708463,-0.2151115715063755,0.20928153644561828,0.34188410258411395,96
2025-12,2025-12-30,catboost,0.2914869703289653,0.42411415696802723,-0.11626627958574652,0.3520868350063118,0.23088710565161885,96
2025-12,2025-12-31,catboost,0.19725147033972149,0.33843805339954897,0.09713652224257376,0.2988445413898111,0.09565839928963193,96
2025-12,2025-12-01,mlp,0.10786403489926216,0.1518063491426286,0.028363680449851932,0.15086244791834594,0.0648656218801784,96
2025-12,2025-12-02,mlp,0.10744207361623813,0.14895119972478907,-0.047075866639447815,0.07699942140328993,0.13788472582918632,96
2025-12,2025-12-03,mlp,0.12331305403935562,0.1522264550416115,0.04679090710479511,0.10274769375199648,0.14387841432671475,96
2025-12,2025-12-04,mlp,0.18274988267850947,0.24743513550451243,0.16860150060876478,0.11519750032081659,0.2503022650362024,96
2025-12,2025-12-05,mlp,0.16856031068108004,0.22933079565398443,0.14613071874594938,0.19042501463233194,0.14669560672982812,96
2025-12,2025-12-06,mlp,0.16354940917430713,0.23400992040369184,0.03686962901677863,0.17434336711854445,0.15275545123006978,96
2025-12,2025-12-07,mlp,0.15912945396282044,0.2020928562862558,0.07789269201327248,0.15444784294039485,0.16381106498524603,96
2025-12,2025-12-08,mlp,0.2122624170454689,0.2823123937458222,0.009518963303573496,0.22703605832040805,0.19748877577052973,96
2025-12,2025-12-09,mlp,0.09990103176279824,0.15927970872916006,-0.0534852368042928,0.11529246735653353,0.0834835004628139,93
2025-12,2025-12-10,mlp,0.12787411703401422,0.22949465438099242,0.09744054552726313,0.04605347973891985,0.2062130250825088,92
2025-12,2025-12-11,mlp,0.10829067962572943,0.1937215076194123,0.035890626729974374,0.1476282549253197,0.0662709969193489,91
2025-12,2025-12-12,mlp,0.20486712126245432,0.3378058687280066,-0.1958968654869515,0.06927373706072854,0.3291610567807031,92
2025-12,2025-12-13,mlp,0.39781746951426084,0.49928574882097926,-0.37599707290583,0.37713084015414894,0.4185040988743727,96
2025-12,2025-12-14,mlp,0.25152997820767026,0.3383891798589212,-0.12646347378110437,0.36339663394888805,0.13966332246645255,96
2025-12,2025-12-15,mlp,0.2592923233678269,0.34532037509749264,-0.09322821899394636,0.1375249328771794,0.3810597138584744,96
2025-12,2025-12-16,mlp,0.2081675444795629,0.278137521092284,-0.08015148893102877,0.24618867469574002,0.17014641426338573,96
2025-12,2025-12-17,mlp,0.21043339731203423,0.26667816053285076,-0.012843111025838955,0.22088294298142022,0.19998385164264817,96
2025-12,2025-12-18,mlp,0.14323788665887013,0.17884060356733747,-0.05259630395656878,0.08439924921252344,0.20207652410521684,96
2025-12,2025-12-19,mlp,0.1982505123041388,0.23846858182366448,0.019302706023724216,0.18238802567847037,0.2141129989298071,96
2025-12,2025-12-20,mlp,0.24494302371061716,0.27674454958984773,0.1490238201219433,0.20054747696181133,0.28933857045942296,96
2025-12,2025-12-21,mlp,0.21013092021420224,0.2661514981660921,0.047234663179077395,0.19560463385425977,0.2246572065741447,96
2025-12,2025-12-22,mlp,0.09016055416919778,0.14948873503526633,-0.03549713855717198,0.15443565890326838,0.02588544943512718,96
2025-12,2025-12-23,mlp,0.1387335107704609,0.21523820324842122,-0.03269660478074844,0.03111730597447401,0.24634971556644777,96
2025-12,2025-12-24,mlp,0.3460985872297783,0.4101827414994687,0.2128678822964106,0.2411556988962942,0.4510414755632623,96
2025-12,2025-12-25,mlp,0.31879599741944326,0.39966268508326896,0.19086034224570628,0.447080303642768,0.19051169119611855,96
2025-12,2025-12-26,mlp,0.14247143580772678,0.19416015606633816,-0.033113948108547266,0.16789974691692308,0.11704312469853044,96
2025-12,2025-12-27,mlp,0.155103242186351,0.20437571967834578,-0.12836632558187086,0.13908822774365995,0.1711182566290421,96
2025-12,2025-12-28,mlp,0.15788810716518262,0.19910145180369787,-0.11601125495417582,0.15499038778157295,0.16078582654879223,96
2025-12,2025-12-29,mlp,0.2570237179706869,0.3158070307196743,-0.1927987259452031,0.22225155243395409,0.2917958835074197,96
2025-12,2025-12-30,mlp,0.28562681313336086,0.3915552360719043,-0.10019450433398931,0.3289834975998777,0.24227012866684397,96
2025-12,2025-12-31,mlp,0.22028512953080495,0.34272372629868575,0.09949785702063872,0.28785249836408683,0.1527177606975231,96
2025-12,2025-12-01,incumbent,0.09732226783094163,0.13610224281291228,0.009113146735684792,0.13671463143315776,0.05792990422872549,96
2025-12,2025-12-02,incumbent,0.10937981059617939,0.16361667574589425,-0.08908613454357628,0.06804618620801751,0.15071343498434128,96
2025-12,2025-12-03,incumbent,0.10640834415931837,0.13384015014200712,-0.02355665451321497,0.10935857525898067,0.10345811305965602,96
2025-12,2025-12-04,incumbent,0.16474641079522168,0.24154088985453062,0.13346769221744792,0.10278194844041248,0.22671087315003083,96
2025-12,2025-12-05,incumbent,0.16394787945320313,0.22599138223338444,0.12477266100694885,0.1664106467219069,0.16148511218449943,96
2025-12,2025-12-06,incumbent,0.16272775606124326,0.25125165370828095,0.027207284240353246,0.1703993509528734,0.1550561611696131,96
2025-12,2025-12-07,incumbent,0.15295528506252998,0.22434487562978458,0.11816665817946015,0.15660986132208818,0.14930070880297175,96
2025-12,2025-12-08,incumbent,0.20625421410236333,0.27734410612432553,0.054520631156239,0.23155758060353707,0.1809508476011896,96
2025-12,2025-12-09,incumbent,0.08891144899416858,0.1448443222408555,-0.05254042656624979,0.11230045379061078,0.0639631772112969,93
2025-12,2025-12-10,incumbent,0.11084946696849506,0.21019566465503509,0.08829031381662734,0.039548027432567884,0.1791168026943827,92
2025-12,2025-12-11,incumbent,0.09064586454936256,0.18631813189608604,0.049550802109848247,0.13564296697837683,0.04258077786382453,91
2025-12,2025-12-12,incumbent,0.21066402818045268,0.36377917156675843,-0.20729534452659837,0.04850593184528025,0.3593089498210274,92
2025-12,2025-12-13,incumbent,0.3942949207055692,0.506921279568334,-0.3819950970179484,0.38264542966008536,0.4059444117510531,96
2025-12,2025-12-14,incumbent,0.22444322673945952,0.30203116500381627,-0.10970794720483472,0.3178010983075121,0.13108535517140693,96
2025-12,2025-12-15,incumbent,0.24811709930007453,0.35414993802966666,-0.1229452148910789,0.1170955905074002,0.37913860809274885,96
2025-12,2025-12-16,incumbent,0.1929408342438951,0.2743279654758845,-0.10750156229509512,0.22303260044217668,0.16284906804561353,96
2025-12,2025-12-17,incumbent,0.192871477535546,0.26918178647558344,2.927749909497947e-05,0.22240936230234845,0.1633335927687436,96
2025-12,2025-12-18,incumbent,0.1260842898320513,0.16710806635766687,-0.0628456554246797,0.08859941703968875,0.16356916262441387,96
2025-12,2025-12-19,incumbent,0.16184550921791724,0.21690773323834092,0.012968762203502444,0.1441081763895362,0.17958284204629826,96
2025-12,2025-12-20,incumbent,0.22407326717505324,0.2982008062513805,0.17732662861997464,0.13200514696582688,0.3161413873842796,96
2025-12,2025-12-21,incumbent,0.2114925049802431,0.28398247162307055,0.08069547734556297,0.22663404859932354,0.1963509613611627,96
2025-12,2025-12-22,incumbent,0.0817790418919106,0.14490613021781146,-0.04675846482189494,0.14159488165162812,0.021963202132193077,96
2025-12,2025-12-23,incumbent,0.14244617844099253,0.24394825686259672,-0.05926006814650301,0.02738901675068296,0.2575033401313021,96
2025-12,2025-12-24,incumbent,0.4067069839403678,0.48387492818314004,0.23020100803056867,0.26588830970110416,0.5475256581796313,96
2025-12,2025-12-25,incumbent,0.34732853209099684,0.4423757814555696,0.2400654479546255,0.5396972654646515,0.15495979871734225,96
2025-12,2025-12-26,incumbent,0.15330205727953491,0.2184269459255079,-0.02916581004506044,0.1413565800875716,0.16524753447149826,96
2025-12,2025-12-27,incumbent,0.18975839469487654,0.2561968504249885,-0.1282626107632203,0.18145021385747592,0.19806657553227716,96
2025-12,2025-12-28,incumbent,0.1564709306975097,0.2109892088735685,-0.10307736428548674,0.1691757633664812,0.1437660980285382,96
2025-12,2025-12-29,incumbent,0.24872211031126015,0.3359258143483452,-0.1833639407016284,0.20809163251722898,0.28935258810529135,96
2025-12,2025-12-30,incumbent,0.2703966102298227,0.38238766525859824,-0.08763069379106159,0.30952726068557507,0.23126595977407036,96
2025-12,2025-12-31,incumbent,0.19376480604664112,0.32142438128735085,0.09843624323722207,0.28295213310199563,0.10457747899128667,96
2026-01,2026-01-01,naive,0.3179875732828445,0.3544500558896326,0.11818652980268068,0.3702406909984622,0.26573445556722675,96
2026-01,2026-01-02,naive,0.24369436983102663,0.2745885569621072,0.15639833535823625,0.26573445556722675,0.2216542840948265,96
2026-01,2026-01-03,naive,0.22474574415115092,0.2488824101277084,0.17606847424712516,0.2216542840948265,0.22783720420747544,96
2026-01,2026-01-04,naive,0.2707375614495225,0.30537764794083944,0.22888097424712517,0.22783720420747544,0.3136379186915696,96
2026-01,2026-01-05,naive,0.3765843290411876,0.40650835776540467,-0.01200444241954153,0.3136379186915696,0.43953073939080545,96
2026-01,2026-01-06,naive,0.4332857179300764,0.44491678425056447,0.04469694646934735,0.43953073939080545,0.4270406964693474,96
2026-01,2026-01-07,naive,0.41731847424712515,0.4189929574138431,0.41731847424712515,0.4270406964693474,0.40759625202490285,96
2026-01,2026-01-08,naive,0.418082363136014,0.4197590767022238,0.418082363136014,0.40759625202490285,0.42856847424712513,96
2026-01,2026-01-09,naive,0.3570672139172834,0.3777605618382079,0.3308427798026807,0.42856847424712513,0.28556595358744175,96
2026-01,2026-01-10,naive,0.2234868981756151,0.265229846029821,0.10212750202490291,0.28556595358744175,0.16140784276378853,96
2026-01,2026-01-11,naive,0.23540035724204708,0.27482138424478764,0.11627680758045848,0.16140784276378853,0.30939287172030566,96
2026-01,2026-01-12,naive,0.34532899943318923,0.37175792037252275,0.08264833535823625,0.30939287172030566,0.3812651271460729,96
2026-01,2026-01-13,naive,0.33593663832207815,0.3614668714938479,0.04197125202490292,0.3812651271460729,0.29060814949808345,96
2026-01,2026-01-14,naive,0.34457095076149313,0.35978029786210125,0.2892976409137918,0.29060814949808345,0.3985337520249029,96
2026-01,2026-01-15,naive,0.3706100628624967,0.3864770785250263,0.25094694646934734,0.3985337520249029,0.3426863737000907,96
2026-01,2026-01-16,naive,0.34937828565152973,0.37384598308038003,0.12061708535823625,0.3426863737000907,0.3560701976029688,96
2026-01,2026-01-17,naive,0.31966499928946035,0.3463403034205581,0.21044347424712515,0.3560701976029688,0.2832598009759519,96
2026-01,2026-01-18,naive,0.23034846391728345,0.26757944587292987,0.21888097424712513,0.2832598009759519,0.177437126858615,96
2026-01,2026-01-19,naive,0.2880201616639812,0.3229512192490624,0.27667611313601403,0.177437126858615,0.39860319646934733,96
2026-01,2026-01-20,naive,0.3892586712381653,0.4130394202475292,0.07485319646934736,0.39860319646934733,0.37991414600698326,96
2026-01,2026-01-21,naive,0.3257462071771529,0.3770631722890304,-0.10374055353065263,0.37991414600698326,0.27157826834732257,96
2026-01,2026-01-22,naive,0.27097445618726046,0.3220333011681102,0.029349724247125134,0.27157826834732257,0.27037064402719824,96
2026-01,2026-01-23,naive,0.37084431314995464,0.40955514764181056,-0.08966069241954151,0.27037064402719824,0.471317982272711,96
2026-01,2026-01-24,naive,0.37877556588539724,0.40946454347897876,0.02485319646934737,0.471317982272711,0.28623314949808343,96
2026-01,2026-01-25,naive,0.2524240436690106,0.28390436488509346,0.09877680758045847,0.28623314949808343,0.21861493783993782,96
2026-01,2026-01-26,naive,0.3008268214467884,0.3312525901555033,0.12686708535823624,0.21861493783993782,0.38303870505363896,96
2026-01,2026-01-27,naive,0.3619200303694914,0.3826265357917083,0.30684972424712514,0.38303870505363896,0.3408013556853439,96
2026-01,2026-01-28,naive,0.3758347056204497,0.39557947022190415,0.12497472424712515,0.3408013556853439,0.4108680555555555,96
2026-01,2026-01-29,naive,0.3615188419176249,0.39281047946552955,-0.15438291464176376,0.4108680555555555,0.31216962827969436,96
2026-01,2026-01-30,naive,0.3273340210490345,0.36555403921879137,-0.16389606475996704,0.31216962827969436,0.34315773524312854,94
2026-01,2026-01-31,naive,0.34315773524312854,0.3725926916555363,-0.07664891705722267,0.34315773524312854,,46
2026-01,2026-01-01,isotonic,0.15787386719753668,0.22294192652854816,-0.03676963263017064,0.10534779179567882,0.21039994259939454,96
2026-01,2026-01-02,isotonic,0.16040074657821565,0.20725085638720306,-0.017990382218852918,0.20044745417926543,0.12035403897716583,96
2026-01,2026-01-03,isotonic,0.13607896695387403,0.16332248971455302,0.10388025911252292,0.1353392517148161,0.136818682192932,96
2026-01,2026-01-04,isotonic,0.127127073064361,0.15277132633019957,0.05929171665045783,0.1270930564879358,0.1271610896407862,96
2026-01,2026-01-05,isotonic,0.1540399842763863,0.1918333680906282,-0.07134229154762484,0.09409249019236744,0.21398747836040513,96
2026-01,2026-01-06,isotonic,0.14874180959643282,0.17620997281225426,-0.03158389597443661,0.18692629934441518,0.11055731984845052,96
2026-01,2026-01-07,isotonic,0.13361464304234946,0.18068774275772165,0.13218466421342723,0.08078528826759965,0.18644399781709922,96
2026-01,2026-01-08,isotonic,0.21818299566643354,0.2506054316543925,0.21630272861414,0.14207109069398471,0.29429490063888236,96
2026-01,2026-01-09,isotonic,0.18340335802037386,0.20435236995142572,0.1522777260389376,0.18497513708980118,0.18183157895094657,96
2026-01,2026-01-10,isotonic,0.1714909124675925,0.2036006537059688,0.0876921912939655,0.17815369829083746,0.1648281266443475,96
2026-01,2026-01-11,isotonic,0.20639040618422122,0.24644641411075538,0.12058704923091756,0.16437017963811026,0.24841063273033218,96
2026-01,2026-01-12,isotonic,0.2579826029258296,0.31459674017848405,-0.03567344645285828,0.2579883235104207,0.25797688234123833,96
2026-01,2026-01-13,isotonic,0.20773628765844,0.2799197037176634,-0.1180236589189715,0.21003682877324834,0.2054357465436317,96
2026-01,2026-01-14,isotonic,0.12097184316622489,0.184307364723852,0.0006090609571240425,0.1698521238270315,0.07209156250541827,96
2026-01,2026-01-15,isotonic,0.1364306469102968,0.18798259183446783,-0.01678995999044125,0.08465281387502181,0.18820847994557177,96
2026-01,2026-01-16,isotonic,0.16183098950954855,0.20479281747488381,0.04610596112692165,0.15330232856546053,0.17035965045363663,96
2026-01,2026-01-17,isotonic,0.08583403978364397,0.1008704861897383,0.057481862950485955,0.10984002849766243,0.06182805106962558,96
2026-01,2026-01-18,isotonic,0.1512440256667185,0.19466634720658801,0.12168398595370102,0.07945848518944322,0.22302956614399375,96
2026-01,2026-01-19,isotonic,0.1470171221607165,0.17963343191361994,0.12271630537685758,0.20282534613898973,0.09120889818244331,96
2026-01,2026-01-20,isotonic,0.18032846087695278,0.22629920191629194,0.06443344786445504,0.10321572609329278,0.2574411956606129,96
2026-01,2026-01-21,isotonic,0.19885518681274225,0.23663018513286788,-0.004180006750432172,0.24323514326122828,0.15447523036425626,96
2026-01,2026-01-22,isotonic,0.25634137203618107,0.31785530704921433,0.06370766085820884,0.26048821507102055,0.2521945290013416,96
2026-01,2026-01-23,isotonic,0.20400148923681172,0.23043135297054257,-0.033283040455270356,0.2046027164733729,0.2034002620002506,96
2026-01,2026-01-24,isotonic,0.19669308523245024,0.23311563736982704,-0.018142849101733246,0.24245042873669462,0.15093574172820587,96
2026-01,2026-01-25,isotonic,0.1668369664389998,0.2147474676821785,-0.028268775766476923,0.1482553540678799,0.18541857881011972,96
2026-01,2026-01-26,isotonic,0.14761736306671916,0.21014069024642268,-0.03073933438658066,0.1510023588264737,0.14423236730696465,96
2026-01,2026-01-27,isotonic,0.17125868678684053,0.207278890028845,0.12985749808973945,0.18692697573200934,0.1555903978416717,96
2026-01,2026-01-28,isotonic,0.19812947031940595,0.2558355821601551,-0.05221177558205706,0.14398109588051702,0.2522778447582949,96
2026-01,2026-01-29,isotonic,0.17803343013194714,0.222824327959798,-0.08972828398585965,0.22694766609946093,0.12911919416443332,96
2026-01,2026-01-30,isotonic,0.2375819253793082,0.2885784852912827,0.017846301097482926,0.16179894553514076,0.3166598173906134,94
2026-01,2026-01-31,isotonic,0.3137694822630952,0.36346534312905027,0.03202899247406129,0.3137694822630952,,46
2026-01,2026-01-01,ridge,0.14331638282273815,0.21057854690260763,-0.036246191255604514,0.10314051845341404,0.18349224719206225,96
2026-01,2026-01-02,ridge,0.17200506197500295,0.21307154073546464,0.010267795490453124,0.18416063309786154,0.15984949085214437,96
2026-01,2026-01-03,ridge,0.16106866659979938,0.1836204069755584,0.13237629507030604,0.17194147484316788,0.15019585835643087,96
2026-01,2026-01-04,ridge,0.1337619424114226,0.15621270487387598,0.0704517232230985,0.14256239762238712,0.12496148720045808,96
2026-01,2026-01-05,ridge,0.1174002257096674,0.15659293222364976,-0.026693959719526775,0.07821459903698676,0.15658585238234804,96
2026-01,2026-01-06,ridge,0.10639749064925226,0.13916821414053718,-0.0015095294996763473,0.12854405759571755,0.08425092370278697,96
2026-01,2026-01-07,ridge,0.11969115024648029,0.1903636010352633,0.11934495888626769,0.056173043938374384,0.1832092565545862,96
2026-01,2026-01-08,ridge,0.24697111678230654,0.28148058934024295,0.24511134821760983,0.1516002211563556,0.3423420124082575,96
2026-01,2026-01-09,ridge,0.202612202643463,0.22072879811362192,0.18087746426261328,0.20369661954555784,0.20152778574136812,96
2026-01,2026-01-10,ridge,0.1995200741230899,0.22757270144241537,0.137349753628306,0.21806649210840567,0.18097365613777414,96
2026-01,2026-01-11,ridge,0.20625338597144185,0.23659238483299197,0.14025851089150781,0.17820185154827448,0.23430492039460926,96
2026-01,2026-01-12,ridge,0.2276175120906815,0.2695389520788743,-0.029828763276046038,0.21781865882448623,0.23741636535687682,96
2026-01,2026-01-13,ridge,0.19149427902055113,0.2560762673410616,-0.10377125811708783,0.18160191116606936,0.20138664687503285,96
2026-01,2026-01-14,ridge,0.12781080170325357,0.18458376916898633,0.006023674203293761,0.17101988975028473,0.08460171365622238,96
2026-01,2026-01-15,ridge,0.12896213945939447,0.17223317281250702,0.0008351032142237131,0.08475084387208805,0.17317343504670088,96
2026-01,2026-01-16,ridge,0.2116589473996798,0.2588448732949652,0.13064891083036026,0.14596910043953767,0.2773487943598219,96
2026-01,2026-01-17,ridge,0.15412730561616025,0.18233023971643192,0.13207456650743532,0.20936766432141388,0.09888694691090656,96
2026-01,2026-01-18,ridge,0.2172481226475187,0.2638812377986133,0.21461652993155245,0.1320087968152673,0.3024874484797701,96
2026-01,2026-01-19,ridge,0.18799171652181942,0.23578770383779182,0.18410924505868556,0.26679110074790985,0.10919233229572894,96
2026-01,2026-01-20,ridge,0.18610199193814458,0.24676761315695311,0.13270429673026687,0.14096235284959127,0.23124163102669792,96
2026-01,2026-01-21,ridge,0.17580965009185326,0.23447311423035186,0.06606101146136979,0.21360470595861458,0.13801459422509196,96
2026-01,2026-01-22,ridge,0.2635632566442932,0.33056788422545963,0.11612642760372714,0.27187485028710334,0.255251663001483,96
2026-01,2026-01-23,ridge,0.19719623190428962,0.23445082693830432,0.034892675817165784,0.23221641937108303,0.16217604443749625,96
2026-01,2026-01-24,ridge,0.17513759478105262,0.21915251988321088,0.04520579341772644,0.20088218072345962,0.14939300883864562,96
2026-01,2026-01-25,ridge,0.16954896264009697,0.20908143033453672,0.014693914195560473,0.13458885059750506,0.2045090746826889,96
2026-01,2026-01-26,ridge,0.13326947946239,0.1961807786205556,0.0051340558290012455,0.1529332197423937,0.1136057391823863,96
2026-01,2026-01-27,ridge,0.18499508185106353,0.22648546437441913,0.14627803873387105,0.20545684200369832,0.16453332169842877,96
2026-01,2026-01-28,ridge,0.17384551629677344,0.222944244587752,-0.03353068321686097,0.13474301066610758,0.21294802192743936,96
2026-01,2026-01-29,ridge,0.15290416689692388,0.1920412721104886,-0.013764336639611527,0.19251005681248443,0.11329827698136331,96
2026-01,2026-01-30,ridge,0.2298174999875941,0.30098341330571027,0.10042311314566897,0.15376162789215408,0.3091801491306617,94
2026-01,2026-01-31,ridge,0.2986298727387622,0.3581235286183439,0.09408398389322549,0.2986298727387622,,46
2026-01,2026-01-01,elastic_net,0.1431539136271742,0.20964492806086457,-0.02999142136765792,0.10233082607980487,0.1839770011745435,96
2026-01,2026-01-02,elastic_net,0.17595850322001758,0.21516627216273354,0.01768906507527843,0.18569582065939694,0.16622118578063824,96
2026-01,2026-01-03,elastic_net,0.16769656523688056,0.18985473459992896,0.14145422326755064,0.17818745806416167,0.15720567240959943,96
2026-01,2026-01-04,elastic_net,0.13945431925048293,0.16183906638723627,0.08007526141912287,0.14664735796771675,0.13226128053324918,96
2026-01,2026-01-05,elastic_net,0.11859772000376041,0.15619971477060515,-0.02004971310000217,0.08136932256109682,0.15582611744642405,96
2026-01,2026-01-06,elastic_net,0.11065690310776888,0.14087915140011098,0.004639497991693739,0.12862525734124525,0.09268854887429255,96
2026-01,2026-01-07,elastic_net,0.12952789313858695,0.19505044040642125,0.12949736407187584,0.06730135770521903,0.19175442857195482,96
2026-01,2026-01-08,elastic_net,0.2549749011048915,0.28789286618743737,0.25342093076245936,0.16153448871887258,0.3484153134909105,96
2026-01,2026-01-09,elastic_net,0.2094638415816834,0.2272925167395521,0.18869361741506233,0.2128020251266849,0.20612565803668192,96
2026-01,2026-01-10,elastic_net,0.20218176296103993,0.23102302739998412,0.14359536149492927,0.22372530993249706,0.18063821598958282,96
2026-01,2026-01-11,elastic_net,0.2115886905644314,0.24350736781686075,0.1499697146165641,0.17933242256510598,0.24384495856375668,96
2026-01,2026-01-12,elastic_net,0.22986495765409096,0.2719143807931979,-0.018868339007575757,0.22611322785855503,0.23361668744962685,96
2026-01,2026-01-13,elastic_net,0.1901544746441012,0.25226253480829597,-0.09863612526078291,0.18056684415879684,0.19974210512940563,96
2026-01,2026-01-14,elastic_net,0.12551081989006552,0.1807254683997295,0.008145107983294786,0.16764057076409236,0.08338106901603863,96
2026-01,2026-01-15,elastic_net,0.13007249680032412,0.17527977985718393,-0.0039652029262055586,0.08380818971753291,0.17633680388311532,96
2026-01,2026-01-16,elastic_net,0.20440563447339546,0.24949258612412814,0.11706012943266637,0.14901089877659623,0.25980037017019475,96
2026-01,2026-01-17,elastic_net,0.14557012620562335,0.17086994772019073,0.11971951144723325,0.19509485283365846,0.09604539957758824,96
2026-01,2026-01-18,elastic_net,0.21158279120781462,0.25720186441465553,0.2084267868220581,0.12870082271758884,0.29446475969804037,96
2026-01,2026-01-19,elastic_net,0.1833601299969668,0.22988758869559672,0.17891857025717406,0.2600236785993911,0.10669658139454256,96
2026-01,2026-01-20,elastic_net,0.18628381951386877,0.24352663285879325,0.12456922977099212,0.13718322466337848,0.23538441436435908,96
2026-01,2026-01-21,elastic_net,0.17600121172441666,0.23083087949759556,0.05716190968980161,0.21635428830426318,0.13564813514457022,96
2026-01,2026-01-22,elastic_net,0.2623633099401052,0.3281302508276314,0.11066393870248625,0.26898551965792483,0.25574110022228563,96
2026-01,2026-01-23,elastic_net,0.20051752551115987,0.23516061580391956,0.028313033305714455,0.23352015056216505,0.16751490046015463,96
2026-01,2026-01-24,elastic_net,0.17868398209586978,0.22008602844649092,0.040055543510507975,0.20851988396862775,0.1488480802231118,96
2026-01,2026-01-25,elastic_net,0.16819201655760205,0.20709596542365064,0.014417479388315698,0.1351651499379398,0.2012188831772643,96
2026-01,2026-01-26,elastic_net,0.13142741969932148,0.19416687619606227,0.004306244675444426,0.1529754736923793,0.10987936570626367,96
2026-01,2026-01-27,elastic_net,0.1878183814692526,0.2290242029878194,0.1490227489963322,0.20744212143578303,0.16819464150272215,96
2026-01,2026-01-28,elastic_net,0.17661353990548156,0.22478967177328252,-0.03026294208207947,0.1375195885870924,0.21570749122387078,96
2026-01,2026-01-29,elastic_net,0.1568646092903359,0.19460963892055358,-0.016150871872993675,0.19814908289338118,0.1155801356872906,96
2026-01,2026-01-30,elastic_net,0.229416701157067,0.29918885620889657,0.09565011037207977,0.15285974567272648,0.30930221992333534,94
2026-01,2026-01-31,elastic_net,0.2985444261875807,0.35661223377367357,0.0923210363328011,0.2985444261875807,,46
2026-01,2026-01-01,random_forest,0.15331234384936707,0.22242622708658844,-0.03740498096181999,0.11028201154733212,0.196342676151402,96
2026-01,2026-01-02,random_forest,0.19439830496252383,0.2366088306637747,0.027545847897379152,0.18529442211403016,0.2035021878110174,96
2026-01,2026-01-03,random_forest,0.1875499316678386,0.21654061840339905,0.1534560295710977,0.21317839130731908,0.16192147202835805,96
2026-01,2026-01-04,random_forest,0.14741698790447852,0.17616708008094661,0.08597456318004053,0.13815874992746843,0.15667522588148858,96
2026-01,2026-01-05,random_forest,0.09362238537981228,0.12348900409446009,0.004933671605079842,0.0777056422918142,0.10953912846781037,96
2026-01,2026-01-06,random_forest,0.09081684122919452,0.11479908751177179,0.02547341395049238,0.08626712740257769,0.09536655505581133,96
2026-01,2026-01-07,random_forest,0.11046988645851019,0.17672717332220586,0.10778037699956966,0.04817308370651924,0.17276668921050117,96
2026-01,2026-01-08,random_forest,0.23496233004003844,0.2867285693321353,0.22876251697337158,0.14018917822524413,0.3297354818548328,96
2026-01,2026-01-09,random_forest,0.17402264623476935,0.2002584308826956,0.15082510620561287,0.16350913440201578,0.18453615806752288,96
2026-01,2026-01-10,random_forest,0.21787685663350564,0.24759466667240798,0.17006309851054058,0.2259851690597259,0.20976854420728538,96
2026-01,2026-01-11,random_forest,0.24209770645602333,0.2874362664776205,0.19822359728309455,0.21988007617753014,0.2643153367345165,96
2026-01,2026-01-12,random_forest,0.21005080224199846,0.24873919763188118,-0.006364311173793106,0.20988422794860828,0.21021737653538863,96
2026-01,2026-01-13,random_forest,0.17195862708160872,0.23962058373219014,-0.11052713700428117,0.1523326618037788,0.19158459235943867,96
2026-01,2026-01-14,random_forest,0.1130292153850302,0.1895841100958185,-0.025599169566534463,0.16953333507067012,0.056525095699390314,96
2026-01,2026-01-15,random_forest,0.12025048977501306,0.18304974337376984,-0.04439779998726309,0.06491713188974273,0.17558384766028337,96
2026-01,2026-01-16,random_forest,0.1734215970877353,0.241811961915774,0.0757202953917734,0.11940809577573201,0.22743509839973855,96
2026-01,2026-01-17,random_forest,0.10686103426423772,0.1522938240545442,0.06673789551418323,0.14356555683405228,0.0701565116944232,96
2026-01,2026-01-18,random_forest,0.19845612971881502,0.2627711702535404,0.17920240005860413,0.07247486200804325,0.3244373974295868,96
2026-01,2026-01-19,random_forest,0.17228422509625543,0.23689741280386012,0.1665797862346109,0.2858807997599519,0.058687650432558976,96
2026-01,2026-01-20,random_forest,0.16347038052457635,0.22785569638585604,0.07982534041143703,0.07898322030236063,0.24795754074679208,96
2026-01,2026-01-21,random_forest,0.21091830380714918,0.258089272631934,0.04256452284788726,0.26876229056816076,0.15307431704613758,96
2026-01,2026-01-22,random_forest,0.287863195549033,0.3431276692691003,0.10574098371183198,0.27386698906927237,0.3018594020287937,96
2026-01,2026-01-23,random_forest,0.19090951108120904,0.22703717109553131,0.014358948576231887,0.2152014872969887,0.16661753486542932,96
2026-01,2026-01-24,random_forest,0.19317181568067188,0.24697973269575174,0.03333877749276345,0.21790993085339913,0.1684337005079446,96
2026-01,2026-01-25,random_forest,0.17348626058447136,0.22406166299324026,0.0003552850044581668,0.13668208992314332,0.21029043124579938,96
2026-01,2026-01-26,random_forest,0.1304252991187411,0.19697367298128132,-0.0028309786167483772,0.1444513922285705,0.11639920600891168,96
2026-01,2026-01-27,random_forest,0.17561534641272306,0.23698433161365712,0.12810353406704972,0.20793848760988545,0.1432922052155607,96
2026-01,2026-01-28,random_forest,0.1666513632411524,0.2418355259696378,-0.07639200636444247,0.09259044248183308,0.2407122840004717,96
2026-01,2026-01-29,random_forest,0.15116397983667174,0.19653024079287623,-0.03889034714414896,0.18526290698065306,0.1170650526926904,96
2026-01,2026-01-30,random_forest,0.21863741297262893,0.29295205568541777,0.09618552049951944,0.15358869569044878,0.2865143353540345,94
2026-01,2026-01-31,random_forest,0.2706320017674161,0.33545003006027785,0.09843429634536079,0.2706320017674161,,46
2026-01,2026-01-01,extra_trees,0.15809160847878745,0.22825507593705005,-0.03291749905385665,0.1060917188396663,0.21009149811790861,96
2026-01,2026-01-02,extra_trees,0.1856155879889405,0.23175607210909324,0.007595337419921425,0.20162054389159656,0.1696106320862845,96
2026-01,2026-01-03,extra_trees,0.1714738925543383,0.20133070180332963,0.14033747261396454,0.18465173736435267,0.15829604774432385,96
2026-01,2026-01-04,extra_trees,0.14893031212149957,0.17748534820972828,0.086140775785235,0.14389741434585748,0.1539632098971417,96
2026-01,2026-01-05,extra_trees,0.0923159483947637,0.1289194417124865,-0.0111859750239458,0.07040059389615343,0.114231302893374,96
2026-01,2026-01-06,extra_trees,0.09289698575506812,0.11366193687173473,0.02088676764497235,0.09199321458218945,0.0938007569279468,96
2026-01,2026-01-07,extra_trees,0.11628132137253162,0.1876047718266931,0.11425168509829477,0.0490689057942579,0.1834937369508054,96
2026-01,2026-01-08,extra_trees,0.22483964471127582,0.2750430411126752,0.2195863624570833,0.11929212136814242,0.3303871680544092,96
2026-01,2026-01-09,extra_trees,0.17645032499790014,0.1972667828312738,0.15720736974867247,0.1730788708682238,0.17982177912757644,96
2026-01,2026-01-10,extra_trees,0.20472281713013693,0.2334080934613547,0.1552901221987417,0.20649672131762073,0.20294891294265313,96
2026-01,2026-01-11,extra_trees,0.23541089729048273,0.275040786582461,0.18477373368706,0.21206890738717965,0.2587528871937858,96
2026-01,2026-01-12,extra_trees,0.20739463611825268,0.24783014864784628,-0.0012527454247332054,0.21494050750264856,0.19984876473385682,96
2026-01,2026-01-13,extra_trees,0.17397001832470602,0.23394375860413288,-0.09860711571779139,0.1527304050055566,0.19520963164385538,96
2026-01,2026-01-14,extra_trees,0.11317735046235682,0.1746239621447135,-0.004292808501227965,0.15914058271277698,0.06721411821193664,96
2026-01,2026-01-15,extra_trees,0.12226575855682137,0.17948160826619072,-0.034268865396144,0.07032199448631322,0.17420952262732955,96
2026-01,2026-01-16,extra_trees,0.16809042834250387,0.22387375163561368,0.06297235536596368,0.12671644724730466,0.2094644094377031,96
2026-01,2026-01-17,extra_trees,0.10073323212712308,0.13495076229560438,0.06969481433103315,0.12855028589811382,0.07291617835613232,96
2026-01,2026-01-18,extra_trees,0.19462098715394263,0.25717792866182376,0.18368718719940327,0.07774465155824384,0.3114973227496414,96
2026-01,2026-01-19,extra_trees,0.16809191465222875,0.2280037732064954,0.16446307967837312,0.2668415155980354,0.0693423137064222,96
2026-01,2026-01-20,extra_trees,0.16920514129247924,0.23213806476017887,0.0737995753241621,0.07898206407745365,0.2594282185075049,96
2026-01,2026-01-21,extra_trees,0.20334691444623065,0.2522503194810977,0.03456424643295842,0.26991669052570294,0.1367771383667583,96
2026-01,2026-01-22,extra_trees,0.2784024587075377,0.3329038112247322,0.0990492882727278,0.27334725931991316,0.2834576580951622,96
2026-01,2026-01-23,extra_trees,0.19933840577080478,0.2276160067324217,0.011280954003532866,0.22540852052300828,0.1732682910186013,96
2026-01,2026-01-24,extra_trees,0.18861498042779593,0.23039925080372506,0.026409637717794577,0.21370708282684747,0.16352287802874443,96
2026-01,2026-01-25,extra_trees,0.1712589644686089,0.21692601502868222,0.00826752396660063,0.13462401919889375,0.207893909738324,96
2026-01,2026-01-26,extra_trees,0.13944040510949895,0.20084847305451525,0.021734975060868782,0.14766760709671742,0.13121320312228044,96
2026-01,2026-01-27,extra_trees,0.18379807663286837,0.23677547059795206,0.1435517885471911,0.20930661418355467,0.1582895390821821,96
2026-01,2026-01-28,extra_trees,0.16523441622210758,0.22686140894562698,-0.0514497941290458,0.10996702862549328,0.22050180381872186,96
2026-01,2026-01-29,extra_trees,0.1496476380938267,0.18751683694611632,-0.027307430902566824,0.17304045893375228,0.1262548172539011,96
2026-01,2026-01-30,extra_trees,0.2228828531420379,0.2926271937809215,0.0907199060767378,0.15995326894142334,0.28854850622094025,94
2026-01,2026-01-31,extra_trees,0.2754372491418238,0.3383315344330659,0.09293777268562564,0.2754372491418238,,46
2026-01,2026-01-01,hist_gradient_boosting,0.16236248520777186,0.2190886095077524,-0.038947264678552966,0.12180786517845166,0.20291710523709205,96
2026-01,2026-01-02,hist_gradient_boosting,0.1939218423518505,0.2370749233977311,0.03786421207036581,0.1878893516929813,0.19995433301071977,96
2026-01,2026-01-03,hist_gradient_boosting,0.19784432348898764,0.22624945560465118,0.16917586922507086,0.21286099028952468,0.18282765668845066,96
2026-01,2026-01-04,hist_gradient_boosting,0.16405461374918065,0.19446770535905789,0.1047463735440282,0.1522076050159784,0.17590162248238292,96
2026-01,2026-01-05,hist_gradient_boosting,0.1673609690480494,0.20809221687238116,-0.0462363799539707,0.1074201150111437,0.22730182308495508,96
2026-01,2026-01-06,hist_gradient_boosting,0.16620048338141233,0.18898763933174845,-0.024368182460192945,0.21218848017285416,0.12021248658997047,96
2026-01,2026-01-07,hist_gradient_boosting,0.1534726326443793,0.22746074397550956,0.1534726326443793,0.07884813839348775,0.2280971268952708,96
2026-01,2026-01-08,hist_gradient_boosting,0.2883625804619299,0.3376120096028741,0.2864492702954439,0.16447967772495284,0.4122454831989071,96
2026-01,2026-01-09,hist_gradient_boosting,0.24013552573295435,0.2559813734091693,0.22032051506185715,0.22328080610652212,0.2569902453593866,96
2026-01,2026-01-10,hist_gradient_boosting,0.23148624350552385,0.2563334742120641,0.16268535166581435,0.27552914641786663,0.1874433405931811,96
2026-01,2026-01-11,hist_gradient_boosting,0.20938210371289098,0.24878988240196462,0.1472001152893034,0.18459354196838598,0.23417066545739598,96
2026-01,2026-01-12,hist_gradient_boosting,0.20437406802872718,0.2419493504387402,-0.02466545199660722,0.1975683944597798,0.21117974159767453,96
2026-01,2026-01-13,hist_gradient_boosting,0.17329779225128097,0.23891679150488151,-0.1135546292402891,0.15455597227298057,0.19203961222958132,96
2026-01,2026-01-14,hist_gradient_boosting,0.10456606283132075,0.174385403280548,-0.03199607804880311,0.15878645021175386,0.05034567545088767,96
2026-01,2026-01-15,hist_gradient_boosting,0.1107784398757301,0.1753868915103337,-0.05792137587682946,0.05290443808689954,0.16865244166456064,96
2026-01,2026-01-16,hist_gradient_boosting,0.15487715225150525,0.22130095051172466,0.051085486062056464,0.11474684390654401,0.19500746059646648,96
2026-01,2026-01-17,hist_gradient_boosting,0.09930577391429089,0.13827707588735436,0.065261107370703,0.121080582326112,0.0775309655024698,96
2026-01,2026-01-18,hist_gradient_boosting,0.18360265689467972,0.25765431761435564,0.1642427240298325,0.05839173808674251,0.30881357570261697,96
2026-01,2026-01-19,hist_gradient_boosting,0.1589267778956478,0.2260534606707089,0.15244527783147985,0.26588169831360786,0.05197185747768773,96
2026-01,2026-01-20,hist_gradient_boosting,0.15748078423484158,0.23244943940138985,0.07945844510635794,0.06323459825928247,0.25172697021040064,96
2026-01,2026-01-21,hist_gradient_boosting,0.2006771371097309,0.24831018314746253,0.05408644126145674,0.2547918298137471,0.14656244440571464,96
2026-01,2026-01-22,hist_gradient_boosting,0.28181571595559357,0.3468175691632577,0.10204846597773881,0.2755782861801191,0.288053145731068,96
2026-01,2026-01-23,hist_gradient_boosting,0.19053313718769363,0.22369933750797658,-0.004851019903823209,0.2199845891001205,0.16108168527526678,96
2026-01,2026-01-24,hist_gradient_boosting,0.1794687050071416,0.23451116805102856,0.013881031626153444,0.2115013552063497,0.14743605480793345,96
2026-01,2026-01-25,hist_gradient_boosting,0.17129339640635202,0.22103078341381255,-0.042345681520422646,0.1394772347198709,0.20310955809283315,96
2026-01,2026-01-26,hist_gradient_boosting,0.12921398693418953,0.2104627893421328,-0.04608101461187141,0.14439635868965306,0.114031615178726,96
2026-01,2026-01-27,hist_gradient_boosting,0.14998528812088033,0.198647756893624,0.08119839041855643,0.16176165764926598,0.13820891859249465,96
2026-01,2026-01-28,hist_gradient_boosting,0.1688680651662254,0.24648645357279755,-0.09683533920766825,0.0913890394666443,0.24634709086580642,96
2026-01,2026-01-29,hist_gradient_boosting,0.15904175139653204,0.20662828269690778,-0.07835941961176701,0.19323814552898902,0.12484535726407507,96
2026-01,2026-01-30,hist_gradient_boosting,0.21450202373029623,0.27280952014330123,0.055228382071805075,0.16322870853050353,0.268004613503993,94
2026-01,2026-01-31,hist_gradient_boosting,0.25284593148457435,0.31852027637923486,0.0788487659009639,0.25284593148457435,,46
2026-01,2026-01-01,catboost,0.16920507506615914,0.2461809199699732,-0.07009403607745243,0.1180557401436319,0.2203544099886864,96
2026-01,2026-01-02,catboost,0.16654606890470505,0.22787214981564935,-0.03950854709202819,0.21253707954877132,0.12055505826063873,96
2026-01,2026-01-03,catboost,0.1404694320929323,0.17869185365176876,0.10697852746348001,0.14715773464327495,0.1337811295425896,96
2026-01,2026-01-04,catboost,0.11424811078572435,0.15122766506384755,0.021504839097173167,0.13053057577136187,0.09796564580008682,96
2026-01,2026-01-05,catboost,0.07526408149620652,0.13485580469132583,-0.04543272599708855,0.05487754714315734,0.09565061584925572,96
2026-01,2026-01-06,catboost,0.05836690286439317,0.10119535631896315,-0.008908821404900099,0.07688828677267324,0.039845518956113095,96
2026-01,2026-01-07,catboost,0.07679915164898064,0.169613707629647,0.07168018742582587,0.013996570762557217,0.13960173253540406,96
2026-01,2026-01-08,catboost,0.17419789791941684,0.22929541482587604,0.16340368023151577,0.08227556433205675,0.26612023150677694,96
2026-01,2026-01-09,catboost,0.11643448710194339,0.14440009515749777,0.0902253531714328,0.09811628430319823,0.13475268990068853,96
2026-01,2026-01-10,catboost,0.18563280733629814,0.22327998234947802,0.12254493534268518,0.14543422922245355,0.22583138545014272,96
2026-01,2026-01-11,catboost,0.22570667583166917,0.26945082457004116,0.15492016165301817,0.2321817851309186,0.2192315665324197,96
2026-01,2026-01-12,catboost,0.22731194427020865,0.27653303240835236,-0.05622181784795979,0.2038422636164893,0.250781624923928,96
2026-01,2026-01-13,catboost,0.19033538756636023,0.26405082218148473,-0.14355339543627355,0.17382393164719756,0.20684684348552293,96
2026-01,2026-01-14,catboost,0.10895674054602732,0.19813345990407058,-0.07244244043387714,0.1755953987748384,0.04231808231721623,96
2026-01,2026-01-15,catboost,0.11084549254259146,0.1834266662939133,-0.0828426879238127,0.050710067173275704,0.17098091791190717,96
2026-01,2026-01-16,catboost,0.18055401372388205,0.2661909043574817,0.08213468595543012,0.11007546766012237,0.2510325597876417,96
2026-01,2026-01-17,catboost,0.13860978795227893,0.1828541947041242,0.10950671854806543,0.1820899013619036,0.09512967454265431,96
2026-01,2026-01-18,catboost,0.20460427863200456,0.28628612692091376,0.18326844333571027,0.08999710284423397,0.31921145441977505,96
2026-01,2026-01-19,catboost,0.15668806042699615,0.24719158534272365,0.12205647384770502,0.286486756237092,0.02688936461690024,96
2026-01,2026-01-20,catboost,0.12501947613646877,0.24262416949532997,0.10372514510772751,0.03186641312076347,0.21817253915217405,96
2026-01,2026-01-21,catboost,0.1652038636605823,0.234839545279477,0.06955189311780292,0.20810776463426375,0.12229996268690087,96
2026-01,2026-01-22,catboost,0.27171096735322164,0.34696465600777787,0.10234967943517502,0.2626844269223953,0.280737507784048,96
2026-01,2026-01-23,catboost,0.1531124186669173,0.2011310713712271,0.019733157838836616,0.2009717004466954,0.10525313688713922,96
2026-01,2026-01-24,catboost,0.14414232728225204,0.21341487271156764,0.028414203221246003,0.1321716379229737,0.15611301664153032,96
2026-01,2026-01-25,catboost,0.1951807014082617,0.2507109753733484,-0.025801015482234128,0.14508909707296916,0.24527230574355427,96
2026-01,2026-01-26,catboost,0.13093214264239392,0.2228880012976618,-0.03215675378196702,0.1613797322977626,0.10048455298702526,96
2026-01,2026-01-27,catboost,0.15648319401095748,0.22271219865287845,0.09023143852996081,0.1752307988298977,0.13773558919201723,96
2026-01,2026-01-28,catboost,0.1501116107516485,0.23898911952576815,-0.09483342928394205,0.07775969759311548,0.22246352391018162,96
2026-01,2026-01-29,catboost,0.14545192798295167,0.20887397881551822,-0.0006343412973885548,0.1581855325198361,0.13271832344606724,96
2026-01,2026-01-30,catboost,0.25599860909504096,0.35453369797742457,0.17044854579930263,0.20907579209367802,0.3049615485747241,94
2026-01,2026-01-31,catboost,0.2935646136915123,0.3972798945557567,0.1591401661237235,0.2935646136915123,,46
2026-01,2026-01-01,mlp,0.15028798018831088,0.2103525359455308,-0.023258147743766222,0.10073512761618858,0.19984083276043316,96
2026-01,2026-01-02,mlp,0.1716084075046449,0.2227675270375743,-0.019169207689637365,0.19013703218113384,0.1530797828281559,96
2026-01,2026-01-03,mlp,0.16168259517194902,0.19790124054227737,0.0730688138419569,0.18142923947131337,0.14193595087258462,96
2026-01,2026-01-04,mlp,0.11890440802271944,0.15682943420027706,0.03850541569265769,0.12899892426583812,0.10880989177960072,96
2026-01,2026-01-05,mlp,0.10169148654441285,0.15254299937775653,-0.046186452765374274,0.04973988775201568,0.15364308533681,96
2026-01,2026-01-06,mlp,0.08379597297305452,0.12212260486724519,-0.005966244788649521,0.10743197012792027,0.06015997581818878,96
2026-01,2026-01-07,mlp,0.08384331346682396,0.15795955524769065,0.07514656800984625,0.02185508862285122,0.14583153831079668,96
2026-01,2026-01-08,mlp,0.17473888452123446,0.2306915189213613,0.15969448142712586,0.08801508154379527,0.2614626874986737,96
2026-01,2026-01-09,mlp,0.12124825318589183,0.15437597749498608,0.08678482184336796,0.07946274004911269,0.16303376632267094,96
2026-01,2026-01-10,mlp,0.17972580758287762,0.20394384347642724,0.0798744038524951,0.18501776895209374,0.17443384621366154,96
2026-01,2026-01-11,mlp,0.1925110486914605,0.22407742104288267,0.09309258349921679,0.18101702631322802,0.20400507106969293,96
2026-01,2026-01-12,mlp,0.20504995393249104,0.24096861311988774,-0.05926708964186513,0.17057626244391333,0.23952364542106874,96
2026-01,2026-01-13,mlp,0.18711038251212794,0.24031499157827993,-0.12100759335042847,0.17461932116751844,0.19960144385673742,96
2026-01,2026-01-14,mlp,0.13135482139163232,0.1860850373275685,-0.004728450297411559,0.1740043177517577,0.08870532503150687,96
2026-01,2026-01-15,mlp,0.157453627920932,0.2583020919496921,-0.08810552196759514,0.06166453462743229,0.2532427212144317,96
2026-01,2026-01-16,mlp,0.1482267770289316,0.21199538633890394,-0.036840599917373255,0.16920172894517396,0.1272518251126893,96
2026-01,2026-01-17,mlp,0.12271734004664114,0.16036964164055287,0.0827314449741983,0.08869039214601514,0.15674428794726714,96
2026-01,2026-01-18,mlp,0.2711318708622004,0.320936903954086,0.26949320390312476,0.17451490092670233,0.3677488407976985,96
2026-01,2026-01-19,mlp,0.19411598963084942,0.25342297989848667,0.19194902810242795,0.3173032268869495,0.07092875237474933,96
2026-01,2026-01-20,mlp,0.20626040433064866,0.29925117433515963,0.09368446191590318,0.08291673918540843,0.3296040694758889,96
2026-01,2026-01-21,mlp,0.2593682197517899,0.32651756641513835,0.046579366758973485,0.34119757888606994,0.1775388606175098,96
2026-01,2026-01-22,mlp,0.2958205638622465,0.3479055831239788,0.06340569344161258,0.3183706985989756,0.2732704291255174,96
2026-01,2026-01-23,mlp,0.20676000389604762,0.2427746003436439,-0.030948400470785536,0.24525962861702066,0.16826037917507464,96
2026-01,2026-01-24,mlp,0.16915242262369742,0.21876377345358855,0.05211084699303319,0.17917081436766402,0.15913403087973085,96
2026-01,2026-01-25,mlp,0.16573121918160813,0.2113803210546755,0.0010716905431391033,0.13544194100629448,0.19602049735692173,96
2026-01,2026-01-26,mlp,0.16539820043168676,0.23064226308649163,0.0441124430529547,0.13716493135815552,0.19363146950521795,96
2026-01,2026-01-27,mlp,0.18609019020091097,0.22910540778153524,0.1268650355810157,0.18669077571148693,0.185489604690335,96
2026-01,2026-01-28,mlp,0.16950728042723284,0.2301502437964803,-0.05714742722560551,0.11156759926475374,0.22744696158971198,96
2026-01,2026-01-29,mlp,0.15875075975751354,0.19291037821468332,-0.023117121347092543,0.168799562443429,0.14870195707159808,96
2026-01,2026-01-30,mlp,0.228836100444354,0.3065499556445846,0.08649655100677237,0.17657964633591727,0.28336457429663575,94
2026-01,2026-01-31,mlp,0.26706393573865417,0.32706900971603997,0.07818169601031469,0.26706393573865417,,46
2026-01,2026-01-01,incumbent,0.15851561161319108,0.23331280022716605,-0.060787994948871826,0.1072135051083747,0.2098177181180075,96
2026-01,2026-01-02,incumbent,0.16851272702142261,0.22469779870360276,-0.020098078499353307,0.2002801926334962,0.13674526140934903,96
2026-01,2026-01-03,incumbent,0.14421826874241017,0.18362735129529828,0.10859524818683548,0.15681978990094397,0.13161674758387634,96
2026-01,2026-01-04,incumbent,0.12031272573696838,0.16109260634866476,0.028975992891049202,0.13900167064166263,0.10162378083227415,96
2026-01,2026-01-05,incumbent,0.0707101638730903,0.1298683401356661,-0.03839612037810539,0.04958206448311725,0.09183826326306337,96
2026-01,2026-01-06,incumbent,0.0499217440295873,0.09185241376473445,-0.004976685724851145,0.06956919256905365,0.03027429549012095,96
2026-01,2026-01-07,incumbent,0.07138293043983412,0.16316960502126104,0.06625814377850124,0.005564963809666414,0.13720089707000183,96
2026-01,2026-01-08,incumbent,0.18222763371006886,0.24287576159797777,0.1729593337877501,0.0781956565174133,0.28625961090272445,96
2026-01,2026-01-09,incumbent,0.13939523147502694,0.16163095921802775,0.11573765625870143,0.12453563362867037,0.15425482932138349,96
2026-01,2026-01-10,incumbent,0.19463758637099735,0.22564024155168447,0.13037427870658472,0.1691017873088347,0.22017338543315992,96
2026-01,2026-01-11,incumbent,0.21996157798373783,0.26649841209291125,0.15037609976239988,0.23091243025381533,0.20901072571366028,96
2026-01,2026-01-12,incumbent,0.2190394626349623,0.26821931486060463,-0.05984934976974033,0.19287546462974445,0.24520346064018014,96
2026-01,2026-01-13,incumbent,0.186159006311302,0.25964727043771474,-0.141243763924504,0.1658327934331745,0.2064852191894295,96
2026-01,2026-01-14,incumbent,0.10934583578425416,0.2041550424722759,-0.07698649982983448,0.17981503246435127,0.03887663910415704,96
2026-01,2026-01-15,incumbent,0.11855774377127652,0.19909152930190255,-0.09609339909539423,0.046456567764605335,0.19065891977794772,96
2026-01,2026-01-16,incumbent,0.16449162535206224,0.25510202910911894,0.04623018750636728,0.11962062118963074,0.20936262951449372,96
2026-01,2026-01-17,incumbent,0.11058768097607674,0.15846413690608846,0.08368729739206855,0.13570716790638,0.08546819404577348,96
2026-01,2026-01-18,incumbent,0.1972302200358349,0.289069208949576,0.17526299686526312,0.0710874379570662,0.32337300211460357,96
2026-01,2026-01-19,incumbent,0.1596750767422768,0.2504957932742059,0.11510333916619352,0.2914934939111682,0.027856659573385418,96
2026-01,2026-01-20,incumbent,0.12079665637253877,0.23878733698123927,0.08305947370342844,0.02207310180484029,0.21952021094023721,96
2026-01,2026-01-21,incumbent,0.17163603082682646,0.23294645585464666,0.06550284085667034,0.20829389118285177,0.13497817047080116,96
2026-01,2026-01-22,incumbent,0.2736758177581509,0.34404343356900274,0.10034319519444279,0.2596797382724946,0.28767189724380726,96
2026-01,2026-01-23,incumbent,0.1531641821140769,0.20295068412470393,0.008855490481278051,0.21029897962526223,0.09602938460289157,96
2026-01,2026-01-24,incumbent,0.13365263501803984,0.2052148761839646,0.02112115077702091,0.11378679316590527,0.15351847687017442,96
2026-01,2026-01-25,incumbent,0.19311262695147657,0.24990255358082825,-0.03182906645783314,0.14568041138338395,0.2405448425195692,96
2026-01,2026-01-26,incumbent,0.1353053447330319,0.22870663085651916,-0.04101933127719392,0.1709312104642281,0.0996794790018357,96
2026-01,2026-01-27,incumbent,0.15003864295820432,0.21828620341307653,0.08188735367808558,0.16323668348647877,0.13684060242992988,96
2026-01,2026-01-28,incumbent,0.14728834263267188,0.235667758789605,-0.10113585653143194,0.06825476022860034,0.2263219250367434,96
2026-01,2026-01-29,incumbent,0.13989590454334322,0.19433985448921323,-0.005204621722894302,0.15526641940810926,0.1245253896785772,96
2026-01,2026-01-30,incumbent,0.24184036161602795,0.33751964239897136,0.16574636878513846,0.2056081230134523,0.2796479149404547,94
2026-01,2026-01-31,incumbent,0.27238659667867443,0.3654917250493894,0.14797463872270236,0.27238659667867443,,46
