month,issue_date,mae_selected,n_selected,mae_reference,n_reference,candidate,reference,n,delta_mae
2025-10,2025-10-01,0.39081693539066104,96,0.26270340202702175,96,naive,incumbent,96,0.1281135333636393
2025-10,2025-10-02,0.27038143221395655,66,0.2757254327613691,66,naive,incumbent,66,-0.005344000547412575
2025-10,2025-10-03,0.24286542610571737,18,0.1055189793151067,18,naive,incumbent,18,0.13734644679061067
2025-10,2025-10-04,0.4922249716303113,22,0.17697953600808589,22,naive,incumbent,22,0.3152454356222254
2025-10,2025-10-05,0.33956395665062145,68,0.098256302654463,68,naive,incumbent,68,0.24130765399615844
2025-10,2025-10-06,0.25498033906807926,94,0.09380693689936288,94,naive,incumbent,94,0.1611734021687164
2025-10,2025-10-07,0.26733640584065343,96,0.08578865760655728,96,naive,incumbent,96,0.18154774823409614
2025-10,2025-10-08,0.26223742342810913,96,0.04975842468696024,96,naive,incumbent,96,0.2124789987411489
2025-10,2025-10-09,0.2625499234281092,96,0.04680344248800113,96,naive,incumbent,96,0.21574648094010804
2025-10,2025-10-10,0.2723738730929265,96,0.0626869253641727,96,naive,incumbent,96,0.2096869477287538
2025-10,2025-10-11,0.2376397557404839,96,0.1005094370715317,96,naive,incumbent,96,0.1371303186689522
2025-10,2025-10-12,0.32383314551548775,96,0.19507590805887287,96,naive,incumbent,96,0.12875723745661488
2025-10,2025-10-13,0.4680364366620435,96,0.1841356975326056,96,naive,incumbent,96,0.28390073912943786
2025-10,2025-10-14,0.45487579942980433,96,0.12398747645596504,96,naive,incumbent,96,0.3308883229738393
2025-10,2025-10-15,0.3291858577978117,96,0.11906467705674907,96,naive,incumbent,96,0.21012118074106262
2025-10,2025-10-16,0.28467555671135764,96,0.08955328485929165,96,naive,incumbent,96,0.195122271852066
2025-10,2025-10-17,0.31309384150100167,96,0.07825219978594379,96,naive,incumbent,96,0.2348416417150579
2025-10,2025-10-18,0.2975894783479735,96,0.10686543846267627,96,naive,incumbent,96,0.19072403988529724
2025-10,2025-10-19,0.2668603116813068,96,0.1885563204454149,96,naive,incumbent,96,0.0783039912358919
2025-10,2025-10-20,0.26015981372322394,96,0.09095808418765457,96,naive,incumbent,96,0.1692017295355694
2025-10,2025-10-21,0.27510773038989056,96,0.06453893108673875,96,naive,incumbent,96,0.2105687993031518
2025-10,2025-10-22,0.27599863711665895,96,0.059908607157519556,96,naive,incumbent,96,0.2160900299591394
2025-10,2025-10-23,0.34225419941439367,96,0.08035513116102487,96,naive,incumbent,96,0.2618990682533688
2025-10,2025-10-24,0.30534544036061023,96,0.15251886269411186,96,naive,incumbent,96,0.15282657766649838
2025-10,2025-10-25,0.23537734531514873,96,0.12516900718026794,96,naive,incumbent,96,0.11020833813488079
2025-10,2025-10-26,0.2679458265911543,96,0.14879755003416648,96,naive,incumbent,96,0.11914827655698781
2025-10,2025-10-27,0.24791021343812605,96,0.15165935843351008,96,naive,incumbent,96,0.09625085500461597
2025-10,2025-10-28,0.18813501695176452,96,0.1334576664799464,96,naive,incumbent,96,0.054677350471818126
2025-10,2025-10-29,0.19611655301279088,96,0.1682455525650084,96,naive,incumbent,96,0.027871000447782485
2025-10,2025-10-30,0.28049157709200184,96,0.11012952620363459,96,naive,incumbent,96,0.17036205088836726
2025-10,2025-10-31,0.3821034635537062,96,0.14342947635381814,96,naive,incumbent,96,0.23867398719988808
2025-11,2025-11-01,0.4411579133399867,96,0.1418811441241355,96,naive,incumbent,96,0.2992767692158512
2025-11,2025-11-02,0.30126736111111113,96,0.13380542683415328,96,naive,incumbent,96,0.16746193427695785
2025-11,2025-11-03,0.37727207564038584,96,0.13454826143628315,96,naive,incumbent,96,0.2427238142041027
2025-11,2025-11-04,0.5514078093812375,96,0.1611571972536581,96,naive,incumbent,96,0.3902506121275794
2025-11,2025-11-05,0.440945380073187,96,0.22571547518814117,96,naive,incumbent,96,0.21522990488504584
2025-11,2025-11-06,0.4051284774201596,96,0.19781870489138553,96,naive,incumbent,96,0.20730977252877408
2025-11,2025-11-07,0.4159986121506986,96,0.20935617814732885,96,naive,incumbent,96,0.20664243400336976
2025-11,2025-11-08,0.3256495706503659,96,0.2530232875307073,96,naive,incumbent,96,0.07262628311965863
2025-11,2025-11-09,0.24612650220392548,96,0.13903978323688665,96,naive,incumbent,96,0.10708671896703884
2025-11,2025-11-10,0.3277174037341983,96,0.17600459254430925,96,naive,incumbent,96,0.15171281118988902
2025-11,2025-11-11,0.38040941554391217,96,0.17689166037219986,96,naive,incumbent,96,0.2035177551717123
2025-11,2025-11-12,0.24070693508815702,96,0.1357766649090958,96,naive,incumbent,96,0.10493027017906123
2025-11,2025-11-13,0.18004431241683302,96,0.175958827842935,96,naive,incumbent,96,0.004085484573898013
2025-11,2025-11-14,0.1535144138805722,96,0.0967320255867102,96,naive,incumbent,96,0.05678238829386199
2025-11,2025-11-15,0.310338001081171,96,0.13542878410658135,96,naive,incumbent,96,0.17490921697458964
2025-11,2025-11-16,0.3688675877411843,96,0.2007963014209532,96,naive,incumbent,96,0.16807128632023108
2025-11,2025-11-17,0.3775685140136394,96,0.19951353559599028,96,naive,incumbent,96,0.1780549784176491
2025-11,2025-11-18,0.37060748814870265,96,0.1845797125399622,96,naive,incumbent,96,0.18602777560874045
2025-11,2025-11-19,0.24307529732202263,96,0.09810433949344366,96,naive,incumbent,96,0.14497095782857897
2025-11,2025-11-20,0.21017915211244179,96,0.07647721997440361,96,naive,incumbent,96,0.13370193213803816
2025-11,2025-11-21,0.23882260479041917,96,0.2099844072041467,96,naive,incumbent,96,0.028838197586272457
2025-11,2025-11-22,0.359245181511976,96,0.15816124384828847,96,naive,incumbent,96,0.2010839376636875
2025-11,2025-11-23,0.31372869885229543,96,0.08804240685296828,96,naive,incumbent,96,0.22568629199932716
2025-11,2025-11-24,0.303924801438789,96,0.08981826733376559,96,naive,incumbent,96,0.21410653410502345
2025-11,2025-11-25,0.5001703000249501,96,0.13168644398641036,96,naive,incumbent,96,0.3684838560385397
2025-11,2025-11-26,0.40712199559214907,96,0.13228090780331916,96,naive,incumbent,96,0.2748410877888299
2025-11,2025-11-27,0.21843884106786426,96,0.11492453847297068,96,naive,incumbent,96,0.10351430259489358
2025-11,2025-11-28,0.22383327615602125,96,0.07271486578721816,96,naive,incumbent,96,0.15111841036880308
2025-11,2025-11-29,0.22184187874251496,96,0.062286130750435376,96,naive,incumbent,96,0.15955574799207958
2025-11,2025-11-30,0.31174046178476383,96,0.07391168344099025,96,naive,incumbent,96,0.23782877834377358
2025-12,2025-12-01,0.362024339266451,96,0.09732226783094163,96,naive,incumbent,96,0.2647020714355094
2025-12,2025-12-02,0.25313301837725377,96,0.10937981059617939,96,naive,incumbent,96,0.14375320778107437
2025-12,2025-12-03,0.2352798967483433,96,0.10640834415931837,96,naive,incumbent,96,0.12887155258902494
2025-12,2025-12-04,0.32807021979503775,96,0.16474641079522168,96,naive,incumbent,96,0.16332380899981608
2025-12,2025-12-05,0.3316542658730159,96,0.16394787945320313,96,naive,incumbent,96,0.16770638641981275
2025-12,2025-12-06,0.3087524560795192,96,0.16272775606124326,96,naive,incumbent,96,0.14602470001827592
2025-12,2025-12-07,0.3052898655416859,96,0.15295528506252998,96,naive,incumbent,96,0.15233458047915593
2025-12,2025-12-08,0.34744649599321925,96,0.20625421410236333,96,naive,incumbent,96,0.14119228189085592
2025-12,2025-12-09,0.45866048250388997,93,0.08891144899416858,93,naive,incumbent,93,0.3697490335097214
2025-12,2025-12-10,0.48714977436732393,92,0.11084946696849506,92,naive,incumbent,92,0.37630030739882886
2025-12,2025-12-11,0.5118672250080017,91,0.09064586454936256,91,naive,incumbent,91,0.42122136045863917
2025-12,2025-12-12,0.4432524975376389,92,0.21066402818045268,92,naive,incumbent,92,0.23258846935718622
2025-12,2025-12-13,0.3338371426645092,96,0.3942949207055692,96,naive,incumbent,96,-0.060457778041060006
2025-12,2025-12-14,0.39692809466019413,96,0.22444322673945952,96,naive,incumbent,96,0.1724848679207346
2025-12,2025-12-15,0.4089763686623517,96,0.24811709930007453,96,naive,incumbent,96,0.16085926936227718
2025-12,2025-12-16,0.34019728097549695,96,0.1929408342438951,96,naive,incumbent,96,0.14725644673160185
2025-12,2025-12-17,0.3155740002311604,96,0.192871477535546,96,naive,incumbent,96,0.12270252269561438
2025-12,2025-12-18,0.38938191073354905,96,0.1260842898320513,96,naive,incumbent,96,0.2632976209014978
2025-12,2025-12-19,0.3824896218600709,96,0.16184550921791724,96,naive,incumbent,96,0.22064411264215367
2025-12,2025-12-20,0.24651116312220678,96,0.22407326717505324,96,naive,incumbent,96,0.022437895947153536
2025-12,2025-12-21,0.2795545105177994,96,0.2114925049802431,96,naive,incumbent,96,0.06806200553755629
2025-12,2025-12-22,0.37968615156418545,96,0.0817790418919106,96,naive,incumbent,96,0.29790710967227485
2025-12,2025-12-23,0.2794489954153182,96,0.14244617844099253,96,naive,incumbent,96,0.13700281697432568
2025-12,2025-12-24,0.17655212186007088,96,0.4067069839403678,96,naive,incumbent,96,-0.23015486208029692
2025-12,2025-12-25,0.22952915510864538,96,0.34732853209099684,96,naive,incumbent,96,-0.11779937698235146
2025-12,2025-12-26,0.3049909221374634,96,0.15330205727953491,96,naive,incumbent,96,0.1516888648579285
2025-12,2025-12-27,0.3281736159269533,96,0.18975839469487654,96,naive,incumbent,96,0.13841522123207678
2025-12,2025-12-28,0.33411179014486053,96,0.1564709306975097,96,naive,incumbent,96,0.17764085944735084
2025-12,2025-12-29,0.41995550161812295,96,0.24872211031126015,96,naive,incumbent,96,0.1712333913068628
2025-12,2025-12-30,0.41352288488210814,96,0.2703966102298227,96,naive,incumbent,96,0.14312627465228545
2025-12,2025-12-31,0.33845175489289564,96,0.19376480604664112,96,naive,incumbent,96,0.14468694884625452
2026-01,2026-01-01,0.3179875732828445,96,0.15851561161319108,96,naive,incumbent,96,0.1594719616696534
2026-01,2026-01-02,0.24369436983102663,96,0.16851272702142261,96,naive,incumbent,96,0.07518164280960402
2026-01,2026-01-03,0.22474574415115092,96,0.14421826874241017,96,naive,incumbent,96,0.08052747540874075
2026-01,2026-01-04,0.2707375614495225,96,0.12031272573696838,96,naive,incumbent,96,0.1504248357125541
2026-01,2026-01-05,0.3765843290411876,96,0.0707101638730903,96,naive,incumbent,96,0.3058741651680973
2026-01,2026-01-06,0.4332857179300764,96,0.0499217440295873,96,naive,incumbent,96,0.3833639739004891
2026-01,2026-01-07,0.41731847424712515,96,0.07138293043983412,96,naive,incumbent,96,0.345935543807291
2026-01,2026-01-08,0.418082363136014,96,0.18222763371006886,96,naive,incumbent,96,0.23585472942594513
2026-01,2026-01-09,0.3570672139172834,96,0.13939523147502694,96,naive,incumbent,96,0.21767198244225647
2026-01,2026-01-10,0.2234868981756151,96,0.19463758637099735,96,naive,incumbent,96,0.02884931180461775
2026-01,2026-01-11,0.23540035724204708,96,0.21996157798373783,96,naive,incumbent,96,0.015438779258309249
2026-01,2026-01-12,0.34532899943318923,96,0.2190394626349623,96,naive,incumbent,96,0.12628953679822694
2026-01,2026-01-13,0.33593663832207815,96,0.186159006311302,96,naive,incumbent,96,0.14977763201077615
2026-01,2026-01-14,0.34457095076149313,96,0.10934583578425416,96,naive,incumbent,96,0.23522511497723897
2026-01,2026-01-15,0.3706100628624967,96,0.11855774377127652,96,naive,incumbent,96,0.25205231909122017
2026-01,2026-01-16,0.34937828565152973,96,0.16449162535206224,96,naive,incumbent,96,0.1848866602994675
2026-01,2026-01-17,0.31966499928946035,96,0.11058768097607674,96,naive,incumbent,96,0.2090773183133836
2026-01,2026-01-18,0.23034846391728345,96,0.1972302200358349,96,naive,incumbent,96,0.033118243881448545
2026-01,2026-01-19,0.2880201616639812,96,0.1596750767422768,96,naive,incumbent,96,0.1283450849217044
2026-01,2026-01-20,0.3892586712381653,96,0.12079665637253877,96,naive,incumbent,96,0.26846201486562654
2026-01,2026-01-21,0.3257462071771529,96,0.17163603082682646,96,naive,incumbent,96,0.15411017635032645
2026-01,2026-01-22,0.27097445618726046,96,0.2736758177581509,96,naive,incumbent,96,-0.0027013615708904593
2026-01,2026-01-23,0.37084431314995464,96,0.1531641821140769,96,naive,incumbent,96,0.21768013103587774
2026-01,2026-01-24,0.37877556588539724,96,0.13365263501803984,96,naive,incumbent,96,0.2451229308673574
2026-01,2026-01-25,0.2524240436690106,96,0.19311262695147657,96,naive,incumbent,96,0.05931141671753404
2026-01,2026-01-26,0.3008268214467884,96,0.1353053447330319,96,naive,incumbent,96,0.1655214767137565
2026-01,2026-01-27,0.3619200303694914,96,0.15003864295820432,96,naive,incumbent,96,0.21188138741128706
2026-01,2026-01-28,0.3758347056204497,96,0.14728834263267188,96,naive,incumbent,96,0.2285463629877778
2026-01,2026-01-29,0.3615188419176249,96,0.13989590454334322,96,naive,incumbent,96,0.22162293737428168
2026-01,2026-01-30,0.3273340210490345,94,0.24184036161602795,94,naive,incumbent,94,0.08549365943300652
2026-01,2026-01-31,0.34315773524312854,46,0.27238659667867443,46,naive,incumbent,46,0.0707711385644541
2025-10,2025-10-01,0.24478070142567687,96,0.26270340202702175,96,isotonic,incumbent,96,-0.017922700601344876
2025-10,2025-10-02,0.20178024540585734,66,0.2757254327613691,66,isotonic,incumbent,66,-0.07394518735551178
2025-10,2025-10-03,0.09793875824162938,18,0.1055189793151067,18,isotonic,incumbent,18,-0.0075802210734773195
2025-10,2025-10-04,0.21756604869293536,22,0.17697953600808589,22,isotonic,incumbent,22,0.040586512684849474
2025-10,2025-10-05,0.11582996061645254,68,0.098256302654463,68,isotonic,incumbent,68,0.017573657961989536
2025-10,2025-10-06,0.10071695000674646,94,0.09380693689936288,94,isotonic,incumbent,94,0.006910013107383581
2025-10,2025-10-07,0.13822959410074767,96,0.08578865760655728,96,isotonic,incumbent,96,0.05244093649419039
2025-10,2025-10-08,0.0851934081884232,96,0.04975842468696024,96,isotonic,incumbent,96,0.035434983501462965
2025-10,2025-10-09,0.08224667423906605,96,0.04680344248800113,96,isotonic,incumbent,96,0.03544323175106492
2025-10,2025-10-10,0.09389107617568232,96,0.0626869253641727,96,isotonic,incumbent,96,0.031204150811509623
2025-10,2025-10-11,0.12074197543302785,96,0.1005094370715317,96,isotonic,incumbent,96,0.020232538361496147
2025-10,2025-10-12,0.22510010761741472,96,0.19507590805887287,96,isotonic,incumbent,96,0.030024199558541853
2025-10,2025-10-13,0.30167080108876326,96,0.1841356975326056,96,isotonic,incumbent,96,0.11753510355615765
2025-10,2025-10-14,0.22671497496541307,96,0.12398747645596504,96,isotonic,incumbent,96,0.10272749850944803
2025-10,2025-10-15,0.14615252833860104,96,0.11906467705674907,96,isotonic,incumbent,96,0.02708785128185197
2025-10,2025-10-16,0.15059603854309309,96,0.08955328485929165,96,isotonic,incumbent,96,0.06104275368380144
2025-10,2025-10-17,0.15086287366031106,96,0.07825219978594379,96,isotonic,incumbent,96,0.07261067387436727
2025-10,2025-10-18,0.14554978492215168,96,0.10686543846267627,96,isotonic,incumbent,96,0.03868434645947541
2025-10,2025-10-19,0.20713219184002982,96,0.1885563204454149,96,isotonic,incumbent,96,0.018575871394614918
2025-10,2025-10-20,0.12927251763254624,96,0.09095808418765457,96,isotonic,incumbent,96,0.038314433444891674
2025-10,2025-10-21,0.10288418848119579,96,0.06453893108673875,96,isotonic,incumbent,96,0.038345257394457044
2025-10,2025-10-22,0.09111523044977667,96,0.059908607157519556,96,isotonic,incumbent,96,0.03120662329225711
2025-10,2025-10-23,0.14449711163684942,96,0.08035513116102487,96,isotonic,incumbent,96,0.06414198047582455
2025-10,2025-10-24,0.16864697945272614,96,0.15251886269411186,96,isotonic,incumbent,96,0.01612811675861428
2025-10,2025-10-25,0.11864268864507399,96,0.12516900718026794,96,isotonic,incumbent,96,-0.006526318535193948
2025-10,2025-10-26,0.16919766884175222,96,0.14879755003416648,96,isotonic,incumbent,96,0.020400118807585743
2025-10,2025-10-27,0.16875542587451384,96,0.15165935843351008,96,isotonic,incumbent,96,0.017096067441003754
2025-10,2025-10-28,0.1433873764874351,96,0.1334576664799464,96,isotonic,incumbent,96,0.009929710007488712
2025-10,2025-10-29,0.1725939908854833,96,0.1682455525650084,96,isotonic,incumbent,96,0.004348438320474907
2025-10,2025-10-30,0.14118281269334534,96,0.11012952620363459,96,isotonic,incumbent,96,0.031053286489710757
2025-10,2025-10-31,0.18005621290214288,96,0.14342947635381814,96,isotonic,incumbent,96,0.03662673654832474
2025-11,2025-11-01,0.21351874436575738,96,0.1418811441241355,96,isotonic,incumbent,96,0.07163760024162188
2025-11,2025-11-02,0.18173385616747526,96,0.13380542683415328,96,isotonic,incumbent,96,0.047928429333321976
2025-11,2025-11-03,0.17177058520340185,96,0.13454826143628315,96,isotonic,incumbent,96,0.037222323767118703
2025-11,2025-11-04,0.18489307025284077,96,0.1611571972536581,96,isotonic,incumbent,96,0.023735872999182672
2025-11,2025-11-05,0.21816442959763913,96,0.22571547518814117,96,isotonic,incumbent,96,-0.007551045590502042
2025-11,2025-11-06,0.2759021825740486,96,0.19781870489138553,96,isotonic,incumbent,96,0.07808347768266305
2025-11,2025-11-07,0.2806994482673193,96,0.20935617814732885,96,isotonic,incumbent,96,0.07134327011999045
2025-11,2025-11-08,0.2795818724703901,96,0.2530232875307073,96,isotonic,incumbent,96,0.026558584939682828
2025-11,2025-11-09,0.16551895061072722,96,0.13903978323688665,96,isotonic,incumbent,96,0.026479167373840568
2025-11,2025-11-10,0.22676624478947724,96,0.17600459254430925,96,isotonic,incumbent,96,0.05076165224516799
2025-11,2025-11-11,0.25366391338974076,96,0.17689166037219986,96,isotonic,incumbent,96,0.0767722530175409
2025-11,2025-11-12,0.14898695861385136,96,0.1357766649090958,96,isotonic,incumbent,96,0.013210293704755571
2025-11,2025-11-13,0.1633650575700021,96,0.175958827842935,96,isotonic,incumbent,96,-0.012593770272932903
2025-11,2025-11-14,0.11369794664776235,96,0.0967320255867102,96,isotonic,incumbent,96,0.016965921061052158
2025-11,2025-11-15,0.17352953510525548,96,0.13542878410658135,96,isotonic,incumbent,96,0.03810075099867413
2025-11,2025-11-16,0.24558555046623587,96,0.2007963014209532,96,isotonic,incumbent,96,0.04478924904528267
2025-11,2025-11-17,0.23868162785385497,96,0.19951353559599028,96,isotonic,incumbent,96,0.03916809225786469
2025-11,2025-11-18,0.2220349378297073,96,0.1845797125399622,96,isotonic,incumbent,96,0.0374552252897451
2025-11,2025-11-19,0.13447753132208393,96,0.09810433949344366,96,isotonic,incumbent,96,0.03637319182864027
2025-11,2025-11-20,0.10241056131055443,96,0.07647721997440361,96,isotonic,incumbent,96,0.025933341336150814
2025-11,2025-11-21,0.19981052557604753,96,0.2099844072041467,96,isotonic,incumbent,96,-0.01017388162809918
2025-11,2025-11-22,0.20013769151365726,96,0.15816124384828847,96,isotonic,incumbent,96,0.04197644766536879
2025-11,2025-11-23,0.15564775519393118,96,0.08804240685296828,96,isotonic,incumbent,96,0.06760534834096289
2025-11,2025-11-24,0.12572066661020145,96,0.08981826733376559,96,isotonic,incumbent,96,0.03590239927643586
2025-11,2025-11-25,0.19997538902827403,96,0.13168644398641036,96,isotonic,incumbent,96,0.06828894504186367
2025-11,2025-11-26,0.1873642448423679,96,0.13228090780331916,96,isotonic,incumbent,96,0.055083337039048746
2025-11,2025-11-27,0.13954371734631899,96,0.11492453847297068,96,isotonic,incumbent,96,0.024619178873348302
2025-11,2025-11-28,0.12854465489178063,96,0.07271486578721816,96,isotonic,incumbent,96,0.055829789104562474
2025-11,2025-11-29,0.10306080467082362,96,0.062286130750435376,96,isotonic,incumbent,96,0.04077467392038825
2025-11,2025-11-30,0.1433037888638877,96,0.07391168344099025,96,isotonic,incumbent,96,0.06939210542289745
2025-12,2025-12-01,0.15566796947646924,96,0.09732226783094163,96,isotonic,incumbent,96,0.05834570164552762
2025-12,2025-12-02,0.09453410753925724,96,0.10937981059617939,96,isotonic,incumbent,96,-0.01484570305692215
2025-12,2025-12-03,0.1137169133200263,96,0.10640834415931837,96,isotonic,incumbent,96,0.007308569160707934
2025-12,2025-12-04,0.18994864806944664,96,0.16474641079522168,96,isotonic,incumbent,96,0.025202237274224965
2025-12,2025-12-05,0.20886409205420134,96,0.16394787945320313,96,isotonic,incumbent,96,0.04491621260099821
2025-12,2025-12-06,0.17477751172728054,96,0.16272775606124326,96,isotonic,incumbent,96,0.012049755666037276
2025-12,2025-12-07,0.18112511408502896,96,0.15295528506252998,96,isotonic,incumbent,96,0.028169829022498982
2025-12,2025-12-08,0.2522175494317889,96,0.20625421410236333,96,isotonic,incumbent,96,0.04596333532942559
2025-12,2025-12-09,0.1743242341318354,93,0.08891144899416858,93,isotonic,incumbent,93,0.08541278513766681
2025-12,2025-12-10,0.1592433983874027,92,0.11084946696849506,92,isotonic,incumbent,92,0.048393931418907646
2025-12,2025-12-11,0.16877909736145302,91,0.09064586454936256,91,isotonic,incumbent,91,0.07813323281209046
2025-12,2025-12-12,0.2728996148749864,92,0.21066402818045268,92,isotonic,incumbent,92,0.06223558669453369
2025-12,2025-12-13,0.3588362614597677,96,0.3942949207055692,96,isotonic,incumbent,96,-0.035458659245801494
2025-12,2025-12-14,0.21453121681893897,96,0.22444322673945952,96,isotonic,incumbent,96,-0.009912009920520548
2025-12,2025-12-15,0.26118806910386794,96,0.24811709930007453,96,isotonic,incumbent,96,0.013070969803793409
2025-12,2025-12-16,0.24759164477840234,96,0.1929408342438951,96,isotonic,incumbent,96,0.05465081053450724
2025-12,2025-12-17,0.21090967344799072,96,0.192871477535546,96,isotonic,incumbent,96,0.01803819591244471
2025-12,2025-12-18,0.2233472906479602,96,0.1260842898320513,96,isotonic,incumbent,96,0.09726300081590888
2025-12,2025-12-19,0.2591671149569574,96,0.16184550921791724,96,isotonic,incumbent,96,0.09732160573904014
2025-12,2025-12-20,0.21838023277423954,96,0.22407326717505324,96,isotonic,incumbent,96,-0.005693034400813701
2025-12,2025-12-21,0.20521589342849755,96,0.2114925049802431,96,isotonic,incumbent,96,-0.006276611551745553
2025-12,2025-12-22,0.1396012956440219,96,0.0817790418919106,96,isotonic,incumbent,96,0.05782225375211131
2025-12,2025-12-23,0.14258798351114885,96,0.14244617844099253,96,isotonic,incumbent,96,0.00014180507015632005
2025-12,2025-12-24,0.2891272573663733,96,0.4067069839403678,96,isotonic,incumbent,96,-0.11757972657399451
2025-12,2025-12-25,0.270104338486788,96,0.34732853209099684,96,isotonic,incumbent,96,-0.07722419360420885
2025-12,2025-12-26,0.20124088813064533,96,0.15330205727953491,96,isotonic,incumbent,96,0.04793883085111042
2025-12,2025-12-27,0.2490004368614294,96,0.18975839469487654,96,isotonic,incumbent,96,0.05924204216655285
2025-12,2025-12-28,0.2122019428015228,96,0.1564709306975097,96,isotonic,incumbent,96,0.0557310121040131
2025-12,2025-12-29,0.303680810772782,96,0.24872211031126015,96,isotonic,incumbent,96,0.05495870046152182
2025-12,2025-12-30,0.3170252278350876,96,0.2703966102298227,96,isotonic,incumbent,96,0.04662861760526488
2025-12,2025-12-31,0.2295889797362399,96,0.19376480604664112,96,isotonic,incumbent,96,0.03582417368959878
2026-01,2026-01-01,0.15787386719753668,96,0.15851561161319108,96,isotonic,incumbent,96,-0.0006417444156543994
2026-01,2026-01-02,0.16040074657821565,96,0.16851272702142261,96,isotonic,incumbent,96,-0.008111980443206962
2026-01,2026-01-03,0.13607896695387403,96,0.14421826874241017,96,isotonic,incumbent,96,-0.00813930178853614
2026-01,2026-01-04,0.127127073064361,96,0.12031272573696838,96,isotonic,incumbent,96,0.006814347327392611
2026-01,2026-01-05,0.1540399842763863,96,0.0707101638730903,96,isotonic,incumbent,96,0.08332982040329599
2026-01,2026-01-06,0.14874180959643282,96,0.0499217440295873,96,isotonic,incumbent,96,0.09882006556684553
2026-01,2026-01-07,0.13361464304234946,96,0.07138293043983412,96,isotonic,incumbent,96,0.06223171260251534
2026-01,2026-01-08,0.21818299566643354,96,0.18222763371006886,96,isotonic,incumbent,96,0.03595536195636467
2026-01,2026-01-09,0.18340335802037386,96,0.13939523147502694,96,isotonic,incumbent,96,0.044008126545346915
2026-01,2026-01-10,0.1714909124675925,96,0.19463758637099735,96,isotonic,incumbent,96,-0.023146673903404857
2026-01,2026-01-11,0.20639040618422122,96,0.21996157798373783,96,isotonic,incumbent,96,-0.013571171799516613
2026-01,2026-01-12,0.2579826029258296,96,0.2190394626349623,96,isotonic,incumbent,96,0.03894314029086729
2026-01,2026-01-13,0.20773628765844,96,0.186159006311302,96,isotonic,incumbent,96,0.02157728134713799
2026-01,2026-01-14,0.12097184316622489,96,0.10934583578425416,96,isotonic,incumbent,96,0.011626007381970727
2026-01,2026-01-15,0.1364306469102968,96,0.11855774377127652,96,isotonic,incumbent,96,0.017872903139020277
2026-01,2026-01-16,0.16183098950954855,96,0.16449162535206224,96,isotonic,incumbent,96,-0.0026606358425136922
2026-01,2026-01-17,0.08583403978364397,96,0.11058768097607674,96,isotonic,incumbent,96,-0.02475364119243277
2026-01,2026-01-18,0.1512440256667185,96,0.1972302200358349,96,isotonic,incumbent,96,-0.04598619436911641
2026-01,2026-01-19,0.1470171221607165,96,0.1596750767422768,96,isotonic,incumbent,96,-0.012657954581560299
2026-01,2026-01-20,0.18032846087695278,96,0.12079665637253877,96,isotonic,incumbent,96,0.05953180450441402
2026-01,2026-01-21,0.19885518681274225,96,0.17163603082682646,96,isotonic,incumbent,96,0.02721915598591579
2026-01,2026-01-22,0.25634137203618107,96,0.2736758177581509,96,isotonic,incumbent,96,-0.01733444572196985
2026-01,2026-01-23,0.20400148923681172,96,0.1531641821140769,96,isotonic,incumbent,96,0.05083730712273482
2026-01,2026-01-24,0.19669308523245024,96,0.13365263501803984,96,isotonic,incumbent,96,0.0630404502144104
2026-01,2026-01-25,0.1668369664389998,96,0.19311262695147657,96,isotonic,incumbent,96,-0.02627566051247676
2026-01,2026-01-26,0.14761736306671916,96,0.1353053447330319,96,isotonic,incumbent,96,0.012312018333687252
2026-01,2026-01-27,0.17125868678684053,96,0.15003864295820432,96,isotonic,incumbent,96,0.02122004382863621
2026-01,2026-01-28,0.19812947031940595,96,0.14728834263267188,96,isotonic,incumbent,96,0.05084112768673407
2026-01,2026-01-29,0.17803343013194714,96,0.13989590454334322,96,isotonic,incumbent,96,0.03813752558860392
2026-01,2026-01-30,0.2375819253793082,94,0.24184036161602795,94,isotonic,incumbent,94,-0.004258436236719759
2026-01,2026-01-31,0.3137694822630952,46,0.27238659667867443,46,isotonic,incumbent,46,0.04138288558442077
2025-10,2025-10-01,0.2282945245117236,96,0.26270340202702175,96,ridge,incumbent,96,-0.03440887751529814
2025-10,2025-10-02,0.19452334102646085,66,0.2757254327613691,66,ridge,incumbent,66,-0.08120209173490828
2025-10,2025-10-03,0.06953708669277947,18,0.1055189793151067,18,ridge,incumbent,18,-0.03598189262232723
2025-10,2025-10-04,0.19127165801201604,22,0.17697953600808589,22,ridge,incumbent,22,0.014292122003930152
2025-10,2025-10-05,0.12181745020311877,68,0.098256302654463,68,ridge,incumbent,68,0.023561147548655764
2025-10,2025-10-06,0.0985904096899315,94,0.09380693689936288,94,ridge,incumbent,94,0.004783472790568621
2025-10,2025-10-07,0.14974329538444905,96,0.08578865760655728,96,ridge,incumbent,96,0.06395463777789177
2025-10,2025-10-08,0.09632675974206444,96,0.04975842468696024,96,ridge,incumbent,96,0.046568335055104194
2025-10,2025-10-09,0.07912042614424607,96,0.04680344248800113,96,ridge,incumbent,96,0.032316983656244934
2025-10,2025-10-10,0.09308935058223926,96,0.0626869253641727,96,ridge,incumbent,96,0.03040242521806656
2025-10,2025-10-11,0.12253116751381553,96,0.1005094370715317,96,ridge,incumbent,96,0.022021730442283824
2025-10,2025-10-12,0.2276204809442837,96,0.19507590805887287,96,ridge,incumbent,96,0.03254457288541082
2025-10,2025-10-13,0.30522972370222945,96,0.1841356975326056,96,ridge,incumbent,96,0.12109402616962384
2025-10,2025-10-14,0.20991694442850642,96,0.12398747645596504,96,ridge,incumbent,96,0.08592946797254138
2025-10,2025-10-15,0.14936433057820994,96,0.11906467705674907,96,ridge,incumbent,96,0.03029965352146087
2025-10,2025-10-16,0.15393618305058304,96,0.08955328485929165,96,ridge,incumbent,96,0.0643828981912914
2025-10,2025-10-17,0.13094500625552516,96,0.07825219978594379,96,ridge,incumbent,96,0.05269280646958137
2025-10,2025-10-18,0.1270039031826001,96,0.10686543846267627,96,ridge,incumbent,96,0.020138464719923838
2025-10,2025-10-19,0.20985907376280685,96,0.1885563204454149,96,ridge,incumbent,96,0.021302753317391954
2025-10,2025-10-20,0.12807969429385538,96,0.09095808418765457,96,ridge,incumbent,96,0.03712161010620081
2025-10,2025-10-21,0.09444460905014579,96,0.06453893108673875,96,ridge,incumbent,96,0.02990567796340704
2025-10,2025-10-22,0.0668930512213668,96,0.059908607157519556,96,ridge,incumbent,96,0.006984444063847239
2025-10,2025-10-23,0.11377902682704827,96,0.08035513116102487,96,ridge,incumbent,96,0.0334238956660234
2025-10,2025-10-24,0.14826179694715833,96,0.15251886269411186,96,ridge,incumbent,96,-0.004257065746953531
2025-10,2025-10-25,0.10415860608741057,96,0.12516900718026794,96,ridge,incumbent,96,-0.021010401092857373
2025-10,2025-10-26,0.14493311204619785,96,0.14879755003416648,96,ridge,incumbent,96,-0.003864437987968622
2025-10,2025-10-27,0.16625545419204343,96,0.15165935843351008,96,ridge,incumbent,96,0.01459609575853335
2025-10,2025-10-28,0.1437464995679095,96,0.1334576664799464,96,ridge,incumbent,96,0.010288833087963106
2025-10,2025-10-29,0.17626523969825322,96,0.1682455525650084,96,ridge,incumbent,96,0.00801968713324483
2025-10,2025-10-30,0.14331186719135094,96,0.11012952620363459,96,ridge,incumbent,96,0.03318234098771636
2025-10,2025-10-31,0.1801689876294725,96,0.14342947635381814,96,ridge,incumbent,96,0.03673951127565436
2025-11,2025-11-01,0.19970147627770443,96,0.1418811441241355,96,ridge,incumbent,96,0.05782033215356894
2025-11,2025-11-02,0.18052956305128862,96,0.13380542683415328,96,ridge,incumbent,96,0.04672413621713534
2025-11,2025-11-03,0.15414191785929857,96,0.13454826143628315,96,ridge,incumbent,96,0.019593656423015415
2025-11,2025-11-04,0.15937641417461293,96,0.1611571972536581,96,ridge,incumbent,96,-0.0017807830790451673
2025-11,2025-11-05,0.21218040025722004,96,0.22571547518814117,96,ridge,incumbent,96,-0.013535074930921126
2025-11,2025-11-06,0.22547150926907514,96,0.19781870489138553,96,ridge,incumbent,96,0.027652804377689605
2025-11,2025-11-07,0.21555871152173933,96,0.20935617814732885,96,ridge,incumbent,96,0.006202533374410485
2025-11,2025-11-08,0.24776405872142251,96,0.2530232875307073,96,ridge,incumbent,96,-0.005259228809284783
2025-11,2025-11-09,0.14674820313526293,96,0.13903978323688665,96,ridge,incumbent,96,0.007708419898376284
2025-11,2025-11-10,0.19227302508607877,96,0.17600459254430925,96,ridge,incumbent,96,0.016268432541769517
2025-11,2025-11-11,0.22097288407037405,96,0.17689166037219986,96,ridge,incumbent,96,0.04408122369817419
2025-11,2025-11-12,0.149639553366939,96,0.1357766649090958,96,ridge,incumbent,96,0.013862888457843198
2025-11,2025-11-13,0.18416829498033602,96,0.175958827842935,96,ridge,incumbent,96,0.008209467137401005
2025-11,2025-11-14,0.12752208905672546,96,0.0967320255867102,96,ridge,incumbent,96,0.03079006347001527
2025-11,2025-11-15,0.17470263769112318,96,0.13542878410658135,96,ridge,incumbent,96,0.03927385358454183
2025-11,2025-11-16,0.2461872595102856,96,0.2007963014209532,96,ridge,incumbent,96,0.04539095808933241
2025-11,2025-11-17,0.22695109666767413,96,0.19951353559599028,96,ridge,incumbent,96,0.027437561071683852
2025-11,2025-11-18,0.1877168303530763,96,0.1845797125399622,96,ridge,incumbent,96,0.0031371178131140987
2025-11,2025-11-19,0.10866861103318376,96,0.09810433949344366,96,ridge,incumbent,96,0.0105642715397401
2025-11,2025-11-20,0.08707335836552708,96,0.07647721997440361,96,ridge,incumbent,96,0.010596138391123472
2025-11,2025-11-21,0.20360218450753578,96,0.2099844072041467,96,ridge,incumbent,96,-0.0063822226966109286
2025-11,2025-11-22,0.18545919856439044,96,0.15816124384828847,96,ridge,incumbent,96,0.02729795471610197
2025-11,2025-11-23,0.1296543885247108,96,0.08804240685296828,96,ridge,incumbent,96,0.04161198167174253
2025-11,2025-11-24,0.12431467432396352,96,0.08981826733376559,96,ridge,incumbent,96,0.03449640699019793
2025-11,2025-11-25,0.1570385338676045,96,0.13168644398641036,96,ridge,incumbent,96,0.02535208988119414
2025-11,2025-11-26,0.15065420660460407,96,0.13228090780331916,96,ridge,incumbent,96,0.01837329880128491
2025-11,2025-11-27,0.13833935722518442,96,0.11492453847297068,96,ridge,incumbent,96,0.02341481875221374
2025-11,2025-11-28,0.1350270633402308,96,0.07271486578721816,96,ridge,incumbent,96,0.062312197553012635
2025-11,2025-11-29,0.11024036542792374,96,0.062286130750435376,96,ridge,incumbent,96,0.04795423467748837
2025-11,2025-11-30,0.1250048931119143,96,0.07391168344099025,96,ridge,incumbent,96,0.05109320967092404
2025-12,2025-12-01,0.15791250567221715,96,0.09732226783094163,96,ridge,incumbent,96,0.06059023784127553
2025-12,2025-12-02,0.10648245940573098,96,0.10937981059617939,96,ridge,incumbent,96,-0.0028973511904484134
2025-12,2025-12-03,0.12026789253019683,96,0.10640834415931837,96,ridge,incumbent,96,0.013859548370878466
2025-12,2025-12-04,0.19586830128493596,96,0.16474641079522168,96,ridge,incumbent,96,0.031121890489714282
2025-12,2025-12-05,0.21244257052005533,96,0.16394787945320313,96,ridge,incumbent,96,0.0484946910668522
2025-12,2025-12-06,0.18813428874307503,96,0.16272775606124326,96,ridge,incumbent,96,0.025406532681831767
2025-12,2025-12-07,0.1974767691470677,96,0.15295528506252998,96,ridge,incumbent,96,0.04452148408453771
2025-12,2025-12-08,0.2349020927224276,96,0.20625421410236333,96,ridge,incumbent,96,0.028647878620064265
2025-12,2025-12-09,0.13950490229798818,93,0.08891144899416858,93,ridge,incumbent,93,0.05059345330381959
2025-12,2025-12-10,0.12428859156112028,92,0.11084946696849506,92,ridge,incumbent,92,0.013439124592625223
2025-12,2025-12-11,0.10564647574202891,91,0.09064586454936256,91,ridge,incumbent,91,0.015000611192666352
2025-12,2025-12-12,0.2109670781182809,92,0.21066402818045268,92,ridge,incumbent,92,0.00030304993782820366
2025-12,2025-12-13,0.34812412210381005,96,0.3942949207055692,96,ridge,incumbent,96,-0.046170798601759155
2025-12,2025-12-14,0.21404224610324837,96,0.22444322673945952,96,ridge,incumbent,96,-0.010400980636211143
2025-12,2025-12-15,0.26300036182053205,96,0.24811709930007453,96,ridge,incumbent,96,0.014883262520457519
2025-12,2025-12-16,0.2353015377184339,96,0.1929408342438951,96,ridge,incumbent,96,0.0423607034745388
2025-12,2025-12-17,0.20245917457354887,96,0.192871477535546,96,ridge,incumbent,96,0.009587697038002857
2025-12,2025-12-18,0.20730363515197148,96,0.1260842898320513,96,ridge,incumbent,96,0.08121934531992017
2025-12,2025-12-19,0.25079760523505423,96,0.16184550921791724,96,ridge,incumbent,96,0.088952096017137
2025-12,2025-12-20,0.23575888748391882,96,0.22407326717505324,96,ridge,incumbent,96,0.01168562030886558
2025-12,2025-12-21,0.2167786049920566,96,0.2114925049802431,96,ridge,incumbent,96,0.005286100011813483
2025-12,2025-12-22,0.13314158283894004,96,0.0817790418919106,96,ridge,incumbent,96,0.05136254094702944
2025-12,2025-12-23,0.15456443661151834,96,0.14244617844099253,96,ridge,incumbent,96,0.012118258170525809
2025-12,2025-12-24,0.328643220693029,96,0.4067069839403678,96,ridge,incumbent,96,-0.07806376324733882
2025-12,2025-12-25,0.298428161986459,96,0.34732853209099684,96,ridge,incumbent,96,-0.04890037010453785
2025-12,2025-12-26,0.182092646504087,96,0.15330205727953491,96,ridge,incumbent,96,0.028790589224552077
2025-12,2025-12-27,0.19704904617859617,96,0.18975839469487654,96,ridge,incumbent,96,0.007290651483719629
2025-12,2025-12-28,0.16243217721591507,96,0.1564709306975097,96,ridge,incumbent,96,0.0059612465184053776
2025-12,2025-12-29,0.25777987716888284,96,0.24872211031126015,96,ridge,incumbent,96,0.00905776685762269
2025-12,2025-12-30,0.27460726685566156,96,0.2703966102298227,96,ridge,incumbent,96,0.00421065662583886
2025-12,2025-12-31,0.2107580571881836,96,0.19376480604664112,96,ridge,incumbent,96,0.016993251141542487
2026-01,2026-01-01,0.14331638282273815,96,0.15851561161319108,96,ridge,incumbent,96,-0.015199228790452934
2026-01,2026-01-02,0.17200506197500295,96,0.16851272702142261,96,ridge,incumbent,96,0.0034923349535803394
2026-01,2026-01-03,0.16106866659979938,96,0.14421826874241017,96,ridge,incumbent,96,0.016850397857389204
2026-01,2026-01-04,0.1337619424114226,96,0.12031272573696838,96,ridge,incumbent,96,0.013449216674454229
2026-01,2026-01-05,0.1174002257096674,96,0.0707101638730903,96,ridge,incumbent,96,0.046690061836577104
2026-01,2026-01-06,0.10639749064925226,96,0.0499217440295873,96,ridge,incumbent,96,0.05647574661966496
2026-01,2026-01-07,0.11969115024648029,96,0.07138293043983412,96,ridge,incumbent,96,0.048308219806646166
2026-01,2026-01-08,0.24697111678230654,96,0.18222763371006886,96,ridge,incumbent,96,0.06474348307223768
2026-01,2026-01-09,0.202612202643463,96,0.13939523147502694,96,ridge,incumbent,96,0.06321697116843605
2026-01,2026-01-10,0.1995200741230899,96,0.19463758637099735,96,ridge,incumbent,96,0.004882487752092546
2026-01,2026-01-11,0.20625338597144185,96,0.21996157798373783,96,ridge,incumbent,96,-0.013708192012295978
2026-01,2026-01-12,0.2276175120906815,96,0.2190394626349623,96,ridge,incumbent,96,0.008578049455719217
2026-01,2026-01-13,0.19149427902055113,96,0.186159006311302,96,ridge,incumbent,96,0.005335272709249134
2026-01,2026-01-14,0.12781080170325357,96,0.10934583578425416,96,ridge,incumbent,96,0.018464965918999404
2026-01,2026-01-15,0.12896213945939447,96,0.11855774377127652,96,ridge,incumbent,96,0.010404395688117948
2026-01,2026-01-16,0.2116589473996798,96,0.16449162535206224,96,ridge,incumbent,96,0.04716732204761756
2026-01,2026-01-17,0.15412730561616025,96,0.11058768097607674,96,ridge,incumbent,96,0.04353962464008351
2026-01,2026-01-18,0.2172481226475187,96,0.1972302200358349,96,ridge,incumbent,96,0.02001790261168379
2026-01,2026-01-19,0.18799171652181942,96,0.1596750767422768,96,ridge,incumbent,96,0.02831663977954263
2026-01,2026-01-20,0.18610199193814458,96,0.12079665637253877,96,ridge,incumbent,96,0.06530533556560582
2026-01,2026-01-21,0.17580965009185326,96,0.17163603082682646,96,ridge,incumbent,96,0.004173619265026796
2026-01,2026-01-22,0.2635632566442932,96,0.2736758177581509,96,ridge,incumbent,96,-0.010112561113857721
2026-01,2026-01-23,0.19719623190428962,96,0.1531641821140769,96,ridge,incumbent,96,0.04403204979021272
2026-01,2026-01-24,0.17513759478105262,96,0.13365263501803984,96,ridge,incumbent,96,0.04148495976301278
2026-01,2026-01-25,0.16954896264009697,96,0.19311262695147657,96,ridge,incumbent,96,-0.0235636643113796
2026-01,2026-01-26,0.13326947946239,96,0.1353053447330319,96,ridge,incumbent,96,-0.0020358652706418956
2026-01,2026-01-27,0.18499508185106353,96,0.15003864295820432,96,ridge,incumbent,96,0.03495643889285921
2026-01,2026-01-28,0.17384551629677344,96,0.14728834263267188,96,ridge,incumbent,96,0.02655717366410157
2026-01,2026-01-29,0.15290416689692388,96,0.13989590454334322,96,ridge,incumbent,96,0.013008262353580657
2026-01,2026-01-30,0.2298174999875941,94,0.24184036161602795,94,ridge,incumbent,94,-0.012022861628433856
2026-01,2026-01-31,0.2986298727387622,46,0.27238659667867443,46,ridge,incumbent,46,0.02624327606008775
2025-10,2025-10-01,0.22968047055064078,96,0.26270340202702175,96,elastic_net,incumbent,96,-0.03302293147638097
2025-10,2025-10-02,0.1958832509166095,66,0.2757254327613691,66,elastic_net,incumbent,66,-0.07984218184475964
2025-10,2025-10-03,0.06630362574753149,18,0.1055189793151067,18,elastic_net,incumbent,18,-0.03921535356757522
2025-10,2025-10-04,0.19546308705687435,22,0.17697953600808589,22,elastic_net,incumbent,22,0.01848355104878846
2025-10,2025-10-05,0.11709126320087367,68,0.098256302654463,68,elastic_net,incumbent,68,0.018834960546410665
2025-10,2025-10-06,0.09459507782947722,94,0.09380693689936288,94,elastic_net,incumbent,94,0.0007881409301143394
2025-10,2025-10-07,0.14746615962569398,96,0.08578865760655728,96,elastic_net,incumbent,96,0.0616775020191367
2025-10,2025-10-08,0.08987251895831139,96,0.04975842468696024,96,elastic_net,incumbent,96,0.040114094271351146
2025-10,2025-10-09,0.07322193901054667,96,0.04680344248800113,96,elastic_net,incumbent,96,0.02641849652254554
2025-10,2025-10-10,0.09180853767943764,96,0.0626869253641727,96,elastic_net,incumbent,96,0.029121612315264944
2025-10,2025-10-11,0.12099279238234018,96,0.1005094370715317,96,elastic_net,incumbent,96,0.02048335531080847
2025-10,2025-10-12,0.22681102480713214,96,0.19507590805887287,96,elastic_net,incumbent,96,0.03173511674825927
2025-10,2025-10-13,0.302480941970009,96,0.1841356975326056,96,elastic_net,incumbent,96,0.11834524443740341
2025-10,2025-10-14,0.20985681815427612,96,0.12398747645596504,96,elastic_net,incumbent,96,0.08586934169831108
2025-10,2025-10-15,0.1474185554962839,96,0.11906467705674907,96,elastic_net,incumbent,96,0.028353878439534838
2025-10,2025-10-16,0.15389244726385523,96,0.08955328485929165,96,elastic_net,incumbent,96,0.06433916240456358
2025-10,2025-10-17,0.13605917061237227,96,0.07825219978594379,96,elastic_net,incumbent,96,0.05780697082642848
2025-10,2025-10-18,0.13153508328601674,96,0.10686543846267627,96,elastic_net,incumbent,96,0.02466964482334047
2025-10,2025-10-19,0.213241760723247,96,0.1885563204454149,96,elastic_net,incumbent,96,0.024685440277832094
2025-10,2025-10-20,0.13321564971480748,96,0.09095808418765457,96,elastic_net,incumbent,96,0.042257565527152915
2025-10,2025-10-21,0.09751471703940207,96,0.06453893108673875,96,elastic_net,incumbent,96,0.03297578595266332
2025-10,2025-10-22,0.06985955323149562,96,0.059908607157519556,96,elastic_net,incumbent,96,0.009950946073976064
2025-10,2025-10-23,0.11546805239029019,96,0.08035513116102487,96,elastic_net,incumbent,96,0.03511292122926532
2025-10,2025-10-24,0.14637254570801536,96,0.15251886269411186,96,elastic_net,incumbent,96,-0.006146316986096495
2025-10,2025-10-25,0.10585965784119862,96,0.12516900718026794,96,elastic_net,incumbent,96,-0.019309349339069318
2025-10,2025-10-26,0.14838142502898657,96,0.14879755003416648,96,elastic_net,incumbent,96,-0.0004161250051799015
2025-10,2025-10-27,0.1709523597417546,96,0.15165935843351008,96,elastic_net,incumbent,96,0.019293001308244517
2025-10,2025-10-28,0.1466876071114432,96,0.1334576664799464,96,elastic_net,incumbent,96,0.013229940631496823
2025-10,2025-10-29,0.18098903138085132,96,0.1682455525650084,96,elastic_net,incumbent,96,0.012743478815842924
2025-10,2025-10-30,0.14649960501839657,96,0.11012952620363459,96,elastic_net,incumbent,96,0.03637007881476198
2025-10,2025-10-31,0.17737461320316725,96,0.14342947635381814,96,elastic_net,incumbent,96,0.033945136849349106
2025-11,2025-11-01,0.19856528636747148,96,0.1418811441241355,96,elastic_net,incumbent,96,0.05668414224333598
2025-11,2025-11-02,0.18140917226505845,96,0.13380542683415328,96,elastic_net,incumbent,96,0.047603745430905176
2025-11,2025-11-03,0.15458995469269482,96,0.13454826143628315,96,elastic_net,incumbent,96,0.02004169325641167
2025-11,2025-11-04,0.15876230024728144,96,0.1611571972536581,96,elastic_net,incumbent,96,-0.002394897006376656
2025-11,2025-11-05,0.2126714422832425,96,0.22571547518814117,96,elastic_net,incumbent,96,-0.013044032904898667
2025-11,2025-11-06,0.23142232787035014,96,0.19781870489138553,96,elastic_net,incumbent,96,0.033603622978964603
2025-11,2025-11-07,0.2206336861363852,96,0.20935617814732885,96,elastic_net,incumbent,96,0.011277507989056357
2025-11,2025-11-08,0.24991355596067275,96,0.2530232875307073,96,elastic_net,incumbent,96,-0.003109731570034552
2025-11,2025-11-09,0.14907404273030572,96,0.13903978323688665,96,elastic_net,incumbent,96,0.010034259493419073
2025-11,2025-11-10,0.19460945888027684,96,0.17600459254430925,96,elastic_net,incumbent,96,0.018604866335967585
2025-11,2025-11-11,0.22290306505680915,96,0.17689166037219986,96,elastic_net,incumbent,96,0.04601140468460929
2025-11,2025-11-12,0.15071781566852685,96,0.1357766649090958,96,elastic_net,incumbent,96,0.01494115075943106
2025-11,2025-11-13,0.18585855819100272,96,0.175958827842935,96,elastic_net,incumbent,96,0.009899730348067709
2025-11,2025-11-14,0.13018516382560733,96,0.0967320255867102,96,elastic_net,incumbent,96,0.03345313823889713
2025-11,2025-11-15,0.17777872612120607,96,0.13542878410658135,96,elastic_net,incumbent,96,0.04234994201462472
2025-11,2025-11-16,0.25161723681065246,96,0.2007963014209532,96,elastic_net,incumbent,96,0.05082093538969926
2025-11,2025-11-17,0.23252508433361863,96,0.19951353559599028,96,elastic_net,incumbent,96,0.03301154873762835
2025-11,2025-11-18,0.18798858928130527,96,0.1845797125399622,96,elastic_net,incumbent,96,0.0034088767413430754
2025-11,2025-11-19,0.11175879989589316,96,0.09810433949344366,96,elastic_net,incumbent,96,0.013654460402449498
2025-11,2025-11-20,0.09208393319012981,96,0.07647721997440361,96,elastic_net,incumbent,96,0.015606713215726195
2025-11,2025-11-21,0.20759573738370243,96,0.2099844072041467,96,elastic_net,incumbent,96,-0.002388669820444278
2025-11,2025-11-22,0.18687984920340472,96,0.15816124384828847,96,elastic_net,incumbent,96,0.02871860535511625
2025-11,2025-11-23,0.13353007780850923,96,0.08804240685296828,96,elastic_net,incumbent,96,0.045487670955540946
2025-11,2025-11-24,0.1296743959685359,96,0.08981826733376559,96,elastic_net,incumbent,96,0.039856128634770296
2025-11,2025-11-25,0.15765346919035797,96,0.13168644398641036,96,elastic_net,incumbent,96,0.025967025203947613
2025-11,2025-11-26,0.14930366818610047,96,0.13228090780331916,96,elastic_net,incumbent,96,0.017022760382781305
2025-11,2025-11-27,0.14074233160113114,96,0.11492453847297068,96,elastic_net,incumbent,96,0.02581779312816046
2025-11,2025-11-28,0.14043200091179753,96,0.07271486578721816,96,elastic_net,incumbent,96,0.06771713512457937
2025-11,2025-11-29,0.11544291682712556,96,0.062286130750435376,96,elastic_net,incumbent,96,0.05315678607669018
2025-11,2025-11-30,0.13001495118540016,96,0.07391168344099025,96,elastic_net,incumbent,96,0.05610326774440991
2025-12,2025-12-01,0.1598486253554906,96,0.09732226783094163,96,elastic_net,incumbent,96,0.06252635752454898
2025-12,2025-12-02,0.10535683815242625,96,0.10937981059617939,96,elastic_net,incumbent,96,-0.004022972443753145
2025-12,2025-12-03,0.12408709571359677,96,0.10640834415931837,96,elastic_net,incumbent,96,0.017678751554278407
2025-12,2025-12-04,0.20158545109496873,96,0.16474641079522168,96,elastic_net,incumbent,96,0.03683904029974705
2025-12,2025-12-05,0.21811194384267515,96,0.16394787945320313,96,elastic_net,incumbent,96,0.05416406438947202
2025-12,2025-12-06,0.19177038428189808,96,0.16272775606124326,96,elastic_net,incumbent,96,0.029042628220654815
2025-12,2025-12-07,0.20133340070912564,96,0.15295528506252998,96,elastic_net,incumbent,96,0.048378115646595665
2025-12,2025-12-08,0.2390018459223396,96,0.20625421410236333,96,elastic_net,incumbent,96,0.03274763181997628
2025-12,2025-12-09,0.14015269858663776,93,0.08891144899416858,93,elastic_net,incumbent,93,0.051241249592469174
2025-12,2025-12-10,0.12421957071968168,92,0.11084946696849506,92,elastic_net,incumbent,92,0.013370103751186621
2025-12,2025-12-11,0.10697799853317572,91,0.09064586454936256,91,elastic_net,incumbent,91,0.016332133983813155
2025-12,2025-12-12,0.21458134226482983,92,0.21066402818045268,92,elastic_net,incumbent,92,0.003917314084377149
2025-12,2025-12-13,0.3461407722696777,96,0.3942949207055692,96,elastic_net,incumbent,96,-0.0481541484358915
2025-12,2025-12-14,0.21505400685096732,96,0.22444322673945952,96,elastic_net,incumbent,96,-0.0093892198884922
2025-12,2025-12-15,0.26345861149029887,96,0.24811709930007453,96,elastic_net,incumbent,96,0.015341512190224338
2025-12,2025-12-16,0.23772125340114578,96,0.1929408342438951,96,elastic_net,incumbent,96,0.04478041915725067
2025-12,2025-12-17,0.20353623745773608,96,0.192871477535546,96,elastic_net,incumbent,96,0.01066475992219007
2025-12,2025-12-18,0.20715325823215625,96,0.1260842898320513,96,elastic_net,incumbent,96,0.08106896840010494
2025-12,2025-12-19,0.25232006117834865,96,0.16184550921791724,96,elastic_net,incumbent,96,0.09047455196043142
2025-12,2025-12-20,0.236601535990923,96,0.22407326717505324,96,elastic_net,incumbent,96,0.01252826881586977
2025-12,2025-12-21,0.21742208470118696,96,0.2114925049802431,96,elastic_net,incumbent,96,0.0059295797209438506
2025-12,2025-12-22,0.1335621105245624,96,0.0817790418919106,96,elastic_net,incumbent,96,0.05178306863265181
2025-12,2025-12-23,0.1523835260987324,96,0.14244617844099253,96,elastic_net,incumbent,96,0.009937347657739876
2025-12,2025-12-24,0.32543984979766133,96,0.4067069839403678,96,elastic_net,incumbent,96,-0.08126713414270648
2025-12,2025-12-25,0.2968423898796237,96,0.34732853209099684,96,elastic_net,incumbent,96,-0.05048614221137315
2025-12,2025-12-26,0.18401584494217227,96,0.15330205727953491,96,elastic_net,incumbent,96,0.030713787662637354
2025-12,2025-12-27,0.19660940984690747,96,0.18975839469487654,96,elastic_net,incumbent,96,0.0068510151520309315
2025-12,2025-12-28,0.16317513585029528,96,0.1564709306975097,96,elastic_net,incumbent,96,0.006704205152785581
2025-12,2025-12-29,0.25720439040849913,96,0.24872211031126015,96,elastic_net,incumbent,96,0.008482280097238976
2025-12,2025-12-30,0.27473343964628266,96,0.2703966102298227,96,elastic_net,incumbent,96,0.004336829416459964
2025-12,2025-12-31,0.21176090220861532,96,0.19376480604664112,96,elastic_net,incumbent,96,0.0179960961619742
2026-01,2026-01-01,0.1431539136271742,96,0.15851561161319108,96,elastic_net,incumbent,96,-0.015361697986016887
2026-01,2026-01-02,0.17595850322001758,96,0.16851272702142261,96,elastic_net,incumbent,96,0.007445776198594961
2026-01,2026-01-03,0.16769656523688056,96,0.14421826874241017,96,elastic_net,incumbent,96,0.02347829649447039
2026-01,2026-01-04,0.13945431925048293,96,0.12031272573696838,96,elastic_net,incumbent,96,0.01914159351351455
2026-01,2026-01-05,0.11859772000376041,96,0.0707101638730903,96,elastic_net,incumbent,96,0.04788755613067011
2026-01,2026-01-06,0.11065690310776888,96,0.0499217440295873,96,elastic_net,incumbent,96,0.060735159078181576
2026-01,2026-01-07,0.12952789313858695,96,0.07138293043983412,96,elastic_net,incumbent,96,0.05814496269875283
2026-01,2026-01-08,0.2549749011048915,96,0.18222763371006886,96,elastic_net,incumbent,96,0.07274726739482265
2026-01,2026-01-09,0.2094638415816834,96,0.13939523147502694,96,elastic_net,incumbent,96,0.07006861010665646
2026-01,2026-01-10,0.20218176296103993,96,0.19463758637099735,96,elastic_net,incumbent,96,0.007544176590042584
2026-01,2026-01-11,0.2115886905644314,96,0.21996157798373783,96,elastic_net,incumbent,96,-0.008372887419306446
2026-01,2026-01-12,0.22986495765409096,96,0.2190394626349623,96,elastic_net,incumbent,96,0.010825495019128661
2026-01,2026-01-13,0.1901544746441012,96,0.186159006311302,96,elastic_net,incumbent,96,0.003995468332799207
2026-01,2026-01-14,0.12551081989006552,96,0.10934583578425416,96,elastic_net,incumbent,96,0.016164984105811353
2026-01,2026-01-15,0.13007249680032412,96,0.11855774377127652,96,elastic_net,incumbent,96,0.0115147530290476
2026-01,2026-01-16,0.20440563447339546,96,0.16449162535206224,96,elastic_net,incumbent,96,0.03991400912133322
2026-01,2026-01-17,0.14557012620562335,96,0.11058768097607674,96,elastic_net,incumbent,96,0.034982445229546605
2026-01,2026-01-18,0.21158279120781462,96,0.1972302200358349,96,elastic_net,incumbent,96,0.014352571171979717
2026-01,2026-01-19,0.1833601299969668,96,0.1596750767422768,96,elastic_net,incumbent,96,0.023685053254690003
2026-01,2026-01-20,0.18628381951386877,96,0.12079665637253877,96,elastic_net,incumbent,96,0.06548716314133
2026-01,2026-01-21,0.17600121172441666,96,0.17163603082682646,96,elastic_net,incumbent,96,0.004365180897590193
2026-01,2026-01-22,0.2623633099401052,96,0.2736758177581509,96,elastic_net,incumbent,96,-0.011312507818045714
2026-01,2026-01-23,0.20051752551115987,96,0.1531641821140769,96,elastic_net,incumbent,96,0.04735334339708297
2026-01,2026-01-24,0.17868398209586978,96,0.13365263501803984,96,elastic_net,incumbent,96,0.045031347077829936
2026-01,2026-01-25,0.16819201655760205,96,0.19311262695147657,96,elastic_net,incumbent,96,-0.024920610393874526
2026-01,2026-01-26,0.13142741969932148,96,0.1353053447330319,96,elastic_net,incumbent,96,-0.0038779250337104276
2026-01,2026-01-27,0.1878183814692526,96,0.15003864295820432,96,elastic_net,incumbent,96,0.037779738511048266
2026-01,2026-01-28,0.17661353990548156,96,0.14728834263267188,96,elastic_net,incumbent,96,0.02932519727280969
2026-01,2026-01-29,0.1568646092903359,96,0.13989590454334322,96,elastic_net,incumbent,96,0.01696870474699269
2026-01,2026-01-30,0.229416701157067,94,0.24184036161602795,94,elastic_net,incumbent,94,-0.012423660458960956
2026-01,2026-01-31,0.2985444261875807,46,0.27238659667867443,46,elastic_net,incumbent,46,0.026157829508906272
2025-10,2025-10-01,0.23876094965953257,96,0.26270340202702175,96,random_forest,incumbent,96,-0.02394245236748918
2025-10,2025-10-02,0.21461601098193142,66,0.2757254327613691,66,random_forest,incumbent,66,-0.061109421779437706
2025-10,2025-10-03,0.08168302467758246,18,0.1055189793151067,18,random_forest,incumbent,18,-0.023835954637524248
2025-10,2025-10-04,0.15248664193037598,22,0.17697953600808589,22,random_forest,incumbent,22,-0.02449289407770991
2025-10,2025-10-05,0.0889329524502273,68,0.098256302654463,68,random_forest,incumbent,68,-0.009323350204235706
2025-10,2025-10-06,0.08794070757061294,94,0.09380693689936288,94,random_forest,incumbent,94,-0.0058662293287499445
2025-10,2025-10-07,0.10493232952003233,96,0.08578865760655728,96,random_forest,incumbent,96,0.019143671913475047
2025-10,2025-10-08,0.06329899617695671,96,0.04975842468696024,96,random_forest,incumbent,96,0.013540571489996468
2025-10,2025-10-09,0.0597327592338052,96,0.04680344248800113,96,random_forest,incumbent,96,0.012929316745804068
2025-10,2025-10-10,0.09924698653927096,96,0.0626869253641727,96,random_forest,incumbent,96,0.03656006117509826
2025-10,2025-10-11,0.12163724992245178,96,0.1005094370715317,96,random_forest,incumbent,96,0.02112781285092008
2025-10,2025-10-12,0.21925977231266902,96,0.19507590805887287,96,random_forest,incumbent,96,0.02418386425379615
2025-10,2025-10-13,0.27126473380326593,96,0.1841356975326056,96,random_forest,incumbent,96,0.08712903627066032
2025-10,2025-10-14,0.1660788875157549,96,0.12398747645596504,96,random_forest,incumbent,96,0.04209141105978985
2025-10,2025-10-15,0.13846588339505903,96,0.11906467705674907,96,random_forest,incumbent,96,0.019401206338309954
2025-10,2025-10-16,0.14225732782622502,96,0.08955328485929165,96,random_forest,incumbent,96,0.05270404296693337
2025-10,2025-10-17,0.1465367471336396,96,0.07825219978594379,96,random_forest,incumbent,96,0.0682845473476958
2025-10,2025-10-18,0.13274939621733492,96,0.10686543846267627,96,random_forest,incumbent,96,0.025883957754658654
2025-10,2025-10-19,0.21250354766661497,96,0.1885563204454149,96,random_forest,incumbent,96,0.023947227221200074
2025-10,2025-10-20,0.1351757060219551,96,0.09095808418765457,96,random_forest,incumbent,96,0.044217621834300544
2025-10,2025-10-21,0.09030204977694993,96,0.06453893108673875,96,random_forest,incumbent,96,0.02576311869021118
2025-10,2025-10-22,0.0782171382357818,96,0.059908607157519556,96,random_forest,incumbent,96,0.018308531078262247
2025-10,2025-10-23,0.10652641332047084,96,0.08035513116102487,96,random_forest,incumbent,96,0.026171282159445974
2025-10,2025-10-24,0.14023306320139686,96,0.15251886269411186,96,random_forest,incumbent,96,-0.012285799492714994
2025-10,2025-10-25,0.1291165455796127,96,0.12516900718026794,96,random_forest,incumbent,96,0.003947538399344752
2025-10,2025-10-26,0.16539639290551258,96,0.14879755003416648,96,random_forest,incumbent,96,0.01659884287134611
2025-10,2025-10-27,0.18193014849283354,96,0.15165935843351008,96,random_forest,incumbent,96,0.030270790059323455
2025-10,2025-10-28,0.16119914530616697,96,0.1334576664799464,96,random_forest,incumbent,96,0.027741478826220578
2025-10,2025-10-29,0.19674487109454267,96,0.1682455525650084,96,random_forest,incumbent,96,0.028499318529534273
2025-10,2025-10-30,0.12976732851615816,96,0.11012952620363459,96,random_forest,incumbent,96,0.019637802312523572
2025-10,2025-10-31,0.14318746710546795,96,0.14342947635381814,96,random_forest,incumbent,96,-0.000242009248350189
2025-11,2025-11-01,0.1603058668045132,96,0.1418811441241355,96,random_forest,incumbent,96,0.018424722680377703
2025-11,2025-11-02,0.1687843945601768,96,0.13380542683415328,96,random_forest,incumbent,96,0.03497896772602352
2025-11,2025-11-03,0.14534828960100393,96,0.13454826143628315,96,random_forest,incumbent,96,0.010800028164720782
2025-11,2025-11-04,0.16537385144867334,96,0.1611571972536581,96,random_forest,incumbent,96,0.00421665419501524
2025-11,2025-11-05,0.21898492091513289,96,0.22571547518814117,96,random_forest,incumbent,96,-0.006730554273008282
2025-11,2025-11-06,0.20384440027733022,96,0.19781870489138553,96,random_forest,incumbent,96,0.0060256953859446905
2025-11,2025-11-07,0.18039010126725522,96,0.20935617814732885,96,random_forest,incumbent,96,-0.028966076880073632
2025-11,2025-11-08,0.22326182958367588,96,0.2530232875307073,96,random_forest,incumbent,96,-0.029761457947031417
2025-11,2025-11-09,0.14422846169862846,96,0.13903978323688665,96,random_forest,incumbent,96,0.005188678461741814
2025-11,2025-11-10,0.1685726214577754,96,0.17600459254430925,96,random_forest,incumbent,96,-0.007431971086533845
2025-11,2025-11-11,0.19496849185820975,96,0.17689166037219986,96,random_forest,incumbent,96,0.018076831486009887
2025-11,2025-11-12,0.13940251226010766,96,0.1357766649090958,96,random_forest,incumbent,96,0.003625847351011874
2025-11,2025-11-13,0.17575003748561216,96,0.175958827842935,96,random_forest,incumbent,96,-0.00020879035732285223
2025-11,2025-11-14,0.120427082190535,96,0.0967320255867102,96,random_forest,incumbent,96,0.0236950566038248
2025-11,2025-11-15,0.16634790104557765,96,0.13542878410658135,96,random_forest,incumbent,96,0.030919116938996294
2025-11,2025-11-16,0.24873224569007676,96,0.2007963014209532,96,random_forest,incumbent,96,0.047935944269123565
2025-11,2025-11-17,0.22130093729762446,96,0.19951353559599028,96,random_forest,incumbent,96,0.02178740170163418
2025-11,2025-11-18,0.1800246222407106,96,0.1845797125399622,96,random_forest,incumbent,96,-0.00455509029925158
2025-11,2025-11-19,0.11814957293822222,96,0.09810433949344366,96,random_forest,incumbent,96,0.020045233444778557
2025-11,2025-11-20,0.09486637271912361,96,0.07647721997440361,96,random_forest,incumbent,96,0.01838915274472
2025-11,2025-11-21,0.21068785402599474,96,0.2099844072041467,96,random_forest,incumbent,96,0.0007034468218480305
2025-11,2025-11-22,0.16006616527452355,96,0.15816124384828847,96,random_forest,incumbent,96,0.0019049214262350789
2025-11,2025-11-23,0.1119424312012775,96,0.08804240685296828,96,random_forest,incumbent,96,0.02390002434830922
2025-11,2025-11-24,0.11536960043764806,96,0.08981826733376559,96,random_forest,incumbent,96,0.025551333103882468
2025-11,2025-11-25,0.14587245756387146,96,0.13168644398641036,96,random_forest,incumbent,96,0.014186013577461104
2025-11,2025-11-26,0.14264750707169657,96,0.13228090780331916,96,random_forest,incumbent,96,0.010366599268377408
2025-11,2025-11-27,0.13321243973284366,96,0.11492453847297068,96,random_forest,incumbent,96,0.01828790125987298
2025-11,2025-11-28,0.11666045214582142,96,0.07271486578721816,96,random_forest,incumbent,96,0.04394558635860327
2025-11,2025-11-29,0.0896475038104727,96,0.062286130750435376,96,random_forest,incumbent,96,0.02736137306003733
2025-11,2025-11-30,0.10486711445199977,96,0.07391168344099025,96,random_forest,incumbent,96,0.030955431011009518
2025-12,2025-12-01,0.11716364158093005,96,0.09732226783094163,96,random_forest,incumbent,96,0.019841373749988428
2025-12,2025-12-02,0.10072925901819892,96,0.10937981059617939,96,random_forest,incumbent,96,-0.008650551577980475
2025-12,2025-12-03,0.11552521114263126,96,0.10640834415931837,96,random_forest,incumbent,96,0.00911686698331289
2025-12,2025-12-04,0.18143407488015884,96,0.16474641079522168,96,random_forest,incumbent,96,0.01668766408493716
2025-12,2025-12-05,0.19351676096583814,96,0.16394787945320313,96,random_forest,incumbent,96,0.02956888151263501
2025-12,2025-12-06,0.18720772955606121,96,0.16272775606124326,96,random_forest,incumbent,96,0.024479973494817953
2025-12,2025-12-07,0.18939137159097763,96,0.15295528506252998,96,random_forest,incumbent,96,0.03643608652844765
2025-12,2025-12-08,0.2384039088647952,96,0.20625421410236333,96,random_forest,incumbent,96,0.032149694762431874
2025-12,2025-12-09,0.11863013740160787,93,0.08891144899416858,93,random_forest,incumbent,93,0.029718688407439284
2025-12,2025-12-10,0.1310571296212197,92,0.11084946696849506,92,random_forest,incumbent,92,0.020207662652724653
2025-12,2025-12-11,0.15485158126769338,91,0.09064586454936256,91,random_forest,incumbent,91,0.06420571671833082
2025-12,2025-12-12,0.23760127354297983,92,0.21066402818045268,92,random_forest,incumbent,92,0.026937245362527146
2025-12,2025-12-13,0.3537794927348917,96,0.3942949207055692,96,random_forest,incumbent,96,-0.04051542797067753
2025-12,2025-12-14,0.2088860607987745,96,0.22444322673945952,96,random_forest,incumbent,96,-0.015557165940685014
2025-12,2025-12-15,0.27342258385987867,96,0.24811709930007453,96,random_forest,incumbent,96,0.025305484559804137
2025-12,2025-12-16,0.20760258332024092,96,0.1929408342438951,96,random_forest,incumbent,96,0.01466174907634582
2025-12,2025-12-17,0.18421921568794652,96,0.192871477535546,96,random_forest,incumbent,96,-0.008652261847599485
2025-12,2025-12-18,0.1590982936794676,96,0.1260842898320513,96,random_forest,incumbent,96,0.03301400384741629
2025-12,2025-12-19,0.2044662578210993,96,0.16184550921791724,96,random_forest,incumbent,96,0.042620748603182074
2025-12,2025-12-20,0.24077324468808872,96,0.22407326717505324,96,random_forest,incumbent,96,0.01669997751303548
2025-12,2025-12-21,0.2401496071495808,96,0.2114925049802431,96,random_forest,incumbent,96,0.0286571021693377
2025-12,2025-12-22,0.09827209367291885,96,0.0817790418919106,96,random_forest,incumbent,96,0.016493051781008253
2025-12,2025-12-23,0.1459719881827497,96,0.14244617844099253,96,random_forest,incumbent,96,0.0035258097417571743
2025-12,2025-12-24,0.38064075537103514,96,0.4067069839403678,96,random_forest,incumbent,96,-0.02606622856933266
2025-12,2025-12-25,0.31818340677981516,96,0.34732853209099684,96,random_forest,incumbent,96,-0.029145125311181685
2025-12,2025-12-26,0.1610415340414593,96,0.15330205727953491,96,random_forest,incumbent,96,0.00773947676192438
2025-12,2025-12-27,0.17543704133397253,96,0.18975839469487654,96,random_forest,incumbent,96,-0.01432135336090401
2025-12,2025-12-28,0.16464860009280588,96,0.1564709306975097,96,random_forest,incumbent,96,0.008177669395296183
2025-12,2025-12-29,0.3098865640188393,96,0.24872211031126015,96,random_forest,incumbent,96,0.06116445370757914
2025-12,2025-12-30,0.3059026402405203,96,0.2703966102298227,96,random_forest,incumbent,96,0.035506030010697576
2025-12,2025-12-31,0.2019802499510874,96,0.19376480604664112,96,random_forest,incumbent,96,0.008215443904446285
2026-01,2026-01-01,0.15331234384936707,96,0.15851561161319108,96,random_forest,incumbent,96,-0.0052032677638240155
2026-01,2026-01-02,0.19439830496252383,96,0.16851272702142261,96,random_forest,incumbent,96,0.025885577941101218
2026-01,2026-01-03,0.1875499316678386,96,0.14421826874241017,96,random_forest,incumbent,96,0.04333166292542842
2026-01,2026-01-04,0.14741698790447852,96,0.12031272573696838,96,random_forest,incumbent,96,0.027104262167510135
2026-01,2026-01-05,0.09362238537981228,96,0.0707101638730903,96,random_forest,incumbent,96,0.02291222150672198
2026-01,2026-01-06,0.09081684122919452,96,0.0499217440295873,96,random_forest,incumbent,96,0.04089509719960722
2026-01,2026-01-07,0.11046988645851019,96,0.07138293043983412,96,random_forest,incumbent,96,0.03908695601867607
2026-01,2026-01-08,0.23496233004003844,96,0.18222763371006886,96,random_forest,incumbent,96,0.05273469632996958
2026-01,2026-01-09,0.17402264623476935,96,0.13939523147502694,96,random_forest,incumbent,96,0.0346274147597424
2026-01,2026-01-10,0.21787685663350564,96,0.19463758637099735,96,random_forest,incumbent,96,0.0232392702625083
2026-01,2026-01-11,0.24209770645602333,96,0.21996157798373783,96,random_forest,incumbent,96,0.022136128472285493
2026-01,2026-01-12,0.21005080224199846,96,0.2190394626349623,96,random_forest,incumbent,96,-0.008988660392963838
2026-01,2026-01-13,0.17195862708160872,96,0.186159006311302,96,random_forest,incumbent,96,-0.014200379229693277
2026-01,2026-01-14,0.1130292153850302,96,0.10934583578425416,96,random_forest,incumbent,96,0.0036833796007760405
2026-01,2026-01-15,0.12025048977501306,96,0.11855774377127652,96,random_forest,incumbent,96,0.0016927460037365338
2026-01,2026-01-16,0.1734215970877353,96,0.16449162535206224,96,random_forest,incumbent,96,0.008929971735673059
2026-01,2026-01-17,0.10686103426423772,96,0.11058768097607674,96,random_forest,incumbent,96,-0.0037266467118390184
2026-01,2026-01-18,0.19845612971881502,96,0.1972302200358349,96,random_forest,incumbent,96,0.0012259096829801142
2026-01,2026-01-19,0.17228422509625543,96,0.1596750767422768,96,random_forest,incumbent,96,0.012609148353978639
2026-01,2026-01-20,0.16347038052457635,96,0.12079665637253877,96,random_forest,incumbent,96,0.04267372415203759
2026-01,2026-01-21,0.21091830380714918,96,0.17163603082682646,96,random_forest,incumbent,96,0.03928227298032272
2026-01,2026-01-22,0.287863195549033,96,0.2736758177581509,96,random_forest,incumbent,96,0.014187377790882083
2026-01,2026-01-23,0.19090951108120904,96,0.1531641821140769,96,random_forest,incumbent,96,0.03774532896713215
2026-01,2026-01-24,0.19317181568067188,96,0.13365263501803984,96,random_forest,incumbent,96,0.05951918066263204
2026-01,2026-01-25,0.17348626058447136,96,0.19311262695147657,96,random_forest,incumbent,96,-0.01962636636700521
2026-01,2026-01-26,0.1304252991187411,96,0.1353053447330319,96,random_forest,incumbent,96,-0.004880045614290812
2026-01,2026-01-27,0.17561534641272306,96,0.15003864295820432,96,random_forest,incumbent,96,0.025576703454518734
2026-01,2026-01-28,0.1666513632411524,96,0.14728834263267188,96,random_forest,incumbent,96,0.019363020608480525
2026-01,2026-01-29,0.15116397983667174,96,0.13989590454334322,96,random_forest,incumbent,96,0.011268075293328517
2026-01,2026-01-30,0.21863741297262893,94,0.24184036161602795,94,random_forest,incumbent,94,-0.02320294864339903
2026-01,2026-01-31,0.2706320017674161,46,0.27238659667867443,46,random_forest,incumbent,46,-0.0017545949112583448
2025-10,2025-10-01,0.24114035484249044,96,0.26270340202702175,96,extra_trees,incumbent,96,-0.02156304718453131
2025-10,2025-10-02,0.2031894391151938,66,0.2757254327613691,66,extra_trees,incumbent,66,-0.07253599364617533
2025-10,2025-10-03,0.08863475066746784,18,0.1055189793151067,18,extra_trees,incumbent,18,-0.01688422864763886
2025-10,2025-10-04,0.16108417115203447,22,0.17697953600808589,22,extra_trees,incumbent,22,-0.01589536485605142
2025-10,2025-10-05,0.09663293368167612,68,0.098256302654463,68,extra_trees,incumbent,68,-0.0016233689727868789
2025-10,2025-10-06,0.08909819016584036,94,0.09380693689936288,94,extra_trees,incumbent,94,-0.00470874673352252
2025-10,2025-10-07,0.11894895867217037,96,0.08578865760655728,96,extra_trees,incumbent,96,0.03316030106561309
2025-10,2025-10-08,0.06817379784228363,96,0.04975842468696024,96,extra_trees,incumbent,96,0.018415373155323385
2025-10,2025-10-09,0.0647792590373703,96,0.04680344248800113,96,extra_trees,incumbent,96,0.01797581654936916
2025-10,2025-10-10,0.09054142703789562,96,0.0626869253641727,96,extra_trees,incumbent,96,0.02785450167372293
2025-10,2025-10-11,0.11685531394112063,96,0.1005094370715317,96,extra_trees,incumbent,96,0.016345876869588924
2025-10,2025-10-12,0.21766634326506876,96,0.19507590805887287,96,extra_trees,incumbent,96,0.022590435206195886
2025-10,2025-10-13,0.2886663321781832,96,0.1841356975326056,96,extra_trees,incumbent,96,0.1045306346455776
2025-10,2025-10-14,0.18323068114687915,96,0.12398747645596504,96,extra_trees,incumbent,96,0.05924320469091411
2025-10,2025-10-15,0.1307831919172011,96,0.11906467705674907,96,extra_trees,incumbent,96,0.011718514860452042
2025-10,2025-10-16,0.14231082262340136,96,0.08955328485929165,96,extra_trees,incumbent,96,0.05275753776410971
2025-10,2025-10-17,0.140726861499457,96,0.07825219978594379,96,extra_trees,incumbent,96,0.06247466171351322
2025-10,2025-10-18,0.13540094529455537,96,0.10686543846267627,96,extra_trees,incumbent,96,0.02853550683187911
2025-10,2025-10-19,0.20520810152417204,96,0.1885563204454149,96,extra_trees,incumbent,96,0.016651781078757144
2025-10,2025-10-20,0.12336683908233537,96,0.09095808418765457,96,extra_trees,incumbent,96,0.0324087548946808
2025-10,2025-10-21,0.0924118613787946,96,0.06453893108673875,96,extra_trees,incumbent,96,0.027872930292055856
2025-10,2025-10-22,0.07574175782860186,96,0.059908607157519556,96,extra_trees,incumbent,96,0.015833150671082305
2025-10,2025-10-23,0.1010534465080355,96,0.08035513116102487,96,extra_trees,incumbent,96,0.020698315347010623
2025-10,2025-10-24,0.1354637702831619,96,0.15251886269411186,96,extra_trees,incumbent,96,-0.017055092410949962
2025-10,2025-10-25,0.12388133869751487,96,0.12516900718026794,96,extra_trees,incumbent,96,-0.0012876684827530654
2025-10,2025-10-26,0.16379479383757403,96,0.14879755003416648,96,extra_trees,incumbent,96,0.014997243803407556
2025-10,2025-10-27,0.17769051620106682,96,0.15165935843351008,96,extra_trees,incumbent,96,0.02603115776755674
2025-10,2025-10-28,0.14825197708458848,96,0.1334576664799464,96,extra_trees,incumbent,96,0.014794310604642091
2025-10,2025-10-29,0.18013668881139036,96,0.1682455525650084,96,extra_trees,incumbent,96,0.011891136246381967
2025-10,2025-10-30,0.13081603354996346,96,0.11012952620363459,96,extra_trees,incumbent,96,0.020686507346328875
2025-10,2025-10-31,0.14755119077311776,96,0.14342947635381814,96,extra_trees,incumbent,96,0.004121714419299621
2025-11,2025-11-01,0.16841079963249947,96,0.1418811441241355,96,extra_trees,incumbent,96,0.026529655508363975
2025-11,2025-11-02,0.1615021215194693,96,0.13380542683415328,96,extra_trees,incumbent,96,0.02769669468531602
2025-11,2025-11-03,0.14745851252905628,96,0.13454826143628315,96,extra_trees,incumbent,96,0.012910251092773134
2025-11,2025-11-04,0.1623505367266479,96,0.1611571972536581,96,extra_trees,incumbent,96,0.0011933394729898017
2025-11,2025-11-05,0.21965369109369112,96,0.22571547518814117,96,extra_trees,incumbent,96,-0.006061784094450046
2025-11,2025-11-06,0.20840089896243644,96,0.19781870489138553,96,extra_trees,incumbent,96,0.010582194071050904
2025-11,2025-11-07,0.1959820505173373,96,0.20935617814732885,96,extra_trees,incumbent,96,-0.013374127629991545
2025-11,2025-11-08,0.2346274379680824,96,0.2530232875307073,96,extra_trees,incumbent,96,-0.01839584956262491
2025-11,2025-11-09,0.1381037966779391,96,0.13903978323688665,96,extra_trees,incumbent,96,-0.0009359865589475547
2025-11,2025-11-10,0.17393095947129567,96,0.17600459254430925,96,extra_trees,incumbent,96,-0.0020736330730135866
2025-11,2025-11-11,0.19746773010000843,96,0.17689166037219986,96,extra_trees,incumbent,96,0.020576069727808566
2025-11,2025-11-12,0.13879942294354644,96,0.1357766649090958,96,extra_trees,incumbent,96,0.003022758034450651
2025-11,2025-11-13,0.1731989599992815,96,0.175958827842935,96,extra_trees,incumbent,96,-0.0027598678436535073
2025-11,2025-11-14,0.11172828445280447,96,0.0967320255867102,96,extra_trees,incumbent,96,0.014996258866094278
2025-11,2025-11-15,0.16554957290348746,96,0.13542878410658135,96,extra_trees,incumbent,96,0.030120788796906106
2025-11,2025-11-16,0.243005674740687,96,0.2007963014209532,96,extra_trees,incumbent,96,0.04220937331973379
2025-11,2025-11-17,0.21020225378460888,96,0.19951353559599028,96,extra_trees,incumbent,96,0.010688718188618607
2025-11,2025-11-18,0.18559448433452297,96,0.1845797125399622,96,extra_trees,incumbent,96,0.001014771794560776
2025-11,2025-11-19,0.12445096525144798,96,0.09810433949344366,96,extra_trees,incumbent,96,0.026346625758004324
2025-11,2025-11-20,0.09849010176824032,96,0.07647721997440361,96,extra_trees,incumbent,96,0.022012881793836703
2025-11,2025-11-21,0.20899620760880344,96,0.2099844072041467,96,extra_trees,incumbent,96,-0.0009881995953432698
2025-11,2025-11-22,0.16186355132721378,96,0.15816124384828847,96,extra_trees,incumbent,96,0.003702307478925304
2025-11,2025-11-23,0.11704639962809214,96,0.08804240685296828,96,extra_trees,incumbent,96,0.02900399277512386
2025-11,2025-11-24,0.11272131791246469,96,0.08981826733376559,96,extra_trees,incumbent,96,0.022903050578699097
2025-11,2025-11-25,0.149982781061177,96,0.13168644398641036,96,extra_trees,incumbent,96,0.018296337074766633
2025-11,2025-11-26,0.14415042511966328,96,0.13228090780331916,96,extra_trees,incumbent,96,0.011869517316344114
2025-11,2025-11-27,0.13745424954946575,96,0.11492453847297068,96,extra_trees,incumbent,96,0.022529711076495068
2025-11,2025-11-28,0.1186950339538533,96,0.07271486578721816,96,extra_trees,incumbent,96,0.04598016816663514
2025-11,2025-11-29,0.1013284960170459,96,0.062286130750435376,96,extra_trees,incumbent,96,0.03904236526661052
2025-11,2025-11-30,0.11026837308386439,96,0.07391168344099025,96,extra_trees,incumbent,96,0.03635668964287414
2025-12,2025-12-01,0.12026049900766071,96,0.09732226783094163,96,extra_trees,incumbent,96,0.022938231176719087
2025-12,2025-12-02,0.09118485512087009,96,0.10937981059617939,96,extra_trees,incumbent,96,-0.018194955475309305
2025-12,2025-12-03,0.11678548962982387,96,0.10640834415931837,96,extra_trees,incumbent,96,0.0103771454705055
2025-12,2025-12-04,0.1947401392711989,96,0.16474641079522168,96,extra_trees,incumbent,96,0.029993728475977227
2025-12,2025-12-05,0.19730020250069522,96,0.16394787945320313,96,extra_trees,incumbent,96,0.03335232304749208
2025-12,2025-12-06,0.19160173960947402,96,0.16272775606124326,96,extra_trees,incumbent,96,0.02887398354823076
2025-12,2025-12-07,0.1880611361726685,96,0.15295528506252998,96,extra_trees,incumbent,96,0.03510585111013853
2025-12,2025-12-08,0.22451809850582824,96,0.20625421410236333,96,extra_trees,incumbent,96,0.01826388440346491
2025-12,2025-12-09,0.11753233253773955,93,0.08891144899416858,93,extra_trees,incumbent,93,0.028620883543570966
2025-12,2025-12-10,0.13277937737616782,92,0.11084946696849506,92,extra_trees,incumbent,92,0.021929910407672767
2025-12,2025-12-11,0.13947144502689973,91,0.09064586454936256,91,extra_trees,incumbent,91,0.04882558047753717
2025-12,2025-12-12,0.22715857376717935,92,0.21066402818045268,92,extra_trees,incumbent,92,0.016494545586726667
2025-12,2025-12-13,0.3494172362303833,96,0.3942949207055692,96,extra_trees,incumbent,96,-0.04487768447518592
2025-12,2025-12-14,0.2077410186341043,96,0.22444322673945952,96,extra_trees,incumbent,96,-0.01670220810535522
2025-12,2025-12-15,0.2614819081842433,96,0.24811709930007453,96,extra_trees,incumbent,96,0.013364808884168744
2025-12,2025-12-16,0.22278308992753434,96,0.1929408342438951,96,extra_trees,incumbent,96,0.02984225568363924
2025-12,2025-12-17,0.19626944995897957,96,0.192871477535546,96,extra_trees,incumbent,96,0.003397972423433565
2025-12,2025-12-18,0.16599165174942968,96,0.1260842898320513,96,extra_trees,incumbent,96,0.03990736191737837
2025-12,2025-12-19,0.20931224724623787,96,0.16184550921791724,96,extra_trees,incumbent,96,0.04746673802832063
2025-12,2025-12-20,0.2397986180210013,96,0.22407326717505324,96,extra_trees,incumbent,96,0.01572535084594806
2025-12,2025-12-21,0.2179073328214239,96,0.2114925049802431,96,extra_trees,incumbent,96,0.0064148278411808035
2025-12,2025-12-22,0.10172431547030603,96,0.0817790418919106,96,extra_trees,incumbent,96,0.019945273578395428
2025-12,2025-12-23,0.14185773702890056,96,0.14244617844099253,96,extra_trees,incumbent,96,-0.0005884414120919668
2025-12,2025-12-24,0.3570294926320689,96,0.4067069839403678,96,extra_trees,incumbent,96,-0.049677491308298904
2025-12,2025-12-25,0.3086627526851959,96,0.34732853209099684,96,extra_trees,incumbent,96,-0.03866577940580096
2025-12,2025-12-26,0.16535107266677476,96,0.15330205727953491,96,extra_trees,incumbent,96,0.012049015387239848
2025-12,2025-12-27,0.17002219478448102,96,0.18975839469487654,96,extra_trees,incumbent,96,-0.01973619991039552
2025-12,2025-12-28,0.16050712233201733,96,0.1564709306975097,96,extra_trees,incumbent,96,0.004036191634507635
2025-12,2025-12-29,0.3076953690463516,96,0.24872211031126015,96,extra_trees,incumbent,96,0.05897325873509143
2025-12,2025-12-30,0.30618829661948366,96,0.2703966102298227,96,extra_trees,incumbent,96,0.03579168638966096
2025-12,2025-12-31,0.20606906775786382,96,0.19376480604664112,96,extra_trees,incumbent,96,0.012304261711222703
2026-01,2026-01-01,0.15809160847878745,96,0.15851561161319108,96,extra_trees,incumbent,96,-0.00042400313440363324
2026-01,2026-01-02,0.1856155879889405,96,0.16851272702142261,96,extra_trees,incumbent,96,0.017102860967517897
2026-01,2026-01-03,0.1714738925543383,96,0.14421826874241017,96,extra_trees,incumbent,96,0.027255623811928115
2026-01,2026-01-04,0.14893031212149957,96,0.12031272573696838,96,extra_trees,incumbent,96,0.028617586384531185
2026-01,2026-01-05,0.0923159483947637,96,0.0707101638730903,96,extra_trees,incumbent,96,0.021605784521673402
2026-01,2026-01-06,0.09289698575506812,96,0.0499217440295873,96,extra_trees,incumbent,96,0.04297524172548082
2026-01,2026-01-07,0.11628132137253162,96,0.07138293043983412,96,extra_trees,incumbent,96,0.0448983909326975
2026-01,2026-01-08,0.22483964471127582,96,0.18222763371006886,96,extra_trees,incumbent,96,0.042612011001206956
2026-01,2026-01-09,0.17645032499790014,96,0.13939523147502694,96,extra_trees,incumbent,96,0.0370550935228732
2026-01,2026-01-10,0.20472281713013693,96,0.19463758637099735,96,extra_trees,incumbent,96,0.010085230759139585
2026-01,2026-01-11,0.23541089729048273,96,0.21996157798373783,96,extra_trees,incumbent,96,0.015449319306744896
2026-01,2026-01-12,0.20739463611825268,96,0.2190394626349623,96,extra_trees,incumbent,96,-0.011644826516709617
2026-01,2026-01-13,0.17397001832470602,96,0.186159006311302,96,extra_trees,incumbent,96,-0.012188987986595984
2026-01,2026-01-14,0.11317735046235682,96,0.10934583578425416,96,extra_trees,incumbent,96,0.0038315146781026516
2026-01,2026-01-15,0.12226575855682137,96,0.11855774377127652,96,extra_trees,incumbent,96,0.003708014785544847
2026-01,2026-01-16,0.16809042834250387,96,0.16449162535206224,96,extra_trees,incumbent,96,0.0035988029904416297
2026-01,2026-01-17,0.10073323212712308,96,0.11058768097607674,96,extra_trees,incumbent,96,-0.00985444884895366
2026-01,2026-01-18,0.19462098715394263,96,0.1972302200358349,96,extra_trees,incumbent,96,-0.0026092328818922705
2026-01,2026-01-19,0.16809191465222875,96,0.1596750767422768,96,extra_trees,incumbent,96,0.008416837909951957
2026-01,2026-01-20,0.16920514129247924,96,0.12079665637253877,96,extra_trees,incumbent,96,0.04840848491994047
2026-01,2026-01-21,0.20334691444623065,96,0.17163603082682646,96,extra_trees,incumbent,96,0.03171088361940419
2026-01,2026-01-22,0.2784024587075377,96,0.2736758177581509,96,extra_trees,incumbent,96,0.004726640949386796
2026-01,2026-01-23,0.19933840577080478,96,0.1531641821140769,96,extra_trees,incumbent,96,0.04617422365672788
2026-01,2026-01-24,0.18861498042779593,96,0.13365263501803984,96,extra_trees,incumbent,96,0.054962345409756086
2026-01,2026-01-25,0.1712589644686089,96,0.19311262695147657,96,extra_trees,incumbent,96,-0.021853662482867686
2026-01,2026-01-26,0.13944040510949895,96,0.1353053447330319,96,extra_trees,incumbent,96,0.004135060376467048
2026-01,2026-01-27,0.18379807663286837,96,0.15003864295820432,96,extra_trees,incumbent,96,0.03375943367466405
2026-01,2026-01-28,0.16523441622210758,96,0.14728834263267188,96,extra_trees,incumbent,96,0.0179460735894357
2026-01,2026-01-29,0.1496476380938267,96,0.13989590454334322,96,extra_trees,incumbent,96,0.009751733550483477
2026-01,2026-01-30,0.2228828531420379,94,0.24184036161602795,94,extra_trees,incumbent,94,-0.018957508473990053
2026-01,2026-01-31,0.2754372491418238,46,0.27238659667867443,46,extra_trees,incumbent,46,0.0030506524631493948
2025-10,2025-10-01,0.25058455788492234,96,0.26270340202702175,96,hist_gradient_boosting,incumbent,96,-0.012118844142099405
2025-10,2025-10-02,0.24460101577451973,66,0.2757254327613691,66,hist_gradient_boosting,incumbent,66,-0.031124416986849396
2025-10,2025-10-03,0.09297660336636245,18,0.1055189793151067,18,hist_gradient_boosting,incumbent,18,-0.012542375948744258
2025-10,2025-10-04,0.23584241584008384,22,0.17697953600808589,22,hist_gradient_boosting,incumbent,22,0.05886287983199795
2025-10,2025-10-05,0.10987292651386305,68,0.098256302654463,68,hist_gradient_boosting,incumbent,68,0.011616623859400044
2025-10,2025-10-06,0.08780010185679706,94,0.09380693689936288,94,hist_gradient_boosting,incumbent,94,-0.006006835042565828
2025-10,2025-10-07,0.09965776596805753,96,0.08578865760655728,96,hist_gradient_boosting,incumbent,96,0.013869108361500251
2025-10,2025-10-08,0.05906150069964807,96,0.04975842468696024,96,hist_gradient_boosting,incumbent,96,0.00930307601268783
2025-10,2025-10-09,0.05748237184534364,96,0.04680344248800113,96,hist_gradient_boosting,incumbent,96,0.010678929357342506
2025-10,2025-10-10,0.08868021356307093,96,0.0626869253641727,96,hist_gradient_boosting,incumbent,96,0.025993288198898234
2025-10,2025-10-11,0.11917736655512386,96,0.1005094370715317,96,hist_gradient_boosting,incumbent,96,0.018667929483592152
2025-10,2025-10-12,0.1994161666758971,96,0.19507590805887287,96,hist_gradient_boosting,incumbent,96,0.004340258617024223
2025-10,2025-10-13,0.20077135199264048,96,0.1841356975326056,96,hist_gradient_boosting,incumbent,96,0.01663565446003487
2025-10,2025-10-14,0.13744567363008597,96,0.12398747645596504,96,hist_gradient_boosting,incumbent,96,0.013458197174120931
2025-10,2025-10-15,0.1378189102837518,96,0.11906467705674907,96,hist_gradient_boosting,incumbent,96,0.018754233227002717
2025-10,2025-10-16,0.14061188066350697,96,0.08955328485929165,96,hist_gradient_boosting,incumbent,96,0.05105859580421532
2025-10,2025-10-17,0.14100718535432089,96,0.07825219978594379,96,hist_gradient_boosting,incumbent,96,0.0627549855683771
2025-10,2025-10-18,0.14461295964769574,96,0.10686543846267627,96,hist_gradient_boosting,incumbent,96,0.03774752118501948
2025-10,2025-10-19,0.21409911679547436,96,0.1885563204454149,96,hist_gradient_boosting,incumbent,96,0.02554279635005946
2025-10,2025-10-20,0.1410030891118994,96,0.09095808418765457,96,hist_gradient_boosting,incumbent,96,0.05004500492424484
2025-10,2025-10-21,0.11155512549230602,96,0.06453893108673875,96,hist_gradient_boosting,incumbent,96,0.04701619440556727
2025-10,2025-10-22,0.08964415355304611,96,0.059908607157519556,96,hist_gradient_boosting,incumbent,96,0.029735546395526558
2025-10,2025-10-23,0.10546852118612692,96,0.08035513116102487,96,hist_gradient_boosting,incumbent,96,0.025113390025102045
2025-10,2025-10-24,0.1420497391584933,96,0.15251886269411186,96,hist_gradient_boosting,incumbent,96,-0.010469123535618546
2025-10,2025-10-25,0.13183991720583563,96,0.12516900718026794,96,hist_gradient_boosting,incumbent,96,0.006670910025567689
2025-10,2025-10-26,0.1713913405017792,96,0.14879755003416648,96,hist_gradient_boosting,incumbent,96,0.02259379046761273
2025-10,2025-10-27,0.18976895744164538,96,0.15165935843351008,96,hist_gradient_boosting,incumbent,96,0.03810959900813529
2025-10,2025-10-28,0.15943164295000872,96,0.1334576664799464,96,hist_gradient_boosting,incumbent,96,0.025973976470062332
2025-10,2025-10-29,0.19967879348952314,96,0.1682455525650084,96,hist_gradient_boosting,incumbent,96,0.031433240924514744
2025-10,2025-10-30,0.14272613164280268,96,0.11012952620363459,96,hist_gradient_boosting,incumbent,96,0.03259660543916809
2025-10,2025-10-31,0.16909607469360968,96,0.14342947635381814,96,hist_gradient_boosting,incumbent,96,0.02566659833979154
2025-11,2025-11-01,0.17791639878436064,96,0.1418811441241355,96,hist_gradient_boosting,incumbent,96,0.03603525466022514
2025-11,2025-11-02,0.1580586136833958,96,0.13380542683415328,96,hist_gradient_boosting,incumbent,96,0.02425318684924252
2025-11,2025-11-03,0.14780690501458152,96,0.13454826143628315,96,hist_gradient_boosting,incumbent,96,0.013258643578298368
2025-11,2025-11-04,0.16200625010750636,96,0.1611571972536581,96,hist_gradient_boosting,incumbent,96,0.0008490528538482589
2025-11,2025-11-05,0.20996875097791437,96,0.22571547518814117,96,hist_gradient_boosting,incumbent,96,-0.015746724210226798
2025-11,2025-11-06,0.19298992385676703,96,0.19781870489138553,96,hist_gradient_boosting,incumbent,96,-0.004828781034618507
2025-11,2025-11-07,0.18503153117220097,96,0.20935617814732885,96,hist_gradient_boosting,incumbent,96,-0.024324646975127873
2025-11,2025-11-08,0.2372969900946991,96,0.2530232875307073,96,hist_gradient_boosting,incumbent,96,-0.015726297436008202
2025-11,2025-11-09,0.14538395337021684,96,0.13903978323688665,96,hist_gradient_boosting,incumbent,96,0.00634417013333019
2025-11,2025-11-10,0.16951436122560973,96,0.17600459254430925,96,hist_gradient_boosting,incumbent,96,-0.006490231318699524
2025-11,2025-11-11,0.18042569836682984,96,0.17689166037219986,96,hist_gradient_boosting,incumbent,96,0.0035340379946299794
2025-11,2025-11-12,0.1437348550765896,96,0.1357766649090958,96,hist_gradient_boosting,incumbent,96,0.0079581901674938
2025-11,2025-11-13,0.17799669874125826,96,0.175958827842935,96,hist_gradient_boosting,incumbent,96,0.0020378708983232463
2025-11,2025-11-14,0.11629669719536717,96,0.0967320255867102,96,hist_gradient_boosting,incumbent,96,0.019564671608656978
2025-11,2025-11-15,0.15962282980023532,96,0.13542878410658135,96,hist_gradient_boosting,incumbent,96,0.024194045693653965
2025-11,2025-11-16,0.24850141446986687,96,0.2007963014209532,96,hist_gradient_boosting,incumbent,96,0.04770511304891367
2025-11,2025-11-17,0.2176927553861565,96,0.19951353559599028,96,hist_gradient_boosting,incumbent,96,0.018179219790166234
2025-11,2025-11-18,0.18705386435050494,96,0.1845797125399622,96,hist_gradient_boosting,incumbent,96,0.002474151810542752
2025-11,2025-11-19,0.12349465588845476,96,0.09810433949344366,96,hist_gradient_boosting,incumbent,96,0.025390316395011103
2025-11,2025-11-20,0.10542262887179182,96,0.07647721997440361,96,hist_gradient_boosting,incumbent,96,0.02894540889738821
2025-11,2025-11-21,0.199818675666809,96,0.2099844072041467,96,hist_gradient_boosting,incumbent,96,-0.010165731537337713
2025-11,2025-11-22,0.15741265393925008,96,0.15816124384828847,96,hist_gradient_boosting,incumbent,96,-0.0007485899090383941
2025-11,2025-11-23,0.11849875925458009,96,0.08804240685296828,96,hist_gradient_boosting,incumbent,96,0.030456352401611805
2025-11,2025-11-24,0.12754475650193672,96,0.08981826733376559,96,hist_gradient_boosting,incumbent,96,0.03772648916817113
2025-11,2025-11-25,0.15252642343980127,96,0.13168644398641036,96,hist_gradient_boosting,incumbent,96,0.020839979453390917
2025-11,2025-11-26,0.13802808574529554,96,0.13228090780331916,96,hist_gradient_boosting,incumbent,96,0.005747177941976378
2025-11,2025-11-27,0.12490718137393218,96,0.11492453847297068,96,hist_gradient_boosting,incumbent,96,0.0099826429009615
2025-11,2025-11-28,0.12185587087846521,96,0.07271486578721816,96,hist_gradient_boosting,incumbent,96,0.04914100509124705
2025-11,2025-11-29,0.09786273828914555,96,0.062286130750435376,96,hist_gradient_boosting,incumbent,96,0.03557660753871017
2025-11,2025-11-30,0.10405976322248817,96,0.07391168344099025,96,hist_gradient_boosting,incumbent,96,0.030148079781497916
2025-12,2025-12-01,0.11672588143710334,96,0.09732226783094163,96,hist_gradient_boosting,incumbent,96,0.019403613606161718
2025-12,2025-12-02,0.09756403016972363,96,0.10937981059617939,96,hist_gradient_boosting,incumbent,96,-0.011815780426455758
2025-12,2025-12-03,0.11347664675947972,96,0.10640834415931837,96,hist_gradient_boosting,incumbent,96,0.00706830260016135
2025-12,2025-12-04,0.18804006818403893,96,0.16474641079522168,96,hist_gradient_boosting,incumbent,96,0.02329365738881725
2025-12,2025-12-05,0.21644535749641816,96,0.16394787945320313,96,hist_gradient_boosting,incumbent,96,0.05249747804321503
2025-12,2025-12-06,0.2081404372325457,96,0.16272775606124326,96,hist_gradient_boosting,incumbent,96,0.04541268117130243
2025-12,2025-12-07,0.2030711402840789,96,0.15295528506252998,96,hist_gradient_boosting,incumbent,96,0.05011585522154893
2025-12,2025-12-08,0.23867291008417632,96,0.20625421410236333,96,hist_gradient_boosting,incumbent,96,0.03241869598181299
2025-12,2025-12-09,0.11600283696845633,93,0.08891144899416858,93,hist_gradient_boosting,incumbent,93,0.027091387974287742
2025-12,2025-12-10,0.14305353729073902,92,0.11084946696849506,92,hist_gradient_boosting,incumbent,92,0.03220407032224397
2025-12,2025-12-11,0.1450708671179757,91,0.09064586454936256,91,hist_gradient_boosting,incumbent,91,0.05442500256861314
2025-12,2025-12-12,0.23801482905874594,92,0.21066402818045268,92,hist_gradient_boosting,incumbent,92,0.027350800878293252
2025-12,2025-12-13,0.3676458899437112,96,0.3942949207055692,96,hist_gradient_boosting,incumbent,96,-0.026649030761857984
2025-12,2025-12-14,0.22551548149948886,96,0.22444322673945952,96,hist_gradient_boosting,incumbent,96,0.0010722547600293397
2025-12,2025-12-15,0.2916786322707911,96,0.24811709930007453,96,hist_gradient_boosting,incumbent,96,0.04356153297071658
2025-12,2025-12-16,0.21162479336986598,96,0.1929408342438951,96,hist_gradient_boosting,incumbent,96,0.018683959125970873
2025-12,2025-12-17,0.19450772114631878,96,0.192871477535546,96,hist_gradient_boosting,incumbent,96,0.0016362436107727751
2025-12,2025-12-18,0.1519156352265228,96,0.1260842898320513,96,hist_gradient_boosting,incumbent,96,0.02583134539447149
2025-12,2025-12-19,0.20916182862545019,96,0.16184550921791724,96,hist_gradient_boosting,incumbent,96,0.04731631940753295
2025-12,2025-12-20,0.24031028556891462,96,0.22407326717505324,96,hist_gradient_boosting,incumbent,96,0.01623701839386138
2025-12,2025-12-21,0.22081783631397153,96,0.2114925049802431,96,hist_gradient_boosting,incumbent,96,0.009325331333728426
2025-12,2025-12-22,0.09950915556135442,96,0.0817790418919106,96,hist_gradient_boosting,incumbent,96,0.017730113669443825
2025-12,2025-12-23,0.1573615770108935,96,0.14244617844099253,96,hist_gradient_boosting,incumbent,96,0.014915398569900984
2025-12,2025-12-24,0.37917504574935507,96,0.4067069839403678,96,hist_gradient_boosting,incumbent,96,-0.02753193819101274
2025-12,2025-12-25,0.3198735380058862,96,0.34732853209099684,96,hist_gradient_boosting,incumbent,96,-0.02745499408511065
2025-12,2025-12-26,0.1647894830354326,96,0.15330205727953491,96,hist_gradient_boosting,incumbent,96,0.011487425755897673
2025-12,2025-12-27,0.16383339263410915,96,0.18975839469487654,96,hist_gradient_boosting,incumbent,96,-0.025925002060767394
2025-12,2025-12-28,0.152846184988949,96,0.1564709306975097,96,hist_gradient_boosting,incumbent,96,-0.003624745708560695
2025-12,2025-12-29,0.32590689608974327,96,0.24872211031126015,96,hist_gradient_boosting,incumbent,96,0.07718478577848312
2025-12,2025-12-30,0.31202924988285335,96,0.2703966102298227,96,hist_gradient_boosting,incumbent,96,0.041632639653030656
2025-12,2025-12-31,0.19859734666784215,96,0.19376480604664112,96,hist_gradient_boosting,incumbent,96,0.004832540621201031
2026-01,2026-01-01,0.16236248520777186,96,0.15851561161319108,96,hist_gradient_boosting,incumbent,96,0.003846873594580774
2026-01,2026-01-02,0.1939218423518505,96,0.16851272702142261,96,hist_gradient_boosting,incumbent,96,0.02540911533042789
2026-01,2026-01-03,0.19784432348898764,96,0.14421826874241017,96,hist_gradient_boosting,incumbent,96,0.05362605474657747
2026-01,2026-01-04,0.16405461374918065,96,0.12031272573696838,96,hist_gradient_boosting,incumbent,96,0.043741888012212266
2026-01,2026-01-05,0.1673609690480494,96,0.0707101638730903,96,hist_gradient_boosting,incumbent,96,0.0966508051749591
2026-01,2026-01-06,0.16620048338141233,96,0.0499217440295873,96,hist_gradient_boosting,incumbent,96,0.11627873935182503
2026-01,2026-01-07,0.1534726326443793,96,0.07138293043983412,96,hist_gradient_boosting,incumbent,96,0.08208970220454517
2026-01,2026-01-08,0.2883625804619299,96,0.18222763371006886,96,hist_gradient_boosting,incumbent,96,0.10613494675186105
2026-01,2026-01-09,0.24013552573295435,96,0.13939523147502694,96,hist_gradient_boosting,incumbent,96,0.10074029425792741
2026-01,2026-01-10,0.23148624350552385,96,0.19463758637099735,96,hist_gradient_boosting,incumbent,96,0.03684865713452651
2026-01,2026-01-11,0.20938210371289098,96,0.21996157798373783,96,hist_gradient_boosting,incumbent,96,-0.01057947427084685
2026-01,2026-01-12,0.20437406802872718,96,0.2190394626349623,96,hist_gradient_boosting,incumbent,96,-0.014665394606235116
2026-01,2026-01-13,0.17329779225128097,96,0.186159006311302,96,hist_gradient_boosting,incumbent,96,-0.012861214060021026
2026-01,2026-01-14,0.10456606283132075,96,0.10934583578425416,96,hist_gradient_boosting,incumbent,96,-0.004779772952933414
2026-01,2026-01-15,0.1107784398757301,96,0.11855774377127652,96,hist_gradient_boosting,incumbent,96,-0.007779303895546416
2026-01,2026-01-16,0.15487715225150525,96,0.16449162535206224,96,hist_gradient_boosting,incumbent,96,-0.009614473100556992
2026-01,2026-01-17,0.09930577391429089,96,0.11058768097607674,96,hist_gradient_boosting,incumbent,96,-0.011281907061785848
2026-01,2026-01-18,0.18360265689467972,96,0.1972302200358349,96,hist_gradient_boosting,incumbent,96,-0.01362756314115518
2026-01,2026-01-19,0.1589267778956478,96,0.1596750767422768,96,hist_gradient_boosting,incumbent,96,-0.0007482988466289975
2026-01,2026-01-20,0.15748078423484158,96,0.12079665637253877,96,hist_gradient_boosting,incumbent,96,0.03668412786230281
2026-01,2026-01-21,0.2006771371097309,96,0.17163603082682646,96,hist_gradient_boosting,incumbent,96,0.029041106282904433
2026-01,2026-01-22,0.28181571595559357,96,0.2736758177581509,96,hist_gradient_boosting,incumbent,96,0.008139898197442652
2026-01,2026-01-23,0.19053313718769363,96,0.1531641821140769,96,hist_gradient_boosting,incumbent,96,0.03736895507361673
2026-01,2026-01-24,0.1794687050071416,96,0.13365263501803984,96,hist_gradient_boosting,incumbent,96,0.04581606998910176
2026-01,2026-01-25,0.17129339640635202,96,0.19311262695147657,96,hist_gradient_boosting,incumbent,96,-0.02181923054512455
2026-01,2026-01-26,0.12921398693418953,96,0.1353053447330319,96,hist_gradient_boosting,incumbent,96,-0.006091357798842373
2026-01,2026-01-27,0.14998528812088033,96,0.15003864295820432,96,hist_gradient_boosting,incumbent,96,-5.3354837323993376e-05
2026-01,2026-01-28,0.1688680651662254,96,0.14728834263267188,96,hist_gradient_boosting,incumbent,96,0.02157972253355353
2026-01,2026-01-29,0.15904175139653204,96,0.13989590454334322,96,hist_gradient_boosting,incumbent,96,0.01914584685318882
2026-01,2026-01-30,0.21450202373029623,94,0.24184036161602795,94,hist_gradient_boosting,incumbent,94,-0.02733833788573173
2026-01,2026-01-31,0.25284593148457435,46,0.27238659667867443,46,hist_gradient_boosting,incumbent,46,-0.019540665194100082
2025-10,2025-10-01,0.26478554589932596,96,0.26270340202702175,96,catboost,incumbent,96,0.0020821438723042096
2025-10,2025-10-02,0.271529986648958,66,0.2757254327613691,66,catboost,incumbent,66,-0.0041954461124111275
2025-10,2025-10-03,0.10627289701398313,18,0.1055189793151067,18,catboost,incumbent,18,0.0007539176988764218
2025-10,2025-10-04,0.16524766790258114,22,0.17697953600808589,22,catboost,incumbent,22,-0.01173186810550475
2025-10,2025-10-05,0.0930439102768042,68,0.098256302654463,68,catboost,incumbent,68,-0.005212392377658803
2025-10,2025-10-06,0.09422527598454372,94,0.09380693689936288,94,catboost,incumbent,94,0.0004183390851808383
2025-10,2025-10-07,0.0871569043231923,96,0.08578865760655728,96,catboost,incumbent,96,0.0013682467166350187
2025-10,2025-10-08,0.045976149722926955,96,0.04975842468696024,96,catboost,incumbent,96,-0.003782274964033286
2025-10,2025-10-09,0.04600792909988053,96,0.04680344248800113,96,catboost,incumbent,96,-0.0007955133881206028
2025-10,2025-10-10,0.05945511667494344,96,0.0626869253641727,96,catboost,incumbent,96,-0.0032318086892292597
2025-10,2025-10-11,0.1028576553428006,96,0.1005094370715317,96,catboost,incumbent,96,0.0023482182712688954
2025-10,2025-10-12,0.1975171713223598,96,0.19507590805887287,96,catboost,incumbent,96,0.002441263263486926
2025-10,2025-10-13,0.192758886074051,96,0.1841356975326056,96,catboost,incumbent,96,0.008623188541445392
2025-10,2025-10-14,0.13611175006510157,96,0.12398747645596504,96,catboost,incumbent,96,0.012124273609136524
2025-10,2025-10-15,0.1102277326665841,96,0.11906467705674907,96,catboost,incumbent,96,-0.008836944390164969
2025-10,2025-10-16,0.09181167163463529,96,0.08955328485929165,96,catboost,incumbent,96,0.0022583867753436376
2025-10,2025-10-17,0.08176294802780344,96,0.07825219978594379,96,catboost,incumbent,96,0.0035107482418596514
2025-10,2025-10-18,0.10689122169779623,96,0.10686543846267627,96,catboost,incumbent,96,2.5783235119966608e-05
2025-10,2025-10-19,0.18737883455802107,96,0.1885563204454149,96,catboost,incumbent,96,-0.001177485887393831
2025-10,2025-10-20,0.08977002273737306,96,0.09095808418765457,96,catboost,incumbent,96,-0.0011880614502815107
2025-10,2025-10-21,0.061929919575949365,96,0.06453893108673875,96,catboost,incumbent,96,-0.0026090115107893844
2025-10,2025-10-22,0.057078530738195576,96,0.059908607157519556,96,catboost,incumbent,96,-0.002830076419323979
2025-10,2025-10-23,0.07658421039309372,96,0.08035513116102487,96,catboost,incumbent,96,-0.0037709207679311463
2025-10,2025-10-24,0.14631161131657003,96,0.15251886269411186,96,catboost,incumbent,96,-0.006207251377541828
2025-10,2025-10-25,0.11952933949038935,96,0.12516900718026794,96,catboost,incumbent,96,-0.005639667689878586
2025-10,2025-10-26,0.1441298937866627,96,0.14879755003416648,96,catboost,incumbent,96,-0.0046676562475037875
2025-10,2025-10-27,0.15618421844746522,96,0.15165935843351008,96,catboost,incumbent,96,0.004524860013955134
2025-10,2025-10-28,0.1369717098833963,96,0.1334576664799464,96,catboost,incumbent,96,0.003514043403449907
2025-10,2025-10-29,0.17020895056261187,96,0.1682455525650084,96,catboost,incumbent,96,0.0019633979976034777
2025-10,2025-10-30,0.1088385349739408,96,0.11012952620363459,96,catboost,incumbent,96,-0.001290991229693783
2025-10,2025-10-31,0.13047171405379088,96,0.14342947635381814,96,catboost,incumbent,96,-0.012957762300027265
2025-11,2025-11-01,0.1396742554275745,96,0.1418811441241355,96,catboost,incumbent,96,-0.0022068886965609935
2025-11,2025-11-02,0.13518219523815017,96,0.13380542683415328,96,catboost,incumbent,96,0.001376768403996892
2025-11,2025-11-03,0.1287744533519312,96,0.13454826143628315,96,catboost,incumbent,96,-0.005773808084351961
2025-11,2025-11-04,0.15689862586370074,96,0.1611571972536581,96,catboost,incumbent,96,-0.004258571389957361
2025-11,2025-11-05,0.23142324792630817,96,0.22571547518814117,96,catboost,incumbent,96,0.005707772738167
2025-11,2025-11-06,0.21314138321445208,96,0.19781870489138553,96,catboost,incumbent,96,0.015322678323066552
2025-11,2025-11-07,0.2342020711460839,96,0.20935617814732885,96,catboost,incumbent,96,0.02484589299875506
2025-11,2025-11-08,0.2686396216693168,96,0.2530232875307073,96,catboost,incumbent,96,0.015616334138609522
2025-11,2025-11-09,0.13893240045162095,96,0.13903978323688665,96,catboost,incumbent,96,-0.00010738278526570277
2025-11,2025-11-10,0.18683226174484735,96,0.17600459254430925,96,catboost,incumbent,96,0.010827669200538098
2025-11,2025-11-11,0.19969040508066668,96,0.17689166037219986,96,catboost,incumbent,96,0.022798744708466823
2025-11,2025-11-12,0.1398352699607848,96,0.1357766649090958,96,catboost,incumbent,96,0.004058605051689007
2025-11,2025-11-13,0.18130750538615836,96,0.175958827842935,96,catboost,incumbent,96,0.005348677543223351
2025-11,2025-11-14,0.09975985943523365,96,0.0967320255867102,96,catboost,incumbent,96,0.0030278338485234535
2025-11,2025-11-15,0.1195537885115252,96,0.13542878410658135,96,catboost,incumbent,96,-0.015874995595056146
2025-11,2025-11-16,0.18603781475892447,96,0.2007963014209532,96,catboost,incumbent,96,-0.014758486662028725
2025-11,2025-11-17,0.1903750659924988,96,0.19951353559599028,96,catboost,incumbent,96,-0.00913846960349149
2025-11,2025-11-18,0.18549793899426983,96,0.1845797125399622,96,catboost,incumbent,96,0.0009182264543076413
2025-11,2025-11-19,0.09718346855326655,96,0.09810433949344366,96,catboost,incumbent,96,-0.000920870940177107
2025-11,2025-11-20,0.07153423790520659,96,0.07647721997440361,96,catboost,incumbent,96,-0.004942982069197022
2025-11,2025-11-21,0.19430814846032574,96,0.2099844072041467,96,catboost,incumbent,96,-0.015676258743820976
2025-11,2025-11-22,0.1605660860389077,96,0.15816124384828847,96,catboost,incumbent,96,0.002404842190619233
2025-11,2025-11-23,0.09774294528410193,96,0.08804240685296828,96,catboost,incumbent,96,0.009700538431133651
2025-11,2025-11-24,0.0961887246537903,96,0.08981826733376559,96,catboost,incumbent,96,0.006370457320024711
2025-11,2025-11-25,0.13390583337506431,96,0.13168644398641036,96,catboost,incumbent,96,0.0022193893886539584
2025-11,2025-11-26,0.1346434079349241,96,0.13228090780331916,96,catboost,incumbent,96,0.0023625001316049388
2025-11,2025-11-27,0.12195109784126834,96,0.11492453847297068,96,catboost,incumbent,96,0.007026559368297658
2025-11,2025-11-28,0.06168116617876849,96,0.07271486578721816,96,catboost,incumbent,96,-0.011033699608449667
2025-11,2025-11-29,0.052746691683534734,96,0.062286130750435376,96,catboost,incumbent,96,-0.009539439066900642
2025-11,2025-11-30,0.07050818888492373,96,0.07391168344099025,96,catboost,incumbent,96,-0.003403494556066519
2025-12,2025-12-01,0.09763327647181426,96,0.09732226783094163,96,catboost,incumbent,96,0.00031100864087263425
2025-12,2025-12-02,0.10491283590060109,96,0.10937981059617939,96,catboost,incumbent,96,-0.004466974695578302
2025-12,2025-12-03,0.10877209767212577,96,0.10640834415931837,96,catboost,incumbent,96,0.002363753512807404
2025-12,2025-12-04,0.16595013449941473,96,0.16474641079522168,96,catboost,incumbent,96,0.0012037237041930549
2025-12,2025-12-05,0.17107744166076544,96,0.16394787945320313,96,catboost,incumbent,96,0.007129562207562307
2025-12,2025-12-06,0.15803547099904278,96,0.16272775606124326,96,catboost,incumbent,96,-0.004692285062200485
2025-12,2025-12-07,0.1503002541027246,96,0.15295528506252998,96,catboost,incumbent,96,-0.0026550309598053767
2025-12,2025-12-08,0.20692405026909796,96,0.20625421410236333,96,catboost,incumbent,96,0.0006698361667346331
2025-12,2025-12-09,0.08708610671470106,93,0.08891144899416858,93,catboost,incumbent,93,-0.0018253422794675261
2025-12,2025-12-10,0.10625979866418082,92,0.11084946696849506,92,catboost,incumbent,92,-0.004589668304314232
2025-12,2025-12-11,0.07803561719729085,91,0.09064586454936256,91,catboost,incumbent,91,-0.01261024735207171
2025-12,2025-12-12,0.1966290210137315,92,0.21066402818045268,92,catboost,incumbent,92,-0.01403500716672118
2025-12,2025-12-13,0.371888566872319,96,0.3942949207055692,96,catboost,incumbent,96,-0.02240635383325018
2025-12,2025-12-14,0.21375530737662576,96,0.22444322673945952,96,catboost,incumbent,96,-0.010687919362833753
2025-12,2025-12-15,0.24807157732929594,96,0.24811709930007453,96,catboost,incumbent,96,-4.5521970778589216e-05
2025-12,2025-12-16,0.2080219692441927,96,0.1929408342438951,96,catboost,incumbent,96,0.01508113500029759
2025-12,2025-12-17,0.1956501285716711,96,0.192871477535546,96,catboost,incumbent,96,0.002778651036125096
2025-12,2025-12-18,0.1252113988693694,96,0.1260842898320513,96,catboost,incumbent,96,-0.0008728909626818937
2025-12,2025-12-19,0.17355362339947944,96,0.16184550921791724,96,catboost,incumbent,96,0.011708114181562201
2025-12,2025-12-20,0.22155474520791577,96,0.22407326717505324,96,catboost,incumbent,96,-0.002518521967137477
2025-12,2025-12-21,0.21269032062112206,96,0.2114925049802431,96,catboost,incumbent,96,0.001197815640878952
2025-12,2025-12-22,0.08846903006790545,96,0.0817790418919106,96,catboost,incumbent,96,0.0066899881759948515
2025-12,2025-12-23,0.14336517626261547,96,0.14244617844099253,96,catboost,incumbent,96,0.0009189978216229411
2025-12,2025-12-24,0.3974973208942094,96,0.4067069839403678,96,catboost,incumbent,96,-0.00920966304615839
2025-12,2025-12-25,0.34528820166418833,96,0.34732853209099684,96,catboost,incumbent,96,-0.002040330426808512
2025-12,2025-12-26,0.16065424319433322,96,0.15330205727953491,96,catboost,incumbent,96,0.007352185914798304
2025-12,2025-12-27,0.20003045999778393,96,0.18975839469487654,96,catboost,incumbent,96,0.01027206530290739
2025-12,2025-12-28,0.162356275414162,96,0.1564709306975097,96,catboost,incumbent,96,0.005885344716652308
2025-12,2025-12-29,0.27558281951486613,96,0.24872211031126015,96,catboost,incumbent,96,0.026860709203605976
2025-12,2025-12-30,0.2914869703289653,96,0.2703966102298227,96,catboost,incumbent,96,0.021090360099142613
2025-12,2025-12-31,0.19725147033972149,96,0.19376480604664112,96,catboost,incumbent,96,0.003486664293080366
2026-01,2026-01-01,0.16920507506615914,96,0.15851561161319108,96,catboost,incumbent,96,0.010689463452968062
2026-01,2026-01-02,0.16654606890470505,96,0.16851272702142261,96,catboost,incumbent,96,-0.0019666581167175623
2026-01,2026-01-03,0.1404694320929323,96,0.14421826874241017,96,catboost,incumbent,96,-0.0037488366494778658
2026-01,2026-01-04,0.11424811078572435,96,0.12031272573696838,96,catboost,incumbent,96,-0.006064614951244038
2026-01,2026-01-05,0.07526408149620652,96,0.0707101638730903,96,catboost,incumbent,96,0.004553917623116216
2026-01,2026-01-06,0.05836690286439317,96,0.0499217440295873,96,catboost,incumbent,96,0.008445158834805871
2026-01,2026-01-07,0.07679915164898064,96,0.07138293043983412,96,catboost,incumbent,96,0.005416221209146518
2026-01,2026-01-08,0.17419789791941684,96,0.18222763371006886,96,catboost,incumbent,96,-0.008029735790652026
2026-01,2026-01-09,0.11643448710194339,96,0.13939523147502694,96,catboost,incumbent,96,-0.022960744373083555
2026-01,2026-01-10,0.18563280733629814,96,0.19463758637099735,96,catboost,incumbent,96,-0.009004779034699206
2026-01,2026-01-11,0.22570667583166917,96,0.21996157798373783,96,catboost,incumbent,96,0.005745097847931341
2026-01,2026-01-12,0.22731194427020865,96,0.2190394626349623,96,catboost,incumbent,96,0.008272481635246354
2026-01,2026-01-13,0.19033538756636023,96,0.186159006311302,96,catboost,incumbent,96,0.004176381255058231
2026-01,2026-01-14,0.10895674054602732,96,0.10934583578425416,96,catboost,incumbent,96,-0.000389095238226847
2026-01,2026-01-15,0.11084549254259146,96,0.11855774377127652,96,catboost,incumbent,96,-0.00771225122868506
2026-01,2026-01-16,0.18055401372388205,96,0.16449162535206224,96,catboost,incumbent,96,0.016062388371819808
2026-01,2026-01-17,0.13860978795227893,96,0.11058768097607674,96,catboost,incumbent,96,0.028022106976202193
2026-01,2026-01-18,0.20460427863200456,96,0.1972302200358349,96,catboost,incumbent,96,0.007374058596169658
2026-01,2026-01-19,0.15668806042699615,96,0.1596750767422768,96,catboost,incumbent,96,-0.002987016315280644
2026-01,2026-01-20,0.12501947613646877,96,0.12079665637253877,96,catboost,incumbent,96,0.004222819763930005
2026-01,2026-01-21,0.1652038636605823,96,0.17163603082682646,96,catboost,incumbent,96,-0.006432167166244174
2026-01,2026-01-22,0.27171096735322164,96,0.2736758177581509,96,catboost,incumbent,96,-0.0019648504049292748
2026-01,2026-01-23,0.1531124186669173,96,0.1531641821140769,96,catboost,incumbent,96,-5.176344715959735e-05
2026-01,2026-01-24,0.14414232728225204,96,0.13365263501803984,96,catboost,incumbent,96,0.010489692264212203
2026-01,2026-01-25,0.1951807014082617,96,0.19311262695147657,96,catboost,incumbent,96,0.002068074456785113
2026-01,2026-01-26,0.13093214264239392,96,0.1353053447330319,96,catboost,incumbent,96,-0.00437320209063799
2026-01,2026-01-27,0.15648319401095748,96,0.15003864295820432,96,catboost,incumbent,96,0.006444551052753156
2026-01,2026-01-28,0.1501116107516485,96,0.14728834263267188,96,catboost,incumbent,96,0.002823268118976624
2026-01,2026-01-29,0.14545192798295167,96,0.13989590454334322,96,catboost,incumbent,96,0.005556023439608454
2026-01,2026-01-30,0.25599860909504096,94,0.24184036161602795,94,catboost,incumbent,94,0.014158247479013009
2026-01,2026-01-31,0.2935646136915123,46,0.27238659667867443,46,catboost,incumbent,46,0.02117801701283789
2025-10,2025-10-01,0.23156470884803523,96,0.26270340202702175,96,mlp,incumbent,96,-0.031138693178986515
2025-10,2025-10-02,0.18860018662918746,66,0.2757254327613691,66,mlp,incumbent,66,-0.08712524613218167
2025-10,2025-10-03,0.09150371980854674,18,0.1055189793151067,18,mlp,incumbent,18,-0.014015259506559963
2025-10,2025-10-04,0.16428400243720567,22,0.17697953600808589,22,mlp,incumbent,22,-0.012695533570880213
2025-10,2025-10-05,0.12932162327220165,68,0.098256302654463,68,mlp,incumbent,68,0.031065320617738645
2025-10,2025-10-06,0.10742844448755567,94,0.09380693689936288,94,mlp,incumbent,94,0.013621507588192791
2025-10,2025-10-07,0.11677731840813405,96,0.08578865760655728,96,mlp,incumbent,96,0.030988660801576765
2025-10,2025-10-08,0.09227818366906167,96,0.04975842468696024,96,mlp,incumbent,96,0.042519758982101426
2025-10,2025-10-09,0.08392557923778532,96,0.04680344248800113,96,mlp,incumbent,96,0.037122136749784186
2025-10,2025-10-10,0.12255077049440984,96,0.0626869253641727,96,mlp,incumbent,96,0.05986384513023714
2025-10,2025-10-11,0.14858627293226223,96,0.1005094370715317,96,mlp,incumbent,96,0.04807683586073053
2025-10,2025-10-12,0.2169469266521199,96,0.19507590805887287,96,mlp,incumbent,96,0.021871018593247027
2025-10,2025-10-13,0.2620601805636796,96,0.1841356975326056,96,mlp,incumbent,96,0.07792448303107397
2025-10,2025-10-14,0.16321066618442423,96,0.12398747645596504,96,mlp,incumbent,96,0.03922318972845919
2025-10,2025-10-15,0.11548439803335316,96,0.11906467705674907,96,mlp,incumbent,96,-0.003580279023395916
2025-10,2025-10-16,0.1779020507302144,96,0.08955328485929165,96,mlp,incumbent,96,0.08834876587092275
2025-10,2025-10-17,0.13025842483778097,96,0.07825219978594379,96,mlp,incumbent,96,0.05200622505183718
2025-10,2025-10-18,0.12061684789975279,96,0.10686543846267627,96,mlp,incumbent,96,0.01375140943707652
2025-10,2025-10-19,0.2120099753949087,96,0.1885563204454149,96,mlp,incumbent,96,0.023453654949493807
2025-10,2025-10-20,0.12764140172750146,96,0.09095808418765457,96,mlp,incumbent,96,0.036683317539846896
2025-10,2025-10-21,0.10195880525189978,96,0.06453893108673875,96,mlp,incumbent,96,0.03741987416516103
2025-10,2025-10-22,0.07748237875481012,96,0.059908607157519556,96,mlp,incumbent,96,0.017573771597290566
2025-10,2025-10-23,0.11522156321759065,96,0.08035513116102487,96,mlp,incumbent,96,0.03486643205656578
2025-10,2025-10-24,0.14482438616457308,96,0.15251886269411186,96,mlp,incumbent,96,-0.00769447652953878
2025-10,2025-10-25,0.13286804335888147,96,0.12516900718026794,96,mlp,incumbent,96,0.007699036178613533
2025-10,2025-10-26,0.15072082887206228,96,0.14879755003416648,96,mlp,incumbent,96,0.0019232788378958088
2025-10,2025-10-27,0.2014486019871449,96,0.15165935843351008,96,mlp,incumbent,96,0.049789243553634815
2025-10,2025-10-28,0.13761617451089095,96,0.1334576664799464,96,mlp,incumbent,96,0.004158508030944558
2025-10,2025-10-29,0.14198931762909225,96,0.1682455525650084,96,mlp,incumbent,96,-0.02625623493591614
2025-10,2025-10-30,0.13394637472962792,96,0.11012952620363459,96,mlp,incumbent,96,0.023816848525993334
2025-10,2025-10-31,0.16579120304769354,96,0.14342947635381814,96,mlp,incumbent,96,0.0223617266938754
2025-11,2025-11-01,0.19723726315286902,96,0.1418811441241355,96,mlp,incumbent,96,0.055356119028733525
2025-11,2025-11-02,0.16665962320557487,96,0.13380542683415328,96,mlp,incumbent,96,0.03285419637142159
2025-11,2025-11-03,0.14815725629885848,96,0.13454826143628315,96,mlp,incumbent,96,0.01360899486257533
2025-11,2025-11-04,0.16461490669347076,96,0.1611571972536581,96,mlp,incumbent,96,0.0034577094398126618
2025-11,2025-11-05,0.1919064732026814,96,0.22571547518814117,96,mlp,incumbent,96,-0.033809001985459775
2025-11,2025-11-06,0.17632862897247123,96,0.19781870489138553,96,mlp,incumbent,96,-0.021490075918914303
2025-11,2025-11-07,0.1903839425329612,96,0.20935617814732885,96,mlp,incumbent,96,-0.018972235614367644
2025-11,2025-11-08,0.2203778518727453,96,0.2530232875307073,96,mlp,incumbent,96,-0.03264543565796199
2025-11,2025-11-09,0.1349647077555208,96,0.13903978323688665,96,mlp,incumbent,96,-0.004075075481365847
2025-11,2025-11-10,0.1646804280456918,96,0.17600459254430925,96,mlp,incumbent,96,-0.01132416449861745
2025-11,2025-11-11,0.18943654528650558,96,0.17689166037219986,96,mlp,incumbent,96,0.01254488491430572
2025-11,2025-11-12,0.14326285825820503,96,0.1357766649090958,96,mlp,incumbent,96,0.007486193349109244
2025-11,2025-11-13,0.15495091386847396,96,0.175958827842935,96,mlp,incumbent,96,-0.021007913974461057
2025-11,2025-11-14,0.11327626745868351,96,0.0967320255867102,96,mlp,incumbent,96,0.016544241871973314
2025-11,2025-11-15,0.15195457046742386,96,0.13542878410658135,96,mlp,incumbent,96,0.01652578636084251
2025-11,2025-11-16,0.22237905491354218,96,0.2007963014209532,96,mlp,incumbent,96,0.02158275349258898
2025-11,2025-11-17,0.19735013339148602,96,0.19951353559599028,96,mlp,incumbent,96,-0.0021634022045042556
2025-11,2025-11-18,0.18548365365593453,96,0.1845797125399622,96,mlp,incumbent,96,0.0009039411159723343
2025-11,2025-11-19,0.12146484572757876,96,0.09810433949344366,96,mlp,incumbent,96,0.023360506234135103
2025-11,2025-11-20,0.08567259423517283,96,0.07647721997440361,96,mlp,incumbent,96,0.009195374260769218
2025-11,2025-11-21,0.21261760133504368,96,0.2099844072041467,96,mlp,incumbent,96,0.0026331941308969653
2025-11,2025-11-22,0.16606739509527282,96,0.15816124384828847,96,mlp,incumbent,96,0.00790615124698435
2025-11,2025-11-23,0.1081679743733666,96,0.08804240685296828,96,mlp,incumbent,96,0.02012556752039832
2025-11,2025-11-24,0.10762751375496475,96,0.08981826733376559,96,mlp,incumbent,96,0.01780924642119916
2025-11,2025-11-25,0.12858347450761565,96,0.13168644398641036,96,mlp,incumbent,96,-0.0031029694787947093
2025-11,2025-11-26,0.1436009573928697,96,0.13228090780331916,96,mlp,incumbent,96,0.011320049589550546
2025-11,2025-11-27,0.12186969620119725,96,0.11492453847297068,96,mlp,incumbent,96,0.00694515772822657
2025-11,2025-11-28,0.11593820214745505,96,0.07271486578721816,96,mlp,incumbent,96,0.0432233363602369
2025-11,2025-11-29,0.10596175775532468,96,0.062286130750435376,96,mlp,incumbent,96,0.043675627004889306
2025-11,2025-11-30,0.10103162326337718,96,0.07391168344099025,96,mlp,incumbent,96,0.027119939822386932
2025-12,2025-12-01,0.10786403489926216,96,0.09732226783094163,96,mlp,incumbent,96,0.010541767068320537
2025-12,2025-12-02,0.10744207361623813,96,0.10937981059617939,96,mlp,incumbent,96,-0.0019377369799412625
2025-12,2025-12-03,0.12331305403935562,96,0.10640834415931837,96,mlp,incumbent,96,0.016904709880037255
2025-12,2025-12-04,0.18274988267850947,96,0.16474641079522168,96,mlp,incumbent,96,0.018003471883287797
2025-12,2025-12-05,0.16856031068108004,96,0.16394787945320313,96,mlp,incumbent,96,0.004612431227876912
2025-12,2025-12-06,0.16354940917430713,96,0.16272775606124326,96,mlp,incumbent,96,0.0008216531130638693
2025-12,2025-12-07,0.15912945396282044,96,0.15295528506252998,96,mlp,incumbent,96,0.006174168900290461
2025-12,2025-12-08,0.2122624170454689,96,0.20625421410236333,96,mlp,incumbent,96,0.006008202943105556
2025-12,2025-12-09,0.09990103176279824,93,0.08891144899416858,93,mlp,incumbent,93,0.010989582768629658
2025-12,2025-12-10,0.12787411703401422,92,0.11084946696849506,92,mlp,incumbent,92,0.017024650065519162
2025-12,2025-12-11,0.10829067962572943,91,0.09064586454936256,91,mlp,incumbent,91,0.017644815076366865
2025-12,2025-12-12,0.20486712126245432,92,0.21066402818045268,92,mlp,incumbent,92,-0.005796906917998362
2025-12,2025-12-13,0.39781746951426084,96,0.3942949207055692,96,mlp,incumbent,96,0.003522548808691628
2025-12,2025-12-14,0.25152997820767026,96,0.22444322673945952,96,mlp,incumbent,96,0.02708675146821074
2025-12,2025-12-15,0.2592923233678269,96,0.24811709930007453,96,mlp,incumbent,96,0.011175224067752398
2025-12,2025-12-16,0.2081675444795629,96,0.1929408342438951,96,mlp,incumbent,96,0.015226710235667795
2025-12,2025-12-17,0.21043339731203423,96,0.192871477535546,96,mlp,incumbent,96,0.017561919776488216
2025-12,2025-12-18,0.14323788665887013,96,0.1260842898320513,96,mlp,incumbent,96,0.01715359682681883
2025-12,2025-12-19,0.1982505123041388,96,0.16184550921791724,96,mlp,incumbent,96,0.03640500308622155
2025-12,2025-12-20,0.24494302371061716,96,0.22407326717505324,96,mlp,incumbent,96,0.020869756535563916
2025-12,2025-12-21,0.21013092021420224,96,0.2114925049802431,96,mlp,incumbent,96,-0.0013615847660408686
2025-12,2025-12-22,0.09016055416919778,96,0.0817790418919106,96,mlp,incumbent,96,0.008381512277287187
2025-12,2025-12-23,0.1387335107704609,96,0.14244617844099253,96,mlp,incumbent,96,-0.003712667670531633
2025-12,2025-12-24,0.3460985872297783,96,0.4067069839403678,96,mlp,incumbent,96,-0.060608396710589485
2025-12,2025-12-25,0.31879599741944326,96,0.34732853209099684,96,mlp,incumbent,96,-0.02853253467155359
2025-12,2025-12-26,0.14247143580772678,96,0.15330205727953491,96,mlp,incumbent,96,-0.010830621471808133
2025-12,2025-12-27,0.155103242186351,96,0.18975839469487654,96,mlp,incumbent,96,-0.03465515250852555
2025-12,2025-12-28,0.15788810716518262,96,0.1564709306975097,96,mlp,incumbent,96,0.0014171764676729204
2025-12,2025-12-29,0.2570237179706869,96,0.24872211031126015,96,mlp,incumbent,96,0.008301607659426752
2025-12,2025-12-30,0.28562681313336086,96,0.2703966102298227,96,mlp,incumbent,96,0.01523020290353816
2025-12,2025-12-31,0.22028512953080495,96,0.19376480604664112,96,mlp,incumbent,96,0.026520323484163832
2026-01,2026-01-01,0.15028798018831088,96,0.15851561161319108,96,mlp,incumbent,96,-0.0082276314248802
2026-01,2026-01-02,0.1716084075046449,96,0.16851272702142261,96,mlp,incumbent,96,0.003095680483222285
2026-01,2026-01-03,0.16168259517194902,96,0.14421826874241017,96,mlp,incumbent,96,0.01746432642953885
2026-01,2026-01-04,0.11890440802271944,96,0.12031272573696838,96,mlp,incumbent,96,-0.001408317714248944
2026-01,2026-01-05,0.10169148654441285,96,0.0707101638730903,96,mlp,incumbent,96,0.030981322671322545
2026-01,2026-01-06,0.08379597297305452,96,0.0499217440295873,96,mlp,incumbent,96,0.03387422894346722
2026-01,2026-01-07,0.08384331346682396,96,0.07138293043983412,96,mlp,incumbent,96,0.012460383026989832
2026-01,2026-01-08,0.17473888452123446,96,0.18222763371006886,96,mlp,incumbent,96,-0.007488749188834409
2026-01,2026-01-09,0.12124825318589183,96,0.13939523147502694,96,mlp,incumbent,96,-0.018146978289135113
2026-01,2026-01-10,0.17972580758287762,96,0.19463758637099735,96,mlp,incumbent,96,-0.014911778788119723
2026-01,2026-01-11,0.1925110486914605,96,0.21996157798373783,96,mlp,incumbent,96,-0.027450529292277343
2026-01,2026-01-12,0.20504995393249104,96,0.2190394626349623,96,mlp,incumbent,96,-0.01398950870247126
2026-01,2026-01-13,0.18711038251212794,96,0.186159006311302,96,mlp,incumbent,96,0.000951376200825943
2026-01,2026-01-14,0.13135482139163232,96,0.10934583578425416,96,mlp,incumbent,96,0.022008985607378156
2026-01,2026-01-15,0.157453627920932,96,0.11855774377127652,96,mlp,incumbent,96,0.03889588414965549
2026-01,2026-01-16,0.1482267770289316,96,0.16449162535206224,96,mlp,incumbent,96,-0.016264848323130632
2026-01,2026-01-17,0.12271734004664114,96,0.11058768097607674,96,mlp,incumbent,96,0.012129659070564403
2026-01,2026-01-18,0.2711318708622004,96,0.1972302200358349,96,mlp,incumbent,96,0.07390165082636552
2026-01,2026-01-19,0.19411598963084942,96,0.1596750767422768,96,mlp,incumbent,96,0.03444091288857262
2026-01,2026-01-20,0.20626040433064866,96,0.12079665637253877,96,mlp,incumbent,96,0.08546374795810989
2026-01,2026-01-21,0.2593682197517899,96,0.17163603082682646,96,mlp,incumbent,96,0.08773218892496346
2026-01,2026-01-22,0.2958205638622465,96,0.2736758177581509,96,mlp,incumbent,96,0.02214474610409556
2026-01,2026-01-23,0.20676000389604762,96,0.1531641821140769,96,mlp,incumbent,96,0.053595821781970726
2026-01,2026-01-24,0.16915242262369742,96,0.13365263501803984,96,mlp,incumbent,96,0.035499787605657585
2026-01,2026-01-25,0.16573121918160813,96,0.19311262695147657,96,mlp,incumbent,96,-0.027381407769868443
2026-01,2026-01-26,0.16539820043168676,96,0.1353053447330319,96,mlp,incumbent,96,0.030092855698654858
2026-01,2026-01-27,0.18609019020091097,96,0.15003864295820432,96,mlp,incumbent,96,0.03605154724270665
2026-01,2026-01-28,0.16950728042723284,96,0.14728834263267188,96,mlp,incumbent,96,0.022218937794560967
2026-01,2026-01-29,0.15875075975751354,96,0.13989590454334322,96,mlp,incumbent,96,0.018854855214170324
2026-01,2026-01-30,0.228836100444354,94,0.24184036161602795,94,mlp,incumbent,94,-0.013004261171673942
2026-01,2026-01-31,0.26706393573865417,46,0.27238659667867443,46,mlp,incumbent,46,-0.005322660940020263
