issue_time_utc,run_time_utc,valid_time_utc,turbine_id,lead_hour,predicted_power,model_version,run_id,weather_sha256,weather_source,weather_model,assumed_available_at_utc,requested_latitude,requested_longitude,grid_latitude,grid_longitude,valid_time_local
2026-01-30 19:00:00+00:00,2026-01-30 12:00:00+00:00,2026-01-31 19:00:00+00:00,1,24,0.0104971797581101,aab1aa6175191b6a,105fbfbbec63f9b131c0,f69a0ac8f73a5aeed553a73ab5004586ef1a56adc255010aa48c01fe8867b749,https://single-runs-api.open-meteo.com/v1/forecast,ecmwf_ifs,2026-01-30 19:00:00+00:00,43.64515,78.535604,43.620384,78.47891,2026-02-01 00:00:00+05:00
2026-01-30 19:00:00+00:00,2026-01-30 12:00:00+00:00,2026-01-31 19:00:00+00:00,2,24,0.0091819635431053,aab1aa6175191b6a,105fbfbbec63f9b131c0,f69a0ac8f73a5aeed553a73ab5004586ef1a56adc255010aa48c01fe8867b749,https://single-runs-api.open-meteo.com/v1/forecast,ecmwf_ifs,2026-01-30 19:00:00+00:00,43.643198,78.538828,43.620384,78.47891,2026-02-01 00:00:00+05:00
2026-01-31 19:00:00+00:00,2026-01-31 12:00:00+00:00,2026-01-31 20:00:00+00:00,1,1,0.0141419070706263,7a9f78e7185f367e,1a23bb123e9117ce1367,70948c491a97aa1d20276c43d267d49b95152a08c14fb2d86484702f2ba7bcbd,https://single-runs-api.open-meteo.com/v1/forecast,ecmwf_ifs,2026-01-31 19:00:00+00:00,43.64515,78.535604,43.620384,78.47891,2026-02-01 01:00:00+05:00
2026-01-31 19:00:00+00:00,2026-01-31 12:00:00+00:00,2026-01-31 20:00:00+00:00,2,1,0.0121572086426179,7a9f78e7185f367e,1a23bb123e9117ce1367,70948c491a97aa1d20276c43d267d49b95152a08c14fb2d86484702f2ba7bcbd,https://single-runs-api.open-meteo.com/v1/forecast,ecmwf_ifs,2026-01-31 19:00:00+00:00,43.643198,78.538828,43.620384,78.47891,2026-02-01 01:00:00+05:00
2026-01-31 19:00:00+00:00,2026-01-31 12:00:00+00:00,2026-01-31 21:00:00+00:00,1,2,0.0078582193679078,7a9f78e7185f367e,1a23bb123e9117ce1367,70948c491a97aa1d20276c43d267d49b95152a08c14fb2d86484702f2ba7bcbd,https://single-runs-api.open-meteo.com/v1/forecast,ecmwf_ifs,2026-01-31 19:00:00+00:00,43.64515,78.535604,43.620384,78.47891,2026-02-01 02:00:00+05:00
2026-01-31 19:00:00+00:00,2026-01-31 12:00:00+00:00,2026-01-31 21:00:00+00:00,2,2,0.0065570741894464,7a9f78e7185f367e,1a23bb123e9117ce1367,70948c491a97aa1d20276c43d267d49b95152a08c14fb2d86484702f2ba7bcbd,https://single-runs-api.open-meteo.com/v1/forecast,ecmwf_ifs,2026-01-31 19:00:00+00:00,43.643198,78.538828,43.620384,78.47891,2026-02-01 02:00:00+05:00
2026-01-31 19:00:00+00:00,2026-01-31 12:00:00+00:00,2026-01-31 22:00:00+00:00,1,3,0.0106837993290244,7a9f78e7185f367e,1a23bb123e9117ce1367,70948c491a97aa1d20276c43d267d49b95152a08c14fb2d86484702f2ba7bcbd,https://single-runs-api.open-meteo.com/v1/forecast,ecmwf_ifs,2026-01-31 19:00:00+00:00,43.64515,78.535604,43.620384,78.47891,2026-02-01 03:00:00+05:00
2026-01-31 19:00:00+00:00,2026-01-31 12:00:00+00:00,2026-01-31 22:00:00+00:00,2,3,0.0090505024844858,7a9f78e7185f367e,1a23bb123e9117ce1367,70948c491a97aa1d20276c43d267d49b95152a08c14fb2d86484702f2ba7bcbd,https://single-runs-api.open-meteo.com/v1/forecast,ecmwf_ifs,2026-01-31 19:00:00+00:00,43.643198,78.538828,43.620384,78.47891,2026-02-01 03:00:00+05:00
2026-01-31 19:00:00+00:00,2026-01-31 12:00:00+00:00,2026-01-31 23:00:00+00:00,1,4,0.0042198884683646,7a9f78e7185f367e,1a23bb123e9117ce1367,70948c491a97aa1d20276c43d267d49b95152a08c14fb2d86484702f2ba7bcbd,https://single-runs-api.open-meteo.com/v1/forecast,ecmwf_ifs,2026-01-31 19:00:00+00:00,43.64515,78.535604,43.620384,78.47891,2026-02-01 04:00:00+05:00
2026-01-31 19:00:00+00:00,2026-01-31 12:00:00+00:00,2026-01-31 23:00:00+00:00,2,4,0.0029687279173534,7a9f78e7185f367e,1a23bb123e9117ce1367,70948c491a97aa1d20276c43d267d49b95152a08c14fb2d86484702f2ba7bcbd,https://single-runs-api.open-meteo.com/v1/forecast,ecmwf_ifs,2026-01-31 19:00:00+00:00,43.643198,78.538828,43.620384,78.47891,2026-02-01 04:00:00+05:00
2026-01-31 19:00:00+00:00,2026-01-31 12:00:00+00:00,2026-02-01 00:00:00+00:00,1,5,0.008664934762631,7a9f78e7185f367e,1a23bb123e9117ce1367,70948c491a97aa1d20276c43d267d49b95152a08c14fb2d86484702f2ba7bcbd,https://single-runs-api.open-meteo.com/v1/forecast,ecmwf_ifs,2026-01-31 19:00:00+00:00,43.64515,78.535604,43.620384,78.47891,2026-02-01 05:00:00+05:00
2026-01-31 19:00:00+00:00,2026-01-31 12:00:00+00:00,2026-02-01 00:00:00+00:00,2,5,0.0054508711216678,7a9f78e7185f367e,1a23bb123e9117ce1367,70948c491a97aa1d20276c43d267d49b95152a08c14fb2d86484702f2ba7bcbd,https://single-runs-api.open-meteo.com/v1/forecast,ecmwf_ifs,2026-01-31 19:00:00+00:00,43.643198,78.538828,43.620384,78.47891,2026-02-01 05:00:00+05:00
2026-01-31 19:00:00+00:00,2026-01-31 12:00:00+00:00,2026-02-01 01:00:00+00:00,1,6,0.0057507554565383,7a9f78e7185f367e,1a23bb123e9117ce1367,70948c491a97aa1d20276c43d267d49b95152a08c14fb2d86484702f2ba7bcbd,https://single-runs-api.open-meteo.com/v1/forecast,ecmwf_ifs,2026-01-31 19:00:00+00:00,43.64515,78.535604,43.620384,78.47891,2026-02-01 06:00:00+05:00
2026-01-31 19:00:00+00:00,2026-01-31 12:00:00+00:00,2026-02-01 01:00:00+00:00,2,6,0.0029005895497956,7a9f78e7185f367e,1a23bb123e9117ce1367,70948c491a97aa1d20276c43d267d49b95152a08c14fb2d86484702f2ba7bcbd,https://single-runs-api.open-meteo.com/v1/forecast,ecmwf_ifs,2026-01-31 19:00:00+00:00,43.643198,78.538828,43.620384,78.47891,2026-02-01 06:00:00+05:00
2026-01-31 19:00:00+00:00,2026-01-31 12:00:00+00:00,2026-02-01 02:00:00+00:00,1,7,0.0,7a9f78e7185f367e,1a23bb123e9117ce1367,70948c491a97aa1d20276c43d267d49b95152a08c14fb2d86484702f2ba7bcbd,https://single-runs-api.open-meteo.com/v1/forecast,ecmwf_ifs,2026-01-31 19:00:00+00:00,43.64515,78.535604,43.620384,78.47891,2026-02-01 07:00:00+05:00
2026-01-31 19:00:00+00:00,2026-01-31 12:00:00+00:00,2026-02-01 02:00:00+00:00,2,7,0.0,7a9f78e7185f367e,1a23bb123e9117ce1367,70948c491a97aa1d20276c43d267d49b95152a08c14fb2d86484702f2ba7bcbd,https://single-runs-api.open-meteo.com/v1/forecast,ecmwf_ifs,2026-01-31 19:00:00+00:00,43.643198,78.538828,43.620384,78.47891,2026-02-01 07:00:00+05:00
2026-01-31 19:00:00+00:00,2026-01-31 12:00:00+00:00,2026-02-01 03:00:00+00:00,1,8,0.0409324082928794,7a9f78e7185f367e,1a23bb123e9117ce1367,70948c491a97aa1d20276c43d267d49b95152a08c14fb2d86484702f2ba7bcbd,https://single-runs-api.open-meteo.com/v1/forecast,ecmwf_ifs,2026-01-31 19:00:00+00:00,43.64515,78.535604,43.620384,78.47891,2026-02-01 08:00:00+05:00
2026-01-31 19:00:00+00:00,2026-01-31 12:00:00+00:00,2026-02-01 03:00:00+00:00,2,8,0.0365109285811177,7a9f78e7185f367e,1a23bb123e9117ce1367,70948c491a97aa1d20276c43d267d49b95152a08c14fb2d86484702f2ba7bcbd,https://single-runs-api.open-meteo.com/v1/forecast,ecmwf_ifs,2026-01-31 19:00:00+00:00,43.643198,78.538828,43.620384,78.47891,2026-02-01 08:00:00+05:00
2026-01-31 19:00:00+00:00,2026-01-31 12:00:00+00:00,2026-02-01 04:00:00+00:00,1,9,0.0742186355388511,7a9f78e7185f367e,1a23bb123e9117ce1367,70948c491a97aa1d20276c43d267d49b95152a08c14fb2d86484702f2ba7bcbd,https://single-runs-api.open-meteo.com/v1/forecast,ecmwf_ifs,2026-01-31 19:00:00+00:00,43.64515,78.535604,43.620384,78.47891,2026-02-01 09:00:00+05:00
2026-01-31 19:00:00+00:00,2026-01-31 12:00:00+00:00,2026-02-01 04:00:00+00:00,2,9,0.0719672604144631,7a9f78e7185f367e,1a23bb123e9117ce1367,70948c491a97aa1d20276c43d267d49b95152a08c14fb2d86484702f2ba7bcbd,https://single-runs-api.open-meteo.com/v1/forecast,ecmwf_ifs,2026-01-31 19:00:00+00:00,43.643198,78.538828,43.620384,78.47891,2026-02-01 09:00:00+05:00
2026-01-31 19:00:00+00:00,2026-01-31 12:00:00+00:00,2026-02-01 05:00:00+00:00,1,10,0.069844139874552,7a9f78e7185f367e,1a23bb123e9117ce1367,70948c491a97aa1d20276c43d267d49b95152a08c14fb2d86484702f2ba7bcbd,https://single-runs-api.open-meteo.com/v1/forecast,ecmwf_ifs,2026-01-31 19:00:00+00:00,43.64515,78.535604,43.620384,78.47891,2026-02-01 10:00:00+05:00
2026-01-31 19:00:00+00:00,2026-01-31 12:00:00+00:00,2026-02-01 05:00:00+00:00,2,10,0.0683807384205356,7a9f78e7185f367e,1a23bb123e9117ce1367,70948c491a97aa1d20276c43d267d49b95152a08c14fb2d86484702f2ba7bcbd,https://single-runs-api.open-meteo.com/v1/forecast,ecmwf_ifs,2026-01-31 19:00:00+00:00,43.643198,78.538828,43.620384,78.47891,2026-02-01 10:00:00+05:00
2026-01-31 19:00:00+00:00,2026-01-31 12:00:00+00:00,2026-02-01 06:00:00+00:00,1,11,0.0252904412891031,7a9f78e7185f367e,1a23bb123e9117ce1367,70948c491a97aa1d20276c43d267d49b95152a08c14fb2d86484702f2ba7bcbd,https://single-runs-api.open-meteo.com/v1/forecast,ecmwf_ifs,2026-01-31 19:00:00+00:00,43.64515,78.535604,43.620384,78.47891,2026-02-01 11:00:00+05:00
2026-01-31 19:00:00+00:00,2026-01-31 12:00:00+00:00,2026-02-01 06:00:00+00:00,2,11,0.0238270398350866,7a9f78e7185f367e,1a23bb123e9117ce1367,70948c491a97aa1d20276c43d267d49b95152a08c14fb2d86484702f2ba7bcbd,https://single-runs-api.open-meteo.com/v1/forecast,ecmwf_ifs,2026-01-31 19:00:00+00:00,43.643198,78.538828,43.620384,78.47891,2026-02-01 11:00:00+05:00
2026-01-31 19:00:00+00:00,2026-01-31 12:00:00+00:00,2026-02-01 07:00:00+00:00,1,12,0.04139368018001,7a9f78e7185f367e,1a23bb123e9117ce1367,70948c491a97aa1d20276c43d267d49b95152a08c14fb2d86484702f2ba7bcbd,https://single-runs-api.open-meteo.com/v1/forecast,ecmwf_ifs,2026-01-31 19:00:00+00:00,43.64515,78.535604,43.620384,78.47891,2026-02-01 12:00:00+05:00
2026-01-31 19:00:00+00:00,2026-01-31 12:00:00+00:00,2026-02-01 07:00:00+00:00,2,12,0.0399385400544301,7a9f78e7185f367e,1a23bb123e9117ce1367,70948c491a97aa1d20276c43d267d49b95152a08c14fb2d86484702f2ba7bcbd,https://single-runs-api.open-meteo.com/v1/forecast,ecmwf_ifs,2026-01-31 19:00:00+00:00,43.643198,78.538828,43.620384,78.47891,2026-02-01 12:00:00+05:00
2026-01-31 19:00:00+00:00,2026-01-31 12:00:00+00:00,2026-02-01 08:00:00+00:00,1,13,0.0509452729754201,7a9f78e7185f367e,1a23bb123e9117ce1367,70948c491a97aa1d20276c43d267d49b95152a08c14fb2d86484702f2ba7bcbd,https://single-runs-api.open-meteo.com/v1/forecast,ecmwf_ifs,2026-01-31 19:00:00+00:00,43.64515,78.535604,43.620384,78.47891,2026-02-01 13:00:00+05:00
2026-01-31 19:00:00+00:00,2026-01-31 12:00:00+00:00,2026-02-01 08:00:00+00:00,2,13,0.0494055904640991,7a9f78e7185f367e,1a23bb123e9117ce1367,70948c491a97aa1d20276c43d267d49b95152a08c14fb2d86484702f2ba7bcbd,https://single-runs-api.open-meteo.com/v1/forecast,ecmwf_ifs,2026-01-31 19:00:00+00:00,43.643198,78.538828,43.620384,78.47891,2026-02-01 13:00:00+05:00
2026-01-31 19:00:00+00:00,2026-01-31 12:00:00+00:00,2026-02-01 09:00:00+00:00,1,14,0.0552029312471865,7a9f78e7185f367e,1a23bb123e9117ce1367,70948c491a97aa1d20276c43d267d49b95152a08c14fb2d86484702f2ba7bcbd,https://single-runs-api.open-meteo.com/v1/forecast,ecmwf_ifs,2026-01-31 19:00:00+00:00,43.64515,78.535604,43.620384,78.47891,2026-02-01 14:00:00+05:00
2026-01-31 19:00:00+00:00,2026-01-31 12:00:00+00:00,2026-02-01 09:00:00+00:00,2,14,0.0534462934682339,7a9f78e7185f367e,1a23bb123e9117ce1367,70948c491a97aa1d20276c43d267d49b95152a08c14fb2d86484702f2ba7bcbd,https://single-runs-api.open-meteo.com/v1/forecast,ecmwf_ifs,2026-01-31 19:00:00+00:00,43.643198,78.538828,43.620384,78.47891,2026-02-01 14:00:00+05:00
2026-01-31 19:00:00+00:00,2026-01-31 12:00:00+00:00,2026-02-01 10:00:00+00:00,1,15,0.0828323659224402,7a9f78e7185f367e,1a23bb123e9117ce1367,70948c491a97aa1d20276c43d267d49b95152a08c14fb2d86484702f2ba7bcbd,https://single-runs-api.open-meteo.com/v1/forecast,ecmwf_ifs,2026-01-31 19:00:00+00:00,43.64515,78.535604,43.620384,78.47891,2026-02-01 15:00:00+05:00
2026-01-31 19:00:00+00:00,2026-01-31 12:00:00+00:00,2026-02-01 10:00:00+00:00,2,15,0.0806635772239494,7a9f78e7185f367e,1a23bb123e9117ce1367,70948c491a97aa1d20276c43d267d49b95152a08c14fb2d86484702f2ba7bcbd,https://single-runs-api.open-meteo.com/v1/forecast,ecmwf_ifs,2026-01-31 19:00:00+00:00,43.643198,78.538828,43.620384,78.47891,2026-02-01 15:00:00+05:00
2026-01-31 19:00:00+00:00,2026-01-31 12:00:00+00:00,2026-02-01 11:00:00+00:00,1,16,0.1375719089992554,7a9f78e7185f367e,1a23bb123e9117ce1367,70948c491a97aa1d20276c43d267d49b95152a08c14fb2d86484702f2ba7bcbd,https://single-runs-api.open-meteo.com/v1/forecast,ecmwf_ifs,2026-01-31 19:00:00+00:00,43.64515,78.535604,43.620384,78.47891,2026-02-01 16:00:00+05:00
2026-01-31 19:00:00+00:00,2026-01-31 12:00:00+00:00,2026-02-01 11:00:00+00:00,2,16,0.1342848905692197,7a9f78e7185f367e,1a23bb123e9117ce1367,70948c491a97aa1d20276c43d267d49b95152a08c14fb2d86484702f2ba7bcbd,https://single-runs-api.open-meteo.com/v1/forecast,ecmwf_ifs,2026-01-31 19:00:00+00:00,43.643198,78.538828,43.620384,78.47891,2026-02-01 16:00:00+05:00
2026-01-31 19:00:00+00:00,2026-01-31 12:00:00+00:00,2026-02-01 12:00:00+00:00,1,17,0.1771841854988968,7a9f78e7185f367e,1a23bb123e9117ce1367,70948c491a97aa1d20276c43d267d49b95152a08c14fb2d86484702f2ba7bcbd,https://single-runs-api.open-meteo.com/v1/forecast,ecmwf_ifs,2026-01-31 19:00:00+00:00,43.64515,78.535604,43.620384,78.47891,2026-02-01 17:00:00+05:00
2026-01-31 19:00:00+00:00,2026-01-31 12:00:00+00:00,2026-02-01 12:00:00+00:00,2,17,0.1720811833487352,7a9f78e7185f367e,1a23bb123e9117ce1367,70948c491a97aa1d20276c43d267d49b95152a08c14fb2d86484702f2ba7bcbd,https://single-runs-api.open-meteo.com/v1/forecast,ecmwf_ifs,2026-01-31 19:00:00+00:00,43.643198,78.538828,43.620384,78.47891,2026-02-01 17:00:00+05:00
2026-01-31 19:00:00+00:00,2026-01-31 12:00:00+00:00,2026-02-01 13:00:00+00:00,1,18,0.1938172207313103,7a9f78e7185f367e,1a23bb123e9117ce1367,70948c491a97aa1d20276c43d267d49b95152a08c14fb2d86484702f2ba7bcbd,https://single-runs-api.open-meteo.com/v1/forecast,ecmwf_ifs,2026-01-31 19:00:00+00:00,43.64515,78.535604,43.620384,78.47891,2026-02-01 18:00:00+05:00
2026-01-31 19:00:00+00:00,2026-01-31 12:00:00+00:00,2026-02-01 13:00:00+00:00,2,18,0.1884007991399424,7a9f78e7185f367e,1a23bb123e9117ce1367,70948c491a97aa1d20276c43d267d49b95152a08c14fb2d86484702f2ba7bcbd,https://single-runs-api.open-meteo.com/v1/forecast,ecmwf_ifs,2026-01-31 19:00:00+00:00,43.643198,78.538828,43.620384,78.47891,2026-02-01 18:00:00+05:00
2026-01-31 19:00:00+00:00,2026-01-31 12:00:00+00:00,2026-02-01 14:00:00+00:00,1,19,0.2125435534306279,7a9f78e7185f367e,1a23bb123e9117ce1367,70948c491a97aa1d20276c43d267d49b95152a08c14fb2d86484702f2ba7bcbd,https://single-runs-api.open-meteo.com/v1/forecast,ecmwf_ifs,2026-01-31 19:00:00+00:00,43.64515,78.535604,43.620384,78.47891,2026-02-01 19:00:00+05:00
2026-01-31 19:00:00+00:00,2026-01-31 12:00:00+00:00,2026-02-01 14:00:00+00:00,2,19,0.2068388274467036,7a9f78e7185f367e,1a23bb123e9117ce1367,70948c491a97aa1d20276c43d267d49b95152a08c14fb2d86484702f2ba7bcbd,https://single-runs-api.open-meteo.com/v1/forecast,ecmwf_ifs,2026-01-31 19:00:00+00:00,43.643198,78.538828,43.620384,78.47891,2026-02-01 19:00:00+05:00
2026-01-31 19:00:00+00:00,2026-01-31 12:00:00+00:00,2026-02-01 15:00:00+00:00,1,20,0.2278575854079347,7a9f78e7185f367e,1a23bb123e9117ce1367,70948c491a97aa1d20276c43d267d49b95152a08c14fb2d86484702f2ba7bcbd,https://single-runs-api.open-meteo.com/v1/forecast,ecmwf_ifs,2026-01-31 19:00:00+00:00,43.64515,78.535604,43.620384,78.47891,2026-02-01 20:00:00+05:00
2026-01-31 19:00:00+00:00,2026-01-31 12:00:00+00:00,2026-02-01 15:00:00+00:00,2,20,0.2228651595105485,7a9f78e7185f367e,1a23bb123e9117ce1367,70948c491a97aa1d20276c43d267d49b95152a08c14fb2d86484702f2ba7bcbd,https://single-runs-api.open-meteo.com/v1/forecast,ecmwf_ifs,2026-01-31 19:00:00+00:00,43.643198,78.538828,43.620384,78.47891,2026-02-01 20:00:00+05:00
2026-01-31 19:00:00+00:00,2026-01-31 12:00:00+00:00,2026-02-01 16:00:00+00:00,1,21,0.2899962373233827,7a9f78e7185f367e,1a23bb123e9117ce1367,70948c491a97aa1d20276c43d267d49b95152a08c14fb2d86484702f2ba7bcbd,https://single-runs-api.open-meteo.com/v1/forecast,ecmwf_ifs,2026-01-31 19:00:00+00:00,43.64515,78.535604,43.620384,78.47891,2026-02-01 21:00:00+05:00
2026-01-31 19:00:00+00:00,2026-01-31 12:00:00+00:00,2026-02-01 16:00:00+00:00,2,21,0.2844123759800065,7a9f78e7185f367e,1a23bb123e9117ce1367,70948c491a97aa1d20276c43d267d49b95152a08c14fb2d86484702f2ba7bcbd,https://single-runs-api.open-meteo.com/v1/forecast,ecmwf_ifs,2026-01-31 19:00:00+00:00,43.643198,78.538828,43.620384,78.47891,2026-02-01 21:00:00+05:00
2026-01-31 19:00:00+00:00,2026-01-31 12:00:00+00:00,2026-02-01 17:00:00+00:00,1,22,0.3024775036888678,7a9f78e7185f367e,1a23bb123e9117ce1367,70948c491a97aa1d20276c43d267d49b95152a08c14fb2d86484702f2ba7bcbd,https://single-runs-api.open-meteo.com/v1/forecast,ecmwf_ifs,2026-01-31 19:00:00+00:00,43.64515,78.535604,43.620384,78.47891,2026-02-01 22:00:00+05:00
2026-01-31 19:00:00+00:00,2026-01-31 12:00:00+00:00,2026-02-01 17:00:00+00:00,2,22,0.2967705874124123,7a9f78e7185f367e,1a23bb123e9117ce1367,70948c491a97aa1d20276c43d267d49b95152a08c14fb2d86484702f2ba7bcbd,https://single-runs-api.open-meteo.com/v1/forecast,ecmwf_ifs,2026-01-31 19:00:00+00:00,43.643198,78.538828,43.620384,78.47891,2026-02-01 22:00:00+05:00
2026-01-31 19:00:00+00:00,2026-01-31 12:00:00+00:00,2026-02-01 18:00:00+00:00,1,23,0.2981273440686325,7a9f78e7185f367e,1a23bb123e9117ce1367,70948c491a97aa1d20276c43d267d49b95152a08c14fb2d86484702f2ba7bcbd,https://single-runs-api.open-meteo.com/v1/forecast,ecmwf_ifs,2026-01-31 19:00:00+00:00,43.64515,78.535604,43.620384,78.47891,2026-02-01 23:00:00+05:00
2026-01-31 19:00:00+00:00,2026-01-31 12:00:00+00:00,2026-02-01 18:00:00+00:00,2,23,0.2925056894488038,7a9f78e7185f367e,1a23bb123e9117ce1367,70948c491a97aa1d20276c43d267d49b95152a08c14fb2d86484702f2ba7bcbd,https://single-runs-api.open-meteo.com/v1/forecast,ecmwf_ifs,2026-01-31 19:00:00+00:00,43.643198,78.538828,43.620384,78.47891,2026-02-01 23:00:00+05:00
2026-01-31 19:00:00+00:00,2026-01-31 12:00:00+00:00,2026-02-01 19:00:00+00:00,1,24,0.3593358567423068,7a9f78e7185f367e,1a23bb123e9117ce1367,70948c491a97aa1d20276c43d267d49b95152a08c14fb2d86484702f2ba7bcbd,https://single-runs-api.open-meteo.com/v1/forecast,ecmwf_ifs,2026-01-31 19:00:00+00:00,43.64515,78.535604,43.620384,78.47891,2026-02-02 00:00:00+05:00
2026-01-31 19:00:00+00:00,2026-01-31 12:00:00+00:00,2026-02-01 19:00:00+00:00,2,24,0.3542081089362882,7a9f78e7185f367e,1a23bb123e9117ce1367,70948c491a97aa1d20276c43d267d49b95152a08c14fb2d86484702f2ba7bcbd,https://single-runs-api.open-meteo.com/v1/forecast,ecmwf_ifs,2026-01-31 19:00:00+00:00,43.643198,78.538828,43.620384,78.47891,2026-02-02 00:00:00+05:00
2026-02-01 19:00:00+00:00,2026-02-01 12:00:00+00:00,2026-02-01 20:00:00+00:00,1,1,0.2087822094655928,7a9f78e7185f367e,b0fbfdad725c1e7d6ad4,fbef2dde70a5657dafde6707ac7b84c2fb8a7ac14134d013f4edc07c836ee4f5,https://single-runs-api.open-meteo.com/v1/forecast,ecmwf_ifs,2026-02-01 19:00:00+00:00,43.64515,78.535604,43.620384,78.47891,2026-02-02 01:00:00+05:00
2026-02-01 19:00:00+00:00,2026-02-01 12:00:00+00:00,2026-02-01 20:00:00+00:00,2,1,0.2025422146611689,7a9f78e7185f367e,b0fbfdad725c1e7d6ad4,fbef2dde70a5657dafde6707ac7b84c2fb8a7ac14134d013f4edc07c836ee4f5,https://single-runs-api.open-meteo.com/v1/forecast,ecmwf_ifs,2026-02-01 19:00:00+00:00,43.643198,78.538828,43.620384,78.47891,2026-02-02 01:00:00+05:00
2026-02-01 19:00:00+00:00,2026-02-01 12:00:00+00:00,2026-02-01 21:00:00+00:00,1,2,0.2003490822798597,7a9f78e7185f367e,b0fbfdad725c1e7d6ad4,fbef2dde70a5657dafde6707ac7b84c2fb8a7ac14134d013f4edc07c836ee4f5,https://single-runs-api.open-meteo.com/v1/forecast,ecmwf_ifs,2026-02-01 19:00:00+00:00,43.64515,78.535604,43.620384,78.47891,2026-02-02 02:00:00+05:00
2026-02-01 19:00:00+00:00,2026-02-01 12:00:00+00:00,2026-02-01 21:00:00+00:00,2,2,0.1949482604309077,7a9f78e7185f367e,b0fbfdad725c1e7d6ad4,fbef2dde70a5657dafde6707ac7b84c2fb8a7ac14134d013f4edc07c836ee4f5,https://single-runs-api.open-meteo.com/v1/forecast,ecmwf_ifs,2026-02-01 19:00:00+00:00,43.643198,78.538828,43.620384,78.47891,2026-02-02 02:00:00+05:00
2026-02-01 19:00:00+00:00,2026-02-01 12:00:00+00:00,2026-02-01 22:00:00+00:00,1,3,0.2666297489915292,7a9f78e7185f367e,b0fbfdad725c1e7d6ad4,fbef2dde70a5657dafde6707ac7b84c2fb8a7ac14134d013f4edc07c836ee4f5,https://single-runs-api.open-meteo.com/v1/forecast,ecmwf_ifs,2026-02-01 19:00:00+00:00,43.64515,78.535604,43.620384,78.47891,2026-02-02 03:00:00+05:00
2026-02-01 19:00:00+00:00,2026-02-01 12:00:00+00:00,2026-02-01 22:00:00+00:00,2,3,0.2614729955968459,7a9f78e7185f367e,b0fbfdad725c1e7d6ad4,fbef2dde70a5657dafde6707ac7b84c2fb8a7ac14134d013f4edc07c836ee4f5,https://single-runs-api.open-meteo.com/v1/forecast,ecmwf_ifs,2026-02-01 19:00:00+00:00,43.643198,78.538828,43.620384,78.47891,2026-02-02 03:00:00+05:00
2026-02-01 19:00:00+00:00,2026-02-01 12:00:00+00:00,2026-02-01 23:00:00+00:00,1,4,0.3727536040950169,7a9f78e7185f367e,b0fbfdad725c1e7d6ad4,fbef2dde70a5657dafde6707ac7b84c2fb8a7ac14134d013f4edc07c836ee4f5,https://single-runs-api.open-meteo.com/v1/forecast,ecmwf_ifs,2026-02-01 19:00:00+00:00,43.64515,78.535604,43.620384,78.47891,2026-02-02 04:00:00+05:00
2026-02-01 19:00:00+00:00,2026-02-01 12:00:00+00:00,2026-02-01 23:00:00+00:00,2,4,0.3676093229347212,7a9f78e7185f367e,b0fbfdad725c1e7d6ad4,fbef2dde70a5657dafde6707ac7b84c2fb8a7ac14134d013f4edc07c836ee4f5,https://single-runs-api.open-meteo.com/v1/forecast,ecmwf_ifs,2026-02-01 19:00:00+00:00,43.643198,78.538828,43.620384,78.47891,2026-02-02 04:00:00+05:00
2026-02-01 19:00:00+00:00,2026-02-01 12:00:00+00:00,2026-02-02 00:00:00+00:00,1,5,0.4061739538155091,7a9f78e7185f367e,b0fbfdad725c1e7d6ad4,fbef2dde70a5657dafde6707ac7b84c2fb8a7ac14134d013f4edc07c836ee4f5,https://single-runs-api.open-meteo.com/v1/forecast,ecmwf_ifs,2026-02-01 19:00:00+00:00,43.64515,78.535604,43.620384,78.47891,2026-02-02 05:00:00+05:00
2026-02-01 19:00:00+00:00,2026-02-01 12:00:00+00:00,2026-02-02 00:00:00+00:00,2,5,0.4012844631128869,7a9f78e7185f367e,b0fbfdad725c1e7d6ad4,fbef2dde70a5657dafde6707ac7b84c2fb8a7ac14134d013f4edc07c836ee4f5,https://single-runs-api.open-meteo.com/v1/forecast,ecmwf_ifs,2026-02-01 19:00:00+00:00,43.643198,78.538828,43.620384,78.47891,2026-02-02 05:00:00+05:00
2026-02-01 19:00:00+00:00,2026-02-01 12:00:00+00:00,2026-02-02 01:00:00+00:00,1,6,0.4692903658824029,7a9f78e7185f367e,b0fbfdad725c1e7d6ad4,fbef2dde70a5657dafde6707ac7b84c2fb8a7ac14134d013f4edc07c836ee4f5,https://single-runs-api.open-meteo.com/v1/forecast,ecmwf_ifs,2026-02-01 19:00:00+00:00,43.64515,78.535604,43.620384,78.47891,2026-02-02 06:00:00+05:00
2026-02-01 19:00:00+00:00,2026-02-01 12:00:00+00:00,2026-02-02 01:00:00+00:00,2,6,0.4645166066381676,7a9f78e7185f367e,b0fbfdad725c1e7d6ad4,fbef2dde70a5657dafde6707ac7b84c2fb8a7ac14134d013f4edc07c836ee4f5,https://single-runs-api.open-meteo.com/v1/forecast,ecmwf_ifs,2026-02-01 19:00:00+00:00,43.643198,78.538828,43.620384,78.47891,2026-02-02 06:00:00+05:00
2026-02-01 19:00:00+00:00,2026-02-01 12:00:00+00:00,2026-02-02 02:00:00+00:00,1,7,0.5353501209200029,7a9f78e7185f367e,b0fbfdad725c1e7d6ad4,fbef2dde70a5657dafde6707ac7b84c2fb8a7ac14134d013f4edc07c836ee4f5,https://single-runs-api.open-meteo.com/v1/forecast,ecmwf_ifs,2026-02-01 19:00:00+00:00,43.64515,78.535604,43.620384,78.47891,2026-02-02 07:00:00+05:00
2026-02-01 19:00:00+00:00,2026-02-01 12:00:00+00:00,2026-02-02 02:00:00+00:00,2,7,0.5306532043907122,7a9f78e7185f367e,b0fbfdad725c1e7d6ad4,fbef2dde70a5657dafde6707ac7b84c2fb8a7ac14134d013f4edc07c836ee4f5,https://single-runs-api.open-meteo.com/v1/forecast,ecmwf_ifs,2026-02-01 19:00:00+00:00,43.643198,78.538828,43.620384,78.47891,2026-02-02 07:00:00+05:00
2026-02-01 19:00:00+00:00,2026-02-01 12:00:00+00:00,2026-02-02 03:00:00+00:00,1,8,0.6388599465417003,7a9f78e7185f367e,b0fbfdad725c1e7d6ad4,fbef2dde70a5657dafde6707ac7b84c2fb8a7ac14134d013f4edc07c836ee4f5,https://single-runs-api.open-meteo.com/v1/forecast,ecmwf_ifs,2026-02-01 19:00:00+00:00,43.64515,78.535604,43.620384,78.47891,2026-02-02 08:00:00+05:00
2026-02-01 19:00:00+00:00,2026-02-01 12:00:00+00:00,2026-02-02 03:00:00+00:00,2,8,0.634458130391333,7a9f78e7185f367e,b0fbfdad725c1e7d6ad4,fbef2dde70a5657dafde6707ac7b84c2fb8a7ac14134d013f4edc07c836ee4f5,https://single-runs-api.open-meteo.com/v1/forecast,ecmwf_ifs,2026-02-01 19:00:00+00:00,43.643198,78.538828,43.620384,78.47891,2026-02-02 08:00:00+05:00
2026-02-01 19:00:00+00:00,2026-02-01 12:00:00+00:00,2026-02-02 04:00:00+00:00,1,9,0.7242653267144946,7a9f78e7185f367e,b0fbfdad725c1e7d6ad4,fbef2dde70a5657dafde6707ac7b84c2fb8a7ac14134d013f4edc07c836ee4f5,https://single-runs-api.open-meteo.com/v1/forecast,ecmwf_ifs,2026-02-01 19:00:00+00:00,43.64515,78.535604,43.620384,78.47891,2026-02-02 09:00:00+05:00
2026-02-01 19:00:00+00:00,2026-02-01 12:00:00+00:00,2026-02-02 04:00:00+00:00,2,9,0.7203971144203345,7a9f78e7185f367e,b0fbfdad725c1e7d6ad4,fbef2dde70a5657dafde6707ac7b84c2fb8a7ac14134d013f4edc07c836ee4f5,https://single-runs-api.open-meteo.com/v1/forecast,ecmwf_ifs,2026-02-01 19:00:00+00:00,43.643198,78.538828,43.620384,78.47891,2026-02-02 09:00:00+05:00
2026-02-01 19:00:00+00:00,2026-02-01 12:00:00+00:00,2026-02-02 05:00:00+00:00,1,10,0.7756242986969001,7a9f78e7185f367e,b0fbfdad725c1e7d6ad4,fbef2dde70a5657dafde6707ac7b84c2fb8a7ac14134d013f4edc07c836ee4f5,https://single-runs-api.open-meteo.com/v1/forecast,ecmwf_ifs,2026-02-01 19:00:00+00:00,43.64515,78.535604,43.620384,78.47891,2026-02-02 10:00:00+05:00
2026-02-01 19:00:00+00:00,2026-02-01 12:00:00+00:00,2026-02-02 05:00:00+00:00,2,10,0.7722552196162406,7a9f78e7185f367e,b0fbfdad725c1e7d6ad4,fbef2dde70a5657dafde6707ac7b84c2fb8a7ac14134d013f4edc07c836ee4f5,https://single-runs-api.open-meteo.com/v1/forecast,ecmwf_ifs,2026-02-01 19:00:00+00:00,43.643198,78.538828,43.620384,78.47891,2026-02-02 10:00:00+05:00
2026-02-01 19:00:00+00:00,2026-02-01 12:00:00+00:00,2026-02-02 06:00:00+00:00,1,11,0.8136309994995056,7a9f78e7185f367e,b0fbfdad725c1e7d6ad4,fbef2dde70a5657dafde6707ac7b84c2fb8a7ac14134d013f4edc07c836ee4f5,https://single-runs-api.open-meteo.com/v1/forecast,ecmwf_ifs,2026-02-01 19:00:00+00:00,43.64515,78.535604,43.620384,78.47891,2026-02-02 11:00:00+05:00
2026-02-01 19:00:00+00:00,2026-02-01 12:00:00+00:00,2026-02-02 06:00:00+00:00,2,11,0.809998920691048,7a9f78e7185f367e,b0fbfdad725c1e7d6ad4,fbef2dde70a5657dafde6707ac7b84c2fb8a7ac14134d013f4edc07c836ee4f5,https://single-runs-api.open-meteo.com/v1/forecast,ecmwf_ifs,2026-02-01 19:00:00+00:00,43.643198,78.538828,43.620384,78.47891,2026-02-02 11:00:00+05:00
2026-02-01 19:00:00+00:00,2026-02-01 12:00:00+00:00,2026-02-02 07:00:00+00:00,1,12,0.9313450798818064,7a9f78e7185f367e,b0fbfdad725c1e7d6ad4,fbef2dde70a5657dafde6707ac7b84c2fb8a7ac14134d013f4edc07c836ee4f5,https://single-runs-api.open-meteo.com/v1/forecast,ecmwf_ifs,2026-02-01 19:00:00+00:00,43.64515,78.535604,43.620384,78.47891,2026-02-02 12:00:00+05:00
2026-02-01 19:00:00+00:00,2026-02-01 12:00:00+00:00,2026-02-02 07:00:00+00:00,2,12,0.9276280452540264,7a9f78e7185f367e,b0fbfdad725c1e7d6ad4,fbef2dde70a5657dafde6707ac7b84c2fb8a7ac14134d013f4edc07c836ee4f5,https://single-runs-api.open-meteo.com/v1/forecast,ecmwf_ifs,2026-02-01 19:00:00+00:00,43.643198,78.538828,43.620384,78.47891,2026-02-02 12:00:00+05:00
2026-02-01 19:00:00+00:00,2026-02-01 12:00:00+00:00,2026-02-02 08:00:00+00:00,1,13,0.9454104277941756,7a9f78e7185f367e,b0fbfdad725c1e7d6ad4,fbef2dde70a5657dafde6707ac7b84c2fb8a7ac14134d013f4edc07c836ee4f5,https://single-runs-api.open-meteo.com/v1/forecast,ecmwf_ifs,2026-02-01 19:00:00+00:00,43.64515,78.535604,43.620384,78.47891,2026-02-02 13:00:00+05:00
2026-02-01 19:00:00+00:00,2026-02-01 12:00:00+00:00,2026-02-02 08:00:00+00:00,2,13,0.9407375930536528,7a9f78e7185f367e,b0fbfdad725c1e7d6ad4,fbef2dde70a5657dafde6707ac7b84c2fb8a7ac14134d013f4edc07c836ee4f5,https://single-runs-api.open-meteo.com/v1/forecast,ecmwf_ifs,2026-02-01 19:00:00+00:00,43.643198,78.538828,43.620384,78.47891,2026-02-02 13:00:00+05:00
2026-02-01 19:00:00+00:00,2026-02-01 12:00:00+00:00,2026-02-02 09:00:00+00:00,1,14,0.9409694840817238,7a9f78e7185f367e,b0fbfdad725c1e7d6ad4,fbef2dde70a5657dafde6707ac7b84c2fb8a7ac14134d013f4edc07c836ee4f5,https://single-runs-api.open-meteo.com/v1/forecast,ecmwf_ifs,2026-02-01 19:00:00+00:00,43.64515,78.535604,43.620384,78.47891,2026-02-02 14:00:00+05:00
2026-02-01 19:00:00+00:00,2026-02-01 12:00:00+00:00,2026-02-02 09:00:00+00:00,2,14,0.9365048280032008,7a9f78e7185f367e,b0fbfdad725c1e7d6ad4,fbef2dde70a5657dafde6707ac7b84c2fb8a7ac14134d013f4edc07c836ee4f5,https://single-runs-api.open-meteo.com/v1/forecast,ecmwf_ifs,2026-02-01 19:00:00+00:00,43.643198,78.538828,43.620384,78.47891,2026-02-02 14:00:00+05:00
2026-02-01 19:00:00+00:00,2026-02-01 12:00:00+00:00,2026-02-02 10:00:00+00:00,1,15,0.9096149383106534,7a9f78e7185f367e,b0fbfdad725c1e7d6ad4,fbef2dde70a5657dafde6707ac7b84c2fb8a7ac14134d013f4edc07c836ee4f5,https://single-runs-api.open-meteo.com/v1/forecast,ecmwf_ifs,2026-02-01 19:00:00+00:00,43.64515,78.535604,43.620384,78.47891,2026-02-02 15:00:00+05:00
2026-02-01 19:00:00+00:00,2026-02-01 12:00:00+00:00,2026-02-02 10:00:00+00:00,2,15,0.906237209622089,7a9f78e7185f367e,b0fbfdad725c1e7d6ad4,fbef2dde70a5657dafde6707ac7b84c2fb8a7ac14134d013f4edc07c836ee4f5,https://single-runs-api.open-meteo.com/v1/forecast,ecmwf_ifs,2026-02-01 19:00:00+00:00,43.643198,78.538828,43.620384,78.47891,2026-02-02 15:00:00+05:00
2026-02-01 19:00:00+00:00,2026-02-01 12:00:00+00:00,2026-02-02 11:00:00+00:00,1,16,0.8254446572749535,7a9f78e7185f367e,b0fbfdad725c1e7d6ad4,fbef2dde70a5657dafde6707ac7b84c2fb8a7ac14134d013f4edc07c836ee4f5,https://single-runs-api.open-meteo.com/v1/forecast,ecmwf_ifs,2026-02-01 19:00:00+00:00,43.64515,78.535604,43.620384,78.47891,2026-02-02 16:00:00+05:00
2026-02-01 19:00:00+00:00,2026-02-01 12:00:00+00:00,2026-02-02 11:00:00+00:00,2,16,0.8218038766020825,7a9f78e7185f367e,b0fbfdad725c1e7d6ad4,fbef2dde70a5657dafde6707ac7b84c2fb8a7ac14134d013f4edc07c836ee4f5,https://single-runs-api.open-meteo.com/v1/forecast,ecmwf_ifs,2026-02-01 19:00:00+00:00,43.643198,78.538828,43.620384,78.47891,2026-02-02 16:00:00+05:00
2026-02-01 19:00:00+00:00,2026-02-01 12:00:00+00:00,2026-02-02 12:00:00+00:00,1,17,0.47770766170782,7a9f78e7185f367e,b0fbfdad725c1e7d6ad4,fbef2dde70a5657dafde6707ac7b84c2fb8a7ac14134d013f4edc07c836ee4f5,https://single-runs-api.open-meteo.com/v1/forecast,ecmwf_ifs,2026-02-01 19:00:00+00:00,43.64515,78.535604,43.620384,78.47891,2026-02-02 17:00:00+05:00
2026-02-01 19:00:00+00:00,2026-02-01 12:00:00+00:00,2026-02-02 12:00:00+00:00,2,17,0.4731202843652239,7a9f78e7185f367e,b0fbfdad725c1e7d6ad4,fbef2dde70a5657dafde6707ac7b84c2fb8a7ac14134d013f4edc07c836ee4f5,https://single-runs-api.open-meteo.com/v1/forecast,ecmwf_ifs,2026-02-01 19:00:00+00:00,43.643198,78.538828,43.620384,78.47891,2026-02-02 17:00:00+05:00
2026-02-01 19:00:00+00:00,2026-02-01 12:00:00+00:00,2026-02-02 13:00:00+00:00,1,18,0.2771518528288891,7a9f78e7185f367e,b0fbfdad725c1e7d6ad4,fbef2dde70a5657dafde6707ac7b84c2fb8a7ac14134d013f4edc07c836ee4f5,https://single-runs-api.open-meteo.com/v1/forecast,ecmwf_ifs,2026-02-01 19:00:00+00:00,43.64515,78.535604,43.620384,78.47891,2026-02-02 18:00:00+05:00
2026-02-01 19:00:00+00:00,2026-02-01 12:00:00+00:00,2026-02-02 13:00:00+00:00,2,18,0.2726169810042441,7a9f78e7185f367e,b0fbfdad725c1e7d6ad4,fbef2dde70a5657dafde6707ac7b84c2fb8a7ac14134d013f4edc07c836ee4f5,https://single-runs-api.open-meteo.com/v1/forecast,ecmwf_ifs,2026-02-01 19:00:00+00:00,43.643198,78.538828,43.620384,78.47891,2026-02-02 18:00:00+05:00
2026-02-01 19:00:00+00:00,2026-02-01 12:00:00+00:00,2026-02-02 14:00:00+00:00,1,19,0.1802614272573241,7a9f78e7185f367e,b0fbfdad725c1e7d6ad4,fbef2dde70a5657dafde6707ac7b84c2fb8a7ac14134d013f4edc07c836ee4f5,https://single-runs-api.open-meteo.com/v1/forecast,ecmwf_ifs,2026-02-01 19:00:00+00:00,43.64515,78.535604,43.620384,78.47891,2026-02-02 19:00:00+05:00
2026-02-01 19:00:00+00:00,2026-02-01 12:00:00+00:00,2026-02-02 14:00:00+00:00,2,19,0.1761402194440308,7a9f78e7185f367e,b0fbfdad725c1e7d6ad4,fbef2dde70a5657dafde6707ac7b84c2fb8a7ac14134d013f4edc07c836ee4f5,https://single-runs-api.open-meteo.com/v1/forecast,ecmwf_ifs,2026-02-01 19:00:00+00:00,43.643198,78.538828,43.620384,78.47891,2026-02-02 19:00:00+05:00
2026-02-01 19:00:00+00:00,2026-02-01 12:00:00+00:00,2026-02-02 15:00:00+00:00,1,20,0.0760597861964424,7a9f78e7185f367e,b0fbfdad725c1e7d6ad4,fbef2dde70a5657dafde6707ac7b84c2fb8a7ac14134d013f4edc07c836ee4f5,https://single-runs-api.open-meteo.com/v1/forecast,ecmwf_ifs,2026-02-01 19:00:00+00:00,43.64515,78.535604,43.620384,78.47891,2026-02-02 20:00:00+05:00
2026-02-01 19:00:00+00:00,2026-02-01 12:00:00+00:00,2026-02-02 15:00:00+00:00,2,20,0.0732261320989936,7a9f78e7185f367e,b0fbfdad725c1e7d6ad4,fbef2dde70a5657dafde6707ac7b84c2fb8a7ac14134d013f4edc07c836ee4f5,https://single-runs-api.open-meteo.com/v1/forecast,ecmwf_ifs,2026-02-01 19:00:00+00:00,43.643198,78.538828,43.620384,78.47891,2026-02-02 20:00:00+05:00
2026-02-01 19:00:00+00:00,2026-02-01 12:00:00+00:00,2026-02-02 16:00:00+00:00,1,21,0.0541049098446529,7a9f78e7185f367e,b0fbfdad725c1e7d6ad4,fbef2dde70a5657dafde6707ac7b84c2fb8a7ac14134d013f4edc07c836ee4f5,https://single-runs-api.open-meteo.com/v1/forecast,ecmwf_ifs,2026-02-01 19:00:00+00:00,43.64515,78.535604,43.620384,78.47891,2026-02-02 21:00:00+05:00
2026-02-01 19:00:00+00:00,2026-02-01 12:00:00+00:00,2026-02-02 16:00:00+00:00,2,21,0.0507834260627687,7a9f78e7185f367e,b0fbfdad725c1e7d6ad4,fbef2dde70a5657dafde6707ac7b84c2fb8a7ac14134d013f4edc07c836ee4f5,https://single-runs-api.open-meteo.com/v1/forecast,ecmwf_ifs,2026-02-01 19:00:00+00:00,43.643198,78.538828,43.620384,78.47891,2026-02-02 21:00:00+05:00
2026-02-01 19:00:00+00:00,2026-02-01 12:00:00+00:00,2026-02-02 17:00:00+00:00,1,22,0.0660324588384144,7a9f78e7185f367e,b0fbfdad725c1e7d6ad4,fbef2dde70a5657dafde6707ac7b84c2fb8a7ac14134d013f4edc07c836ee4f5,https://single-runs-api.open-meteo.com/v1/forecast,ecmwf_ifs,2026-02-01 19:00:00+00:00,43.64515,78.535604,43.620384,78.47891,2026-02-02 22:00:00+05:00
2026-02-01 19:00:00+00:00,2026-02-01 12:00:00+00:00,2026-02-02 17:00:00+00:00,2,22,0.0624632019111548,7a9f78e7185f367e,b0fbfdad725c1e7d6ad4,fbef2dde70a5657dafde6707ac7b84c2fb8a7ac14134d013f4edc07c836ee4f5,https://single-runs-api.open-meteo.com/v1/forecast,ecmwf_ifs,2026-02-01 19:00:00+00:00,43.643198,78.538828,43.620384,78.47891,2026-02-02 22:00:00+05:00
2026-02-01 19:00:00+00:00,2026-02-01 12:00:00+00:00,2026-02-02 18:00:00+00:00,1,23,0.0947455772932726,7a9f78e7185f367e,b0fbfdad725c1e7d6ad4,fbef2dde70a5657dafde6707ac7b84c2fb8a7ac14134d013f4edc07c836ee4f5,https://single-runs-api.open-meteo.com/v1/forecast,ecmwf_ifs,2026-02-01 19:00:00+00:00,43.64515,78.535604,43.620384,78.47891,2026-02-02 23:00:00+05:00
2026-02-01 19:00:00+00:00,2026-02-01 12:00:00+00:00,2026-02-02 18:00:00+00:00,2,23,0.0911852130121065,7a9f78e7185f367e,b0fbfdad725c1e7d6ad4,fbef2dde70a5657dafde6707ac7b84c2fb8a7ac14134d013f4edc07c836ee4f5,https://single-runs-api.open-meteo.com/v1/forecast,ecmwf_ifs,2026-02-01 19:00:00+00:00,43.643198,78.538828,43.620384,78.47891,2026-02-02 23:00:00+05:00
2026-02-01 19:00:00+00:00,2026-02-01 12:00:00+00:00,2026-02-02 19:00:00+00:00,1,24,0.1076448052210222,7a9f78e7185f367e,b0fbfdad725c1e7d6ad4,fbef2dde70a5657dafde6707ac7b84c2fb8a7ac14134d013f4edc07c836ee4f5,https://single-runs-api.open-meteo.com/v1/forecast,ecmwf_ifs,2026-02-01 19:00:00+00:00,43.64515,78.535604,43.620384,78.47891,2026-02-03 00:00:00+05:00
2026-02-01 19:00:00+00:00,2026-02-01 12:00:00+00:00,2026-02-02 19:00:00+00:00,2,24,0.1024403790918773,7a9f78e7185f367e,b0fbfdad725c1e7d6ad4,fbef2dde70a5657dafde6707ac7b84c2fb8a7ac14134d013f4edc07c836ee4f5,https://single-runs-api.open-meteo.com/v1/forecast,ecmwf_ifs,2026-02-01 19:00:00+00:00,43.643198,78.538828,43.620384,78.47891,2026-02-03 00:00:00+05:00
2026-02-02 19:00:00+00:00,2026-02-02 12:00:00+00:00,2026-02-02 20:00:00+00:00,1,1,0.280373468809118,7a9f78e7185f367e,a69a017110d566549ffa,c96d46a79abaa4904dac96a7e9bfa268a4fcaf73c6e383c4f8dc807c34f710d3,https://single-runs-api.open-meteo.com/v1/forecast,ecmwf_ifs,2026-02-02 19:00:00+00:00,43.64515,78.535604,43.620384,78.47891,2026-02-03 01:00:00+05:00
2026-02-02 19:00:00+00:00,2026-02-02 12:00:00+00:00,2026-02-02 20:00:00+00:00,2,1,0.2748527692869481,7a9f78e7185f367e,a69a017110d566549ffa,c96d46a79abaa4904dac96a7e9bfa268a4fcaf73c6e383c4f8dc807c34f710d3,https://single-runs-api.open-meteo.com/v1/forecast,ecmwf_ifs,2026-02-02 19:00:00+00:00,43.643198,78.538828,43.620384,78.47891,2026-02-03 01:00:00+05:00
2026-02-02 19:00:00+00:00,2026-02-02 12:00:00+00:00,2026-02-02 21:00:00+00:00,1,2,0.3301303578453112,7a9f78e7185f367e,a69a017110d566549ffa,c96d46a79abaa4904dac96a7e9bfa268a4fcaf73c6e383c4f8dc807c34f710d3,https://single-runs-api.open-meteo.com/v1/forecast,ecmwf_ifs,2026-02-02 19:00:00+00:00,43.64515,78.535604,43.620384,78.47891,2026-02-03 02:00:00+05:00
2026-02-02 19:00:00+00:00,2026-02-02 12:00:00+00:00,2026-02-02 21:00:00+00:00,2,2,0.3244999236064407,7a9f78e7185f367e,a69a017110d566549ffa,c96d46a79abaa4904dac96a7e9bfa268a4fcaf73c6e383c4f8dc807c34f710d3,https://single-runs-api.open-meteo.com/v1/forecast,ecmwf_ifs,2026-02-02 19:00:00+00:00,43.643198,78.538828,43.620384,78.47891,2026-02-03 02:00:00+05:00
2026-02-02 19:00:00+00:00,2026-02-02 12:00:00+00:00,2026-02-02 22:00:00+00:00,1,3,0.3811831617738772,7a9f78e7185f367e,a69a017110d566549ffa,c96d46a79abaa4904dac96a7e9bfa268a4fcaf73c6e383c4f8dc807c34f710d3,https://single-runs-api.open-meteo.com/v1/forecast,ecmwf_ifs,2026-02-02 19:00:00+00:00,43.64515,78.535604,43.620384,78.47891,2026-02-03 03:00:00+05:00
2026-02-02 19:00:00+00:00,2026-02-02 12:00:00+00:00,2026-02-02 22:00:00+00:00,2,3,0.3763556786793909,7a9f78e7185f367e,a69a017110d566549ffa,c96d46a79abaa4904dac96a7e9bfa268a4fcaf73c6e383c4f8dc807c34f710d3,https://single-runs-api.open-meteo.com/v1/forecast,ecmwf_ifs,2026-02-02 19:00:00+00:00,43.643198,78.538828,43.620384,78.47891,2026-02-03 03:00:00+05:00
2026-02-02 19:00:00+00:00,2026-02-02 12:00:00+00:00,2026-02-02 23:00:00+00:00,1,4,0.4956297071867814,7a9f78e7185f367e,a69a017110d566549ffa,c96d46a79abaa4904dac96a7e9bfa268a4fcaf73c6e383c4f8dc807c34f710d3,https://single-runs-api.open-meteo.com/v1/forecast,ecmwf_ifs,2026-02-02 19:00:00+00:00,43.64515,78.535604,43.620384,78.47891,2026-02-03 04:00:00+05:00
2026-02-02 19:00:00+00:00,2026-02-02 12:00:00+00:00,2026-02-02 23:00:00+00:00,2,4,0.4905530229750773,7a9f78e7185f367e,a69a017110d566549ffa,c96d46a79abaa4904dac96a7e9bfa268a4fcaf73c6e383c4f8dc807c34f710d3,https://single-runs-api.open-meteo.com/v1/forecast,ecmwf_ifs,2026-02-02 19:00:00+00:00,43.643198,78.538828,43.620384,78.47891,2026-02-03 04:00:00+05:00
2026-02-02 19:00:00+00:00,2026-02-02 12:00:00+00:00,2026-02-03 00:00:00+00:00,1,5,0.4335032447029511,7a9f78e7185f367e,a69a017110d566549ffa,c96d46a79abaa4904dac96a7e9bfa268a4fcaf73c6e383c4f8dc807c34f710d3,https://single-runs-api.open-meteo.com/v1/forecast,ecmwf_ifs,2026-02-02 19:00:00+00:00,43.64515,78.535604,43.620384,78.47891,2026-02-03 05:00:00+05:00
2026-02-02 19:00:00+00:00,2026-02-02 12:00:00+00:00,2026-02-03 00:00:00+00:00,2,5,0.4271914413923499,7a9f78e7185f367e,a69a017110d566549ffa,c96d46a79abaa4904dac96a7e9bfa268a4fcaf73c6e383c4f8dc807c34f710d3,https://single-runs-api.open-meteo.com/v1/forecast,ecmwf_ifs,2026-02-02 19:00:00+00:00,43.643198,78.538828,43.620384,78.47891,2026-02-03 05:00:00+05:00
2026-02-02 19:00:00+00:00,2026-02-02 12:00:00+00:00,2026-02-03 01:00:00+00:00,1,6,0.3220843498986052,7a9f78e7185f367e,a69a017110d566549ffa,c96d46a79abaa4904dac96a7e9bfa268a4fcaf73c6e383c4f8dc807c34f710d3,https://single-runs-api.open-meteo.com/v1/forecast,ecmwf_ifs,2026-02-02 19:00:00+00:00,43.64515,78.535604,43.620384,78.47891,2026-02-03 06:00:00+05:00
2026-02-02 19:00:00+00:00,2026-02-02 12:00:00+00:00,2026-02-03 01:00:00+00:00,2,6,0.3155359699525464,7a9f78e7185f367e,a69a017110d566549ffa,c96d46a79abaa4904dac96a7e9bfa268a4fcaf73c6e383c4f8dc807c34f710d3,https://single-runs-api.open-meteo.com/v1/forecast,ecmwf_ifs,2026-02-02 19:00:00+00:00,43.643198,78.538828,43.620384,78.47891,2026-02-03 06:00:00+05:00
2026-02-02 19:00:00+00:00,2026-02-02 12:00:00+00:00,2026-02-03 02:00:00+00:00,1,7,0.2378107602328946,7a9f78e7185f367e,a69a017110d566549ffa,c96d46a79abaa4904dac96a7e9bfa268a4fcaf73c6e383c4f8dc807c34f710d3,https://single-runs-api.open-meteo.com/v1/forecast,ecmwf_ifs,2026-02-02 19:00:00+00:00,43.64515,78.535604,43.620384,78.47891,2026-02-03 07:00:00+05:00
2026-02-02 19:00:00+00:00,2026-02-02 12:00:00+00:00,2026-02-03 02:00:00+00:00,2,7,0.2320713965180117,7a9f78e7185f367e,a69a017110d566549ffa,c96d46a79abaa4904dac96a7e9bfa268a4fcaf73c6e383c4f8dc807c34f710d3,https://single-runs-api.open-meteo.com/v1/forecast,ecmwf_ifs,2026-02-02 19:00:00+00:00,43.643198,78.538828,43.620384,78.47891,2026-02-03 07:00:00+05:00
2026-02-02 19:00:00+00:00,2026-02-02 12:00:00+00:00,2026-02-03 03:00:00+00:00,1,8,0.1491598071774196,7a9f78e7185f367e,a69a017110d566549ffa,c96d46a79abaa4904dac96a7e9bfa268a4fcaf73c6e383c4f8dc807c34f710d3,https://single-runs-api.open-meteo.com/v1/forecast,ecmwf_ifs,2026-02-02 19:00:00+00:00,43.64515,78.535604,43.620384,78.47891,2026-02-03 08:00:00+05:00
2026-02-02 19:00:00+00:00,2026-02-02 12:00:00+00:00,2026-02-03 03:00:00+00:00,2,8,0.1457284181507282,7a9f78e7185f367e,a69a017110d566549ffa,c96d46a79abaa4904dac96a7e9bfa268a4fcaf73c6e383c4f8dc807c34f710d3,https://single-runs-api.open-meteo.com/v1/forecast,ecmwf_ifs,2026-02-02 19:00:00+00:00,43.643198,78.538828,43.620384,78.47891,2026-02-03 08:00:00+05:00
2026-02-02 19:00:00+00:00,2026-02-02 12:00:00+00:00,2026-02-03 04:00:00+00:00,1,9,0.0561830001162337,7a9f78e7185f367e,a69a017110d566549ffa,c96d46a79abaa4904dac96a7e9bfa268a4fcaf73c6e383c4f8dc807c34f710d3,https://single-runs-api.open-meteo.com/v1/forecast,ecmwf_ifs,2026-02-02 19:00:00+00:00,43.64515,78.535604,43.620384,78.47891,2026-02-03 09:00:00+05:00
2026-02-02 19:00:00+00:00,2026-02-02 12:00:00+00:00,2026-02-03 04:00:00+00:00,2,9,0.0544943440044514,7a9f78e7185f367e,a69a017110d566549ffa,c96d46a79abaa4904dac96a7e9bfa268a4fcaf73c6e383c4f8dc807c34f710d3,https://single-runs-api.open-meteo.com/v1/forecast,ecmwf_ifs,2026-02-02 19:00:00+00:00,43.643198,78.538828,43.620384,78.47891,2026-02-03 09:00:00+05:00
2026-02-02 19:00:00+00:00,2026-02-02 12:00:00+00:00,2026-02-03 05:00:00+00:00,1,10,0.0423839304392509,7a9f78e7185f367e,a69a017110d566549ffa,c96d46a79abaa4904dac96a7e9bfa268a4fcaf73c6e383c4f8dc807c34f710d3,https://single-runs-api.open-meteo.com/v1/forecast,ecmwf_ifs,2026-02-02 19:00:00+00:00,43.64515,78.535604,43.620384,78.47891,2026-02-03 10:00:00+05:00
2026-02-02 19:00:00+00:00,2026-02-02 12:00:00+00:00,2026-02-03 05:00:00+00:00,2,10,0.0408261836659299,7a9f78e7185f367e,a69a017110d566549ffa,c96d46a79abaa4904dac96a7e9bfa268a4fcaf73c6e383c4f8dc807c34f710d3,https://single-runs-api.open-meteo.com/v1/forecast,ecmwf_ifs,2026-02-02 19:00:00+00:00,43.643198,78.538828,43.620384,78.47891,2026-02-03 10:00:00+05:00
2026-02-02 19:00:00+00:00,2026-02-02 12:00:00+00:00,2026-02-03 06:00:00+00:00,1,11,0.0898726002184083,7a9f78e7185f367e,a69a017110d566549ffa,c96d46a79abaa4904dac96a7e9bfa268a4fcaf73c6e383c4f8dc807c34f710d3,https://single-runs-api.open-meteo.com/v1/forecast,ecmwf_ifs,2026-02-02 19:00:00+00:00,43.64515,78.535604,43.620384,78.47891,2026-02-03 11:00:00+05:00
2026-02-02 19:00:00+00:00,2026-02-02 12:00:00+00:00,2026-02-03 06:00:00+00:00,2,11,0.0881074197445059,7a9f78e7185f367e,a69a017110d566549ffa,c96d46a79abaa4904dac96a7e9bfa268a4fcaf73c6e383c4f8dc807c34f710d3,https://single-runs-api.open-meteo.com/v1/forecast,ecmwf_ifs,2026-02-02 19:00:00+00:00,43.643198,78.538828,43.620384,78.47891,2026-02-03 11:00:00+05:00
2026-02-02 19:00:00+00:00,2026-02-02 12:00:00+00:00,2026-02-03 07:00:00+00:00,1,12,0.1242675725265263,7a9f78e7185f367e,a69a017110d566549ffa,c96d46a79abaa4904dac96a7e9bfa268a4fcaf73c6e383c4f8dc807c34f710d3,https://single-runs-api.open-meteo.com/v1/forecast,ecmwf_ifs,2026-02-02 19:00:00+00:00,43.64515,78.535604,43.620384,78.47891,2026-02-03 12:00:00+05:00
2026-02-02 19:00:00+00:00,2026-02-02 12:00:00+00:00,2026-02-03 07:00:00+00:00,2,12,0.1225743720903712,7a9f78e7185f367e,a69a017110d566549ffa,c96d46a79abaa4904dac96a7e9bfa268a4fcaf73c6e383c4f8dc807c34f710d3,https://single-runs-api.open-meteo.com/v1/forecast,ecmwf_ifs,2026-02-02 19:00:00+00:00,43.643198,78.538828,43.620384,78.47891,2026-02-03 12:00:00+05:00
2026-02-02 19:00:00+00:00,2026-02-02 12:00:00+00:00,2026-02-03 08:00:00+00:00,1,13,0.1449734344014594,7a9f78e7185f367e,a69a017110d566549ffa,c96d46a79abaa4904dac96a7e9bfa268a4fcaf73c6e383c4f8dc807c34f710d3,https://single-runs-api.open-meteo.com/v1/forecast,ecmwf_ifs,2026-02-02 19:00:00+00:00,43.64515,78.535604,43.620384,78.47891,2026-02-03 13:00:00+05:00
2026-02-02 19:00:00+00:00,2026-02-02 12:00:00+00:00,2026-02-03 08:00:00+00:00,2,13,0.1431854079159241,7a9f78e7185f367e,a69a017110d566549ffa,c96d46a79abaa4904dac96a7e9bfa268a4fcaf73c6e383c4f8dc807c34f710d3,https://single-runs-api.open-meteo.com/v1/forecast,ecmwf_ifs,2026-02-02 19:00:00+00:00,43.643198,78.538828,43.620384,78.47891,2026-02-03 13:00:00+05:00
2026-02-02 19:00:00+00:00,2026-02-02 12:00:00+00:00,2026-02-03 09:00:00+00:00,1,14,0.1110346512767867,7a9f78e7185f367e,a69a017110d566549ffa,c96d46a79abaa4904dac96a7e9bfa268a4fcaf73c6e383c4f8dc807c34f710d3,https://single-runs-api.open-meteo.com/v1/forecast,ecmwf_ifs,2026-02-02 19:00:00+00:00,43.64515,78.535604,43.620384,78.47891,2026-02-03 14:00:00+05:00
2026-02-02 19:00:00+00:00,2026-02-02 12:00:00+00:00,2026-02-03 09:00:00+00:00,2,14,0.1093752237151987,7a9f78e7185f367e,a69a017110d566549ffa,c96d46a79abaa4904dac96a7e9bfa268a4fcaf73c6e383c4f8dc807c34f710d3,https://single-runs-api.open-meteo.com/v1/forecast,ecmwf_ifs,2026-02-02 19:00:00+00:00,43.643198,78.538828,43.620384,78.47891,2026-02-03 14:00:00+05:00
2026-02-02 19:00:00+00:00,2026-02-02 12:00:00+00:00,2026-02-03 10:00:00+00:00,1,15,0.0517357615326999,7a9f78e7185f367e,a69a017110d566549ffa,c96d46a79abaa4904dac96a7e9bfa268a4fcaf73c6e383c4f8dc807c34f710d3,https://single-runs-api.open-meteo.com/v1/forecast,ecmwf_ifs,2026-02-02 19:00:00+00:00,43.64515,78.535604,43.620384,78.47891,2026-02-03 15:00:00+05:00
2026-02-02 19:00:00+00:00,2026-02-02 12:00:00+00:00,2026-02-03 10:00:00+00:00,2,15,0.0503183085462708,7a9f78e7185f367e,a69a017110d566549ffa,c96d46a79abaa4904dac96a7e9bfa268a4fcaf73c6e383c4f8dc807c34f710d3,https://single-runs-api.open-meteo.com/v1/forecast,ecmwf_ifs,2026-02-02 19:00:00+00:00,43.643198,78.538828,43.620384,78.47891,2026-02-03 15:00:00+05:00
2026-02-02 19:00:00+00:00,2026-02-02 12:00:00+00:00,2026-02-03 11:00:00+00:00,1,16,0.0574226499715714,7a9f78e7185f367e,a69a017110d566549ffa,c96d46a79abaa4904dac96a7e9bfa268a4fcaf73c6e383c4f8dc807c34f710d3,https://single-runs-api.open-meteo.com/v1/forecast,ecmwf_ifs,2026-02-02 19:00:00+00:00,43.64515,78.535604,43.620384,78.47891,2026-02-03 16:00:00+05:00
2026-02-02 19:00:00+00:00,2026-02-02 12:00:00+00:00,2026-02-03 11:00:00+00:00,2,16,0.0554932499761625,7a9f78e7185f367e,a69a017110d566549ffa,c96d46a79abaa4904dac96a7e9bfa268a4fcaf73c6e383c4f8dc807c34f710d3,https://single-runs-api.open-meteo.com/v1/forecast,ecmwf_ifs,2026-02-02 19:00:00+00:00,43.643198,78.538828,43.620384,78.47891,2026-02-03 16:00:00+05:00
2026-02-02 19:00:00+00:00,2026-02-02 12:00:00+00:00,2026-02-03 12:00:00+00:00,1,17,0.1091121751322403,7a9f78e7185f367e,a69a017110d566549ffa,c96d46a79abaa4904dac96a7e9bfa268a4fcaf73c6e383c4f8dc807c34f710d3,https://single-runs-api.open-meteo.com/v1/forecast,ecmwf_ifs,2026-02-02 19:00:00+00:00,43.64515,78.535604,43.620384,78.47891,2026-02-03 17:00:00+05:00
2026-02-02 19:00:00+00:00,2026-02-02 12:00:00+00:00,2026-02-03 12:00:00+00:00,2,17,0.1058199574060736,7a9f78e7185f367e,a69a017110d566549ffa,c96d46a79abaa4904dac96a7e9bfa268a4fcaf73c6e383c4f8dc807c34f710d3,https://single-runs-api.open-meteo.com/v1/forecast,ecmwf_ifs,2026-02-02 19:00:00+00:00,43.643198,78.538828,43.620384,78.47891,2026-02-03 17:00:00+05:00
2026-02-02 19:00:00+00:00,2026-02-02 12:00:00+00:00,2026-02-03 13:00:00+00:00,1,18,0.1120782952321263,7a9f78e7185f367e,a69a017110d566549ffa,c96d46a79abaa4904dac96a7e9bfa268a4fcaf73c6e383c4f8dc807c34f710d3,https://single-runs-api.open-meteo.com/v1/forecast,ecmwf_ifs,2026-02-02 19:00:00+00:00,43.64515,78.535604,43.620384,78.47891,2026-02-03 18:00:00+05:00
2026-02-02 19:00:00+00:00,2026-02-02 12:00:00+00:00,2026-02-03 13:00:00+00:00,2,18,0.1090892316724907,7a9f78e7185f367e,a69a017110d566549ffa,c96d46a79abaa4904dac96a7e9bfa268a4fcaf73c6e383c4f8dc807c34f710d3,https://single-runs-api.open-meteo.com/v1/forecast,ecmwf_ifs,2026-02-02 19:00:00+00:00,43.643198,78.538828,43.620384,78.47891,2026-02-03 18:00:00+05:00
2026-02-02 19:00:00+00:00,2026-02-02 12:00:00+00:00,2026-02-03 14:00:00+00:00,1,19,0.2210717039614219,7a9f78e7185f367e,a69a017110d566549ffa,c96d46a79abaa4904dac96a7e9bfa268a4fcaf73c6e383c4f8dc807c34f710d3,https://single-runs-api.open-meteo.com/v1/forecast,ecmwf_ifs,2026-02-02 19:00:00+00:00,43.64515,78.535604,43.620384,78.47891,2026-02-03 19:00:00+05:00
2026-02-02 19:00:00+00:00,2026-02-02 12:00:00+00:00,2026-02-03 14:00:00+00:00,2,19,0.2176989429945443,7a9f78e7185f367e,a69a017110d566549ffa,c96d46a79abaa4904dac96a7e9bfa268a4fcaf73c6e383c4f8dc807c34f710d3,https://single-runs-api.open-meteo.com/v1/forecast,ecmwf_ifs,2026-02-02 19:00:00+00:00,43.643198,78.538828,43.620384,78.47891,2026-02-03 19:00:00+05:00
2026-02-02 19:00:00+00:00,2026-02-02 12:00:00+00:00,2026-02-03 15:00:00+00:00,1,20,0.4310625227008699,7a9f78e7185f367e,a69a017110d566549ffa,c96d46a79abaa4904dac96a7e9bfa268a4fcaf73c6e383c4f8dc807c34f710d3,https://single-runs-api.open-meteo.com/v1/forecast,ecmwf_ifs,2026-02-02 19:00:00+00:00,43.64515,78.535604,43.620384,78.47891,2026-02-03 20:00:00+05:00
2026-02-02 19:00:00+00:00,2026-02-02 12:00:00+00:00,2026-02-03 15:00:00+00:00,2,20,0.42799044102667,7a9f78e7185f367e,a69a017110d566549ffa,c96d46a79abaa4904dac96a7e9bfa268a4fcaf73c6e383c4f8dc807c34f710d3,https://single-runs-api.open-meteo.com/v1/forecast,ecmwf_ifs,2026-02-02 19:00:00+00:00,43.643198,78.538828,43.620384,78.47891,2026-02-03 20:00:00+05:00
2026-02-02 19:00:00+00:00,2026-02-02 12:00:00+00:00,2026-02-03 16:00:00+00:00,1,21,0.4022361988007636,7a9f78e7185f367e,a69a017110d566549ffa,c96d46a79abaa4904dac96a7e9bfa268a4fcaf73c6e383c4f8dc807c34f710d3,https://single-runs-api.open-meteo.com/v1/forecast,ecmwf_ifs,2026-02-02 19:00:00+00:00,43.64515,78.535604,43.620384,78.47891,2026-02-03 21:00:00+05:00
2026-02-02 19:00:00+00:00,2026-02-02 12:00:00+00:00,2026-02-03 16:00:00+00:00,2,21,0.3990864394029512,7a9f78e7185f367e,a69a017110d566549ffa,c96d46a79abaa4904dac96a7e9bfa268a4fcaf73c6e383c4f8dc807c34f710d3,https://single-runs-api.open-meteo.com/v1/forecast,ecmwf_ifs,2026-02-02 19:00:00+00:00,43.643198,78.538828,43.620384,78.47891,2026-02-03 21:00:00+05:00
2026-02-02 19:00:00+00:00,2026-02-02 12:00:00+00:00,2026-02-03 17:00:00+00:00,1,22,0.451273252621071,7a9f78e7185f367e,a69a017110d566549ffa,c96d46a79abaa4904dac96a7e9bfa268a4fcaf73c6e383c4f8dc807c34f710d3,https://single-runs-api.open-meteo.com/v1/forecast,ecmwf_ifs,2026-02-02 19:00:00+00:00,43.64515,78.535604,43.620384,78.47891,2026-02-03 22:00:00+05:00
2026-02-02 19:00:00+00:00,2026-02-02 12:00:00+00:00,2026-02-03 17:00:00+00:00,2,22,0.4458289390659078,7a9f78e7185f367e,a69a017110d566549ffa,c96d46a79abaa4904dac96a7e9bfa268a4fcaf73c6e383c4f8dc807c34f710d3,https://single-runs-api.open-meteo.com/v1/forecast,ecmwf_ifs,2026-02-02 19:00:00+00:00,43.643198,78.538828,43.620384,78.47891,2026-02-03 22:00:00+05:00
2026-02-02 19:00:00+00:00,2026-02-02 12:00:00+00:00,2026-02-03 18:00:00+00:00,1,23,0.4979091635908326,7a9f78e7185f367e,a69a017110d566549ffa,c96d46a79abaa4904dac96a7e9bfa268a4fcaf73c6e383c4f8dc807c34f710d3,https://single-runs-api.open-meteo.com/v1/forecast,ecmwf_ifs,2026-02-02 19:00:00+00:00,43.64515,78.535604,43.620384,78.47891,2026-02-03 23:00:00+05:00
2026-02-02 19:00:00+00:00,2026-02-02 12:00:00+00:00,2026-02-03 18:00:00+00:00,2,23,0.4926772984425419,7a9f78e7185f367e,a69a017110d566549ffa,c96d46a79abaa4904dac96a7e9bfa268a4fcaf73c6e383c4f8dc807c34f710d3,https://single-runs-api.open-meteo.com/v1/forecast,ecmwf_ifs,2026-02-02 19:00:00+00:00,43.643198,78.538828,43.620384,78.47891,2026-02-03 23:00:00+05:00
2026-02-02 19:00:00+00:00,2026-02-02 12:00:00+00:00,2026-02-03 19:00:00+00:00,1,24,0.4867763302559624,7a9f78e7185f367e,a69a017110d566549ffa,c96d46a79abaa4904dac96a7e9bfa268a4fcaf73c6e383c4f8dc807c34f710d3,https://single-runs-api.open-meteo.com/v1/forecast,ecmwf_ifs,2026-02-02 19:00:00+00:00,43.64515,78.535604,43.620384,78.47891,2026-02-04 00:00:00+05:00
2026-02-02 19:00:00+00:00,2026-02-02 12:00:00+00:00,2026-02-03 19:00:00+00:00,2,24,0.481332016700799,7a9f78e7185f367e,a69a017110d566549ffa,c96d46a79abaa4904dac96a7e9bfa268a4fcaf73c6e383c4f8dc807c34f710d3,https://single-runs-api.open-meteo.com/v1/forecast,ecmwf_ifs,2026-02-02 19:00:00+00:00,43.643198,78.538828,43.620384,78.47891,2026-02-04 00:00:00+05:00
2026-02-03 19:00:00+00:00,2026-02-03 12:00:00+00:00,2026-02-03 20:00:00+00:00,1,1,0.2748217905142109,7a9f78e7185f367e,f30826c27901b2471cda,ec73612bb78d73061313177636a2f868448e2d4895e7d817ba457d31557839a7,https://single-runs-api.open-meteo.com/v1/forecast,ecmwf_ifs,2026-02-03 19:00:00+00:00,43.64515,78.535604,43.620384,78.47891,2026-02-04 01:00:00+05:00
2026-02-03 19:00:00+00:00,2026-02-03 12:00:00+00:00,2026-02-03 20:00:00+00:00,2,1,0.2704773401952154,7a9f78e7185f367e,f30826c27901b2471cda,ec73612bb78d73061313177636a2f868448e2d4895e7d817ba457d31557839a7,https://single-runs-api.open-meteo.com/v1/forecast,ecmwf_ifs,2026-02-03 19:00:00+00:00,43.643198,78.538828,43.620384,78.47891,2026-02-04 01:00:00+05:00
2026-02-03 19:00:00+00:00,2026-02-03 12:00:00+00:00,2026-02-03 21:00:00+00:00,1,2,0.2113865901943595,7a9f78e7185f367e,f30826c27901b2471cda,ec73612bb78d73061313177636a2f868448e2d4895e7d817ba457d31557839a7,https://single-runs-api.open-meteo.com/v1/forecast,ecmwf_ifs,2026-02-03 19:00:00+00:00,43.64515,78.535604,43.620384,78.47891,2026-02-04 02:00:00+05:00
2026-02-03 19:00:00+00:00,2026-02-03 12:00:00+00:00,2026-02-03 21:00:00+00:00,2,2,0.2068019780625127,7a9f78e7185f367e,f30826c27901b2471cda,ec73612bb78d73061313177636a2f868448e2d4895e7d817ba457d31557839a7,https://single-runs-api.open-meteo.com/v1/forecast,ecmwf_ifs,2026-02-03 19:00:00+00:00,43.643198,78.538828,43.620384,78.47891,2026-02-04 02:00:00+05:00
2026-02-03 19:00:00+00:00,2026-02-03 12:00:00+00:00,2026-02-03 22:00:00+00:00,1,3,0.1563115592546796,7a9f78e7185f367e,f30826c27901b2471cda,ec73612bb78d73061313177636a2f868448e2d4895e7d817ba457d31557839a7,https://single-runs-api.open-meteo.com/v1/forecast,ecmwf_ifs,2026-02-03 19:00:00+00:00,43.64515,78.535604,43.620384,78.47891,2026-02-04 03:00:00+05:00
2026-02-03 19:00:00+00:00,2026-02-03 12:00:00+00:00,2026-02-03 22:00:00+00:00,2,3,0.1523998673082416,7a9f78e7185f367e,f30826c27901b2471cda,ec73612bb78d73061313177636a2f868448e2d4895e7d817ba457d31557839a7,https://single-runs-api.open-meteo.com/v1/forecast,ecmwf_ifs,2026-02-03 19:00:00+00:00,43.643198,78.538828,43.620384,78.47891,2026-02-04 03:00:00+05:00
2026-02-03 19:00:00+00:00,2026-02-03 12:00:00+00:00,2026-02-03 23:00:00+00:00,1,4,0.221110187128021,7a9f78e7185f367e,f30826c27901b2471cda,ec73612bb78d73061313177636a2f868448e2d4895e7d817ba457d31557839a7,https://single-runs-api.open-meteo.com/v1/forecast,ecmwf_ifs,2026-02-03 19:00:00+00:00,43.64515,78.535604,43.620384,78.47891,2026-02-04 04:00:00+05:00
2026-02-03 19:00:00+00:00,2026-02-03 12:00:00+00:00,2026-02-03 23:00:00+00:00,2,4,0.2174235289276018,7a9f78e7185f367e,f30826c27901b2471cda,ec73612bb78d73061313177636a2f868448e2d4895e7d817ba457d31557839a7,https://single-runs-api.open-meteo.com/v1/forecast,ecmwf_ifs,2026-02-03 19:00:00+00:00,43.643198,78.538828,43.620384,78.47891,2026-02-04 04:00:00+05:00
2026-02-03 19:00:00+00:00,2026-02-03 12:00:00+00:00,2026-02-04 00:00:00+00:00,1,5,0.3313312830394876,7a9f78e7185f367e,f30826c27901b2471cda,ec73612bb78d73061313177636a2f868448e2d4895e7d817ba457d31557839a7,https://single-runs-api.open-meteo.com/v1/forecast,ecmwf_ifs,2026-02-03 19:00:00+00:00,43.64515,78.535604,43.620384,78.47891,2026-02-04 05:00:00+05:00
2026-02-03 19:00:00+00:00,2026-02-03 12:00:00+00:00,2026-02-04 00:00:00+00:00,2,5,0.3281922544099891,7a9f78e7185f367e,f30826c27901b2471cda,ec73612bb78d73061313177636a2f868448e2d4895e7d817ba457d31557839a7,https://single-runs-api.open-meteo.com/v1/forecast,ecmwf_ifs,2026-02-03 19:00:00+00:00,43.643198,78.538828,43.620384,78.47891,2026-02-04 05:00:00+05:00
2026-02-03 19:00:00+00:00,2026-02-03 12:00:00+00:00,2026-02-04 01:00:00+00:00,1,6,0.4841709144764478,7a9f78e7185f367e,f30826c27901b2471cda,ec73612bb78d73061313177636a2f868448e2d4895e7d817ba457d31557839a7,https://single-runs-api.open-meteo.com/v1/forecast,ecmwf_ifs,2026-02-03 19:00:00+00:00,43.64515,78.535604,43.620384,78.47891,2026-02-04 06:00:00+05:00
2026-02-03 19:00:00+00:00,2026-02-03 12:00:00+00:00,2026-02-04 01:00:00+00:00,2,6,0.4811067190902935,7a9f78e7185f367e,f30826c27901b2471cda,ec73612bb78d73061313177636a2f868448e2d4895e7d817ba457d31557839a7,https://single-runs-api.open-meteo.com/v1/forecast,ecmwf_ifs,2026-02-03 19:00:00+00:00,43.643198,78.538828,43.620384,78.47891,2026-02-04 06:00:00+05:00
2026-02-03 19:00:00+00:00,2026-02-03 12:00:00+00:00,2026-02-04 02:00:00+00:00,1,7,0.5773052866768041,7a9f78e7185f367e,f30826c27901b2471cda,ec73612bb78d73061313177636a2f868448e2d4895e7d817ba457d31557839a7,https://single-runs-api.open-meteo.com/v1/forecast,ecmwf_ifs,2026-02-03 19:00:00+00:00,43.64515,78.535604,43.620384,78.47891,2026-02-04 07:00:00+05:00
2026-02-03 19:00:00+00:00,2026-02-03 12:00:00+00:00,2026-02-04 02:00:00+00:00,2,7,0.575167467337744,7a9f78e7185f367e,f30826c27901b2471cda,ec73612bb78d73061313177636a2f868448e2d4895e7d817ba457d31557839a7,https://single-runs-api.open-meteo.com/v1/forecast,ecmwf_ifs,2026-02-03 19:00:00+00:00,43.643198,78.538828,43.620384,78.47891,2026-02-04 07:00:00+05:00
2026-02-03 19:00:00+00:00,2026-02-03 12:00:00+00:00,2026-02-04 03:00:00+00:00,1,8,0.6864608803511285,7a9f78e7185f367e,f30826c27901b2471cda,ec73612bb78d73061313177636a2f868448e2d4895e7d817ba457d31557839a7,https://single-runs-api.open-meteo.com/v1/forecast,ecmwf_ifs,2026-02-03 19:00:00+00:00,43.64515,78.535604,43.620384,78.47891,2026-02-04 08:00:00+05:00
2026-02-03 19:00:00+00:00,2026-02-03 12:00:00+00:00,2026-02-04 03:00:00+00:00,2,8,0.6827033566307004,7a9f78e7185f367e,f30826c27901b2471cda,ec73612bb78d73061313177636a2f868448e2d4895e7d817ba457d31557839a7,https://single-runs-api.open-meteo.com/v1/forecast,ecmwf_ifs,2026-02-03 19:00:00+00:00,43.643198,78.538828,43.620384,78.47891,2026-02-04 08:00:00+05:00
2026-02-03 19:00:00+00:00,2026-02-03 12:00:00+00:00,2026-02-04 04:00:00+00:00,1,9,0.5595095855332743,7a9f78e7185f367e,f30826c27901b2471cda,ec73612bb78d73061313177636a2f868448e2d4895e7d817ba457d31557839a7,https://single-runs-api.open-meteo.com/v1/forecast,ecmwf_ifs,2026-02-03 19:00:00+00:00,43.64515,78.535604,43.620384,78.47891,2026-02-04 09:00:00+05:00
2026-02-03 19:00:00+00:00,2026-02-03 12:00:00+00:00,2026-02-04 04:00:00+00:00,2,9,0.5556943192184641,7a9f78e7185f367e,f30826c27901b2471cda,ec73612bb78d73061313177636a2f868448e2d4895e7d817ba457d31557839a7,https://single-runs-api.open-meteo.com/v1/forecast,ecmwf_ifs,2026-02-03 19:00:00+00:00,43.643198,78.538828,43.620384,78.47891,2026-02-04 09:00:00+05:00
2026-02-03 19:00:00+00:00,2026-02-03 12:00:00+00:00,2026-02-04 05:00:00+00:00,1,10,0.4621582585602224,7a9f78e7185f367e,f30826c27901b2471cda,ec73612bb78d73061313177636a2f868448e2d4895e7d817ba457d31557839a7,https://single-runs-api.open-meteo.com/v1/forecast,ecmwf_ifs,2026-02-03 19:00:00+00:00,43.64515,78.535604,43.620384,78.47891,2026-02-04 10:00:00+05:00
2026-02-03 19:00:00+00:00,2026-02-03 12:00:00+00:00,2026-02-04 05:00:00+00:00,2,10,0.4587610341337149,7a9f78e7185f367e,f30826c27901b2471cda,ec73612bb78d73061313177636a2f868448e2d4895e7d817ba457d31557839a7,https://single-runs-api.open-meteo.com/v1/forecast,ecmwf_ifs,2026-02-03 19:00:00+00:00,43.643198,78.538828,43.620384,78.47891,2026-02-04 10:00:00+05:00
2026-02-03 19:00:00+00:00,2026-02-03 12:00:00+00:00,2026-02-04 06:00:00+00:00,1,11,0.3028105576470629,7a9f78e7185f367e,f30826c27901b2471cda,ec73612bb78d73061313177636a2f868448e2d4895e7d817ba457d31557839a7,https://single-runs-api.open-meteo.com/v1/forecast,ecmwf_ifs,2026-02-03 19:00:00+00:00,43.64515,78.535604,43.620384,78.47891,2026-02-04 11:00:00+05:00
2026-02-03 19:00:00+00:00,2026-02-03 12:00:00+00:00,2026-02-04 06:00:00+00:00,2,11,0.2996649343332931,7a9f78e7185f367e,f30826c27901b2471cda,ec73612bb78d73061313177636a2f868448e2d4895e7d817ba457d31557839a7,https://single-runs-api.open-meteo.com/v1/forecast,ecmwf_ifs,2026-02-03 19:00:00+00:00,43.643198,78.538828,43.620384,78.47891,2026-02-04 11:00:00+05:00
2026-02-03 19:00:00+00:00,2026-02-03 12:00:00+00:00,2026-02-04 07:00:00+00:00,1,12,0.2462552089072276,7a9f78e7185f367e,f30826c27901b2471cda,ec73612bb78d73061313177636a2f868448e2d4895e7d817ba457d31557839a7,https://single-runs-api.open-meteo.com/v1/forecast,ecmwf_ifs,2026-02-03 19:00:00+00:00,43.64515,78.535604,43.620384,78.47891,2026-02-04 12:00:00+05:00
2026-02-03 19:00:00+00:00,2026-02-03 12:00:00+00:00,2026-02-04 07:00:00+00:00,2,12,0.243539154355944,7a9f78e7185f367e,f30826c27901b2471cda,ec73612bb78d73061313177636a2f868448e2d4895e7d817ba457d31557839a7,https://single-runs-api.open-meteo.com/v1/forecast,ecmwf_ifs,2026-02-03 19:00:00+00:00,43.643198,78.538828,43.620384,78.47891,2026-02-04 12:00:00+05:00
2026-02-03 19:00:00+00:00,2026-02-03 12:00:00+00:00,2026-02-04 08:00:00+00:00,1,13,0.2109356391869355,7a9f78e7185f367e,f30826c27901b2471cda,ec73612bb78d73061313177636a2f868448e2d4895e7d817ba457d31557839a7,https://single-runs-api.open-meteo.com/v1/forecast,ecmwf_ifs,2026-02-03 19:00:00+00:00,43.64515,78.535604,43.620384,78.47891,2026-02-04 13:00:00+05:00
2026-02-03 19:00:00+00:00,2026-02-03 12:00:00+00:00,2026-02-04 08:00:00+00:00,2,13,0.2087426839237129,7a9f78e7185f367e,f30826c27901b2471cda,ec73612bb78d73061313177636a2f868448e2d4895e7d817ba457d31557839a7,https://single-runs-api.open-meteo.com/v1/forecast,ecmwf_ifs,2026-02-03 19:00:00+00:00,43.643198,78.538828,43.620384,78.47891,2026-02-04 13:00:00+05:00
2026-02-03 19:00:00+00:00,2026-02-03 12:00:00+00:00,2026-02-04 09:00:00+00:00,1,14,0.1445370391336933,7a9f78e7185f367e,f30826c27901b2471cda,ec73612bb78d73061313177636a2f868448e2d4895e7d817ba457d31557839a7,https://single-runs-api.open-meteo.com/v1/forecast,ecmwf_ifs,2026-02-03 19:00:00+00:00,43.64515,78.535604,43.620384,78.47891,2026-02-04 14:00:00+05:00
2026-02-03 19:00:00+00:00,2026-02-03 12:00:00+00:00,2026-02-04 09:00:00+00:00,2,14,0.1425846545362513,7a9f78e7185f367e,f30826c27901b2471cda,ec73612bb78d73061313177636a2f868448e2d4895e7d817ba457d31557839a7,https://single-runs-api.open-meteo.com/v1/forecast,ecmwf_ifs,2026-02-03 19:00:00+00:00,43.643198,78.538828,43.620384,78.47891,2026-02-04 14:00:00+05:00
2026-02-03 19:00:00+00:00,2026-02-03 12:00:00+00:00,2026-02-04 10:00:00+00:00,1,15,0.1054270395029907,7a9f78e7185f367e,f30826c27901b2471cda,ec73612bb78d73061313177636a2f868448e2d4895e7d817ba457d31557839a7,https://single-runs-api.open-meteo.com/v1/forecast,ecmwf_ifs,2026-02-03 19:00:00+00:00,43.64515,78.535604,43.620384,78.47891,2026-02-04 15:00:00+05:00
2026-02-03 19:00:00+00:00,2026-02-03 12:00:00+00:00,2026-02-04 10:00:00+00:00,2,15,0.1037367650189099,7a9f78e7185f367e,f30826c27901b2471cda,ec73612bb78d73061313177636a2f868448e2d4895e7d817ba457d31557839a7,https://single-runs-api.open-meteo.com/v1/forecast,ecmwf_ifs,2026-02-03 19:00:00+00:00,43.643198,78.538828,43.620384,78.47891,2026-02-04 15:00:00+05:00
2026-02-03 19:00:00+00:00,2026-02-03 12:00:00+00:00,2026-02-04 11:00:00+00:00,1,16,0.0665158511787188,7a9f78e7185f367e,f30826c27901b2471cda,ec73612bb78d73061313177636a2f868448e2d4895e7d817ba457d31557839a7,https://single-runs-api.open-meteo.com/v1/forecast,ecmwf_ifs,2026-02-03 19:00:00+00:00,43.64515,78.535604,43.620384,78.47891,2026-02-04 16:00:00+05:00
2026-02-03 19:00:00+00:00,2026-02-03 12:00:00+00:00,2026-02-04 11:00:00+00:00,2,16,0.0648277969472337,7a9f78e7185f367e,f30826c27901b2471cda,ec73612bb78d73061313177636a2f868448e2d4895e7d817ba457d31557839a7,https://single-runs-api.open-meteo.com/v1/forecast,ecmwf_ifs,2026-02-03 19:00:00+00:00,43.643198,78.538828,43.620384,78.47891,2026-02-04 16:00:00+05:00
2026-02-03 19:00:00+00:00,2026-02-03 12:00:00+00:00,2026-02-04 12:00:00+00:00,1,17,0.0410918175775969,7a9f78e7185f367e,f30826c27901b2471cda,ec73612bb78d73061313177636a2f868448e2d4895e7d817ba457d31557839a7,https://single-runs-api.open-meteo.com/v1/forecast,ecmwf_ifs,2026-02-03 19:00:00+00:00,43.64515,78.535604,43.620384,78.47891,2026-02-04 17:00:00+05:00
2026-02-03 19:00:00+00:00,2026-02-03 12:00:00+00:00,2026-02-04 12:00:00+00:00,2,17,0.0388131676824361,7a9f78e7185f367e,f30826c27901b2471cda,ec73612bb78d73061313177636a2f868448e2d4895e7d817ba457d31557839a7,https://single-runs-api.open-meteo.com/v1/forecast,ecmwf_ifs,2026-02-03 19:00:00+00:00,43.643198,78.538828,43.620384,78.47891,2026-02-04 17:00:00+05:00
2026-02-03 19:00:00+00:00,2026-02-03 12:00:00+00:00,2026-02-04 13:00:00+00:00,1,18,0.0279883341521861,7a9f78e7185f367e,f30826c27901b2471cda,ec73612bb78d73061313177636a2f868448e2d4895e7d817ba457d31557839a7,https://single-runs-api.open-meteo.com/v1/forecast,ecmwf_ifs,2026-02-03 19:00:00+00:00,43.64515,78.535604,43.620384,78.47891,2026-02-04 18:00:00+05:00
2026-02-03 19:00:00+00:00,2026-02-03 12:00:00+00:00,2026-02-04 13:00:00+00:00,2,18,0.0256169950509928,7a9f78e7185f367e,f30826c27901b2471cda,ec73612bb78d73061313177636a2f868448e2d4895e7d817ba457d31557839a7,https://single-runs-api.open-meteo.com/v1/forecast,ecmwf_ifs,2026-02-03 19:00:00+00:00,43.643198,78.538828,43.620384,78.47891,2026-02-04 18:00:00+05:00
2026-02-03 19:00:00+00:00,2026-02-03 12:00:00+00:00,2026-02-04 14:00:00+00:00,1,19,0.0564888124374225,7a9f78e7185f367e,f30826c27901b2471cda,ec73612bb78d73061313177636a2f868448e2d4895e7d817ba457d31557839a7,https://single-runs-api.open-meteo.com/v1/forecast,ecmwf_ifs,2026-02-03 19:00:00+00:00,43.64515,78.535604,43.620384,78.47891,2026-02-04 19:00:00+05:00
2026-02-03 19:00:00+00:00,2026-02-03 12:00:00+00:00,2026-02-04 14:00:00+00:00,2,19,0.0542299782648813,7a9f78e7185f367e,f30826c27901b2471cda,ec73612bb78d73061313177636a2f868448e2d4895e7d817ba457d31557839a7,https://single-runs-api.open-meteo.com/v1/forecast,ecmwf_ifs,2026-02-03 19:00:00+00:00,43.643198,78.538828,43.620384,78.47891,2026-02-04 19:00:00+05:00
2026-02-03 19:00:00+00:00,2026-02-03 12:00:00+00:00,2026-02-04 15:00:00+00:00,1,20,0.2238268596064576,7a9f78e7185f367e,f30826c27901b2471cda,ec73612bb78d73061313177636a2f868448e2d4895e7d817ba457d31557839a7,https://single-runs-api.open-meteo.com/v1/forecast,ecmwf_ifs,2026-02-03 19:00:00+00:00,43.64515,78.535604,43.620384,78.47891,2026-02-04 20:00:00+05:00
2026-02-03 19:00:00+00:00,2026-02-03 12:00:00+00:00,2026-02-04 15:00:00+00:00,2,20,0.2198332604348553,7a9f78e7185f367e,f30826c27901b2471cda,ec73612bb78d73061313177636a2f868448e2d4895e7d817ba457d31557839a7,https://single-runs-api.open-meteo.com/v1/forecast,ecmwf_ifs,2026-02-03 19:00:00+00:00,43.643198,78.538828,43.620384,78.47891,2026-02-04 20:00:00+05:00
2026-02-03 19:00:00+00:00,2026-02-03 12:00:00+00:00,2026-02-04 16:00:00+00:00,1,21,0.3112836341581794,7a9f78e7185f367e,f30826c27901b2471cda,ec73612bb78d73061313177636a2f868448e2d4895e7d817ba457d31557839a7,https://single-runs-api.open-meteo.com/v1/forecast,ecmwf_ifs,2026-02-03 19:00:00+00:00,43.64515,78.535604,43.620384,78.47891,2026-02-04 21:00:00+05:00
2026-02-03 19:00:00+00:00,2026-02-03 12:00:00+00:00,2026-02-04 16:00:00+00:00,2,21,0.30676453205454,7a9f78e7185f367e,f30826c27901b2471cda,ec73612bb78d73061313177636a2f868448e2d4895e7d817ba457d31557839a7,https://single-runs-api.open-meteo.com/v1/forecast,ecmwf_ifs,2026-02-03 19:00:00+00:00,43.643198,78.538828,43.620384,78.47891,2026-02-04 21:00:00+05:00
2026-02-03 19:00:00+00:00,2026-02-03 12:00:00+00:00,2026-02-04 17:00:00+00:00,1,22,0.4500516492221921,7a9f78e7185f367e,f30826c27901b2471cda,ec73612bb78d73061313177636a2f868448e2d4895e7d817ba457d31557839a7,https://single-runs-api.open-meteo.com/v1/forecast,ecmwf_ifs,2026-02-03 19:00:00+00:00,43.64515,78.535604,43.620384,78.47891,2026-02-04 22:00:00+05:00
2026-02-03 19:00:00+00:00,2026-02-03 12:00:00+00:00,2026-02-04 17:00:00+00:00,2,22,0.4455410082409974,7a9f78e7185f367e,f30826c27901b2471cda,ec73612bb78d73061313177636a2f868448e2d4895e7d817ba457d31557839a7,https://single-runs-api.open-meteo.com/v1/forecast,ecmwf_ifs,2026-02-03 19:00:00+00:00,43.643198,78.538828,43.620384,78.47891,2026-02-04 22:00:00+05:00
2026-02-03 19:00:00+00:00,2026-02-03 12:00:00+00:00,2026-02-04 18:00:00+00:00,1,23,0.6268756637658766,7a9f78e7185f367e,f30826c27901b2471cda,ec73612bb78d73061313177636a2f868448e2d4895e7d817ba457d31557839a7,https://single-runs-api.open-meteo.com/v1/forecast,ecmwf_ifs,2026-02-03 19:00:00+00:00,43.64515,78.535604,43.620384,78.47891,2026-02-04 23:00:00+05:00
2026-02-03 19:00:00+00:00,2026-02-03 12:00:00+00:00,2026-02-04 18:00:00+00:00,2,23,0.6222582213172583,7a9f78e7185f367e,f30826c27901b2471cda,ec73612bb78d73061313177636a2f868448e2d4895e7d817ba457d31557839a7,https://single-runs-api.open-meteo.com/v1/forecast,ecmwf_ifs,2026-02-03 19:00:00+00:00,43.643198,78.538828,43.620384,78.47891,2026-02-04 23:00:00+05:00
2026-02-03 19:00:00+00:00,2026-02-03 12:00:00+00:00,2026-02-04 19:00:00+00:00,1,24,0.7439519613848014,7a9f78e7185f367e,f30826c27901b2471cda,ec73612bb78d73061313177636a2f868448e2d4895e7d817ba457d31557839a7,https://single-runs-api.open-meteo.com/v1/forecast,ecmwf_ifs,2026-02-03 19:00:00+00:00,43.64515,78.535604,43.620384,78.47891,2026-02-05 00:00:00+05:00
2026-02-03 19:00:00+00:00,2026-02-03 12:00:00+00:00,2026-02-04 19:00:00+00:00,2,24,0.7397078611315132,7a9f78e7185f367e,f30826c27901b2471cda,ec73612bb78d73061313177636a2f868448e2d4895e7d817ba457d31557839a7,https://single-runs-api.open-meteo.com/v1/forecast,ecmwf_ifs,2026-02-03 19:00:00+00:00,43.643198,78.538828,43.620384,78.47891,2026-02-05 00:00:00+05:00
2026-02-04 19:00:00+00:00,2026-02-04 12:00:00+00:00,2026-02-04 20:00:00+00:00,1,1,0.6664660667900941,7a9f78e7185f367e,5a6bf76a458d2d6ef611,f6553f5764041ec0948b19f6f640c358194f0f49d83967af0ab6af6153b8fe08,https://single-runs-api.open-meteo.com/v1/forecast,ecmwf_ifs,2026-02-04 19:00:00+00:00,43.64515,78.535604,43.620384,78.47891,2026-02-05 01:00:00+05:00
2026-02-04 19:00:00+00:00,2026-02-04 12:00:00+00:00,2026-02-04 20:00:00+00:00,2,1,0.6623263368123142,7a9f78e7185f367e,5a6bf76a458d2d6ef611,f6553f5764041ec0948b19f6f640c358194f0f49d83967af0ab6af6153b8fe08,https://single-runs-api.open-meteo.com/v1/forecast,ecmwf_ifs,2026-02-04 19:00:00+00:00,43.643198,78.538828,43.620384,78.47891,2026-02-05 01:00:00+05:00
2026-02-04 19:00:00+00:00,2026-02-04 12:00:00+00:00,2026-02-04 21:00:00+00:00,1,2,0.8276789937991594,7a9f78e7185f367e,5a6bf76a458d2d6ef611,f6553f5764041ec0948b19f6f640c358194f0f49d83967af0ab6af6153b8fe08,https://single-runs-api.open-meteo.com/v1/forecast,ecmwf_ifs,2026-02-04 19:00:00+00:00,43.64515,78.535604,43.620384,78.47891,2026-02-05 02:00:00+05:00
2026-02-04 19:00:00+00:00,2026-02-04 12:00:00+00:00,2026-02-04 21:00:00+00:00,2,2,0.8224823039400413,7a9f78e7185f367e,5a6bf76a458d2d6ef611,f6553f5764041ec0948b19f6f640c358194f0f49d83967af0ab6af6153b8fe08,https://single-runs-api.open-meteo.com/v1/forecast,ecmwf_ifs,2026-02-04 19:00:00+00:00,43.643198,78.538828,43.620384,78.47891,2026-02-05 02:00:00+05:00
2026-02-04 19:00:00+00:00,2026-02-04 12:00:00+00:00,2026-02-04 22:00:00+00:00,1,3,0.9315902102550838,7a9f78e7185f367e,5a6bf76a458d2d6ef611,f6553f5764041ec0948b19f6f640c358194f0f49d83967af0ab6af6153b8fe08,https://single-runs-api.open-meteo.com/v1/forecast,ecmwf_ifs,2026-02-04 19:00:00+00:00,43.64515,78.535604,43.620384,78.47891,2026-02-05 03:00:00+05:00
2026-02-04 19:00:00+00:00,2026-02-04 12:00:00+00:00,2026-02-04 22:00:00+00:00,2,3,0.9251232171684808,7a9f78e7185f367e,5a6bf76a458d2d6ef611,f6553f5764041ec0948b19f6f640c358194f0f49d83967af0ab6af6153b8fe08,https://single-runs-api.open-meteo.com/v1/forecast,ecmwf_ifs,2026-02-04 19:00:00+00:00,43.643198,78.538828,43.620384,78.47891,2026-02-05 03:00:00+05:00
2026-02-04 19:00:00+00:00,2026-02-04 12:00:00+00:00,2026-02-04 23:00:00+00:00,1,4,0.963453795649233,7a9f78e7185f367e,5a6bf76a458d2d6ef611,f6553f5764041ec0948b19f6f640c358194f0f49d83967af0ab6af6153b8fe08,https://single-runs-api.open-meteo.com/v1/forecast,ecmwf_ifs,2026-02-04 19:00:00+00:00,43.64515,78.535604,43.620384,78.47891,2026-02-05 04:00:00+05:00
2026-02-04 19:00:00+00:00,2026-02-04 12:00:00+00:00,2026-02-04 23:00:00+00:00,2,4,0.9539056067665566,7a9f78e7185f367e,5a6bf76a458d2d6ef611,f6553f5764041ec0948b19f6f640c358194f0f49d83967af0ab6af6153b8fe08,https://single-runs-api.open-meteo.com/v1/forecast,ecmwf_ifs,2026-02-04 19:00:00+00:00,43.643198,78.538828,43.620384,78.47891,2026-02-05 04:00:00+05:00
2026-02-04 19:00:00+00:00,2026-02-04 12:00:00+00:00,2026-02-05 00:00:00+00:00,1,5,0.962643218871576,7a9f78e7185f367e,5a6bf76a458d2d6ef611,f6553f5764041ec0948b19f6f640c358194f0f49d83967af0ab6af6153b8fe08,https://single-runs-api.open-meteo.com/v1/forecast,ecmwf_ifs,2026-02-04 19:00:00+00:00,43.64515,78.535604,43.620384,78.47891,2026-02-05 05:00:00+05:00
2026-02-04 19:00:00+00:00,2026-02-04 12:00:00+00:00,2026-02-05 00:00:00+00:00,2,5,0.9525565327445884,7a9f78e7185f367e,5a6bf76a458d2d6ef611,f6553f5764041ec0948b19f6f640c358194f0f49d83967af0ab6af6153b8fe08,https://single-runs-api.open-meteo.com/v1/forecast,ecmwf_ifs,2026-02-04 19:00:00+00:00,43.643198,78.538828,43.620384,78.47891,2026-02-05 05:00:00+05:00
2026-02-04 19:00:00+00:00,2026-02-04 12:00:00+00:00,2026-02-05 01:00:00+00:00,1,6,0.969847856297232,7a9f78e7185f367e,5a6bf76a458d2d6ef611,f6553f5764041ec0948b19f6f640c358194f0f49d83967af0ab6af6153b8fe08,https://single-runs-api.open-meteo.com/v1/forecast,ecmwf_ifs,2026-02-04 19:00:00+00:00,43.64515,78.535604,43.620384,78.47891,2026-02-05 06:00:00+05:00
2026-02-04 19:00:00+00:00,2026-02-04 12:00:00+00:00,2026-02-05 01:00:00+00:00,2,6,0.9575911546432097,7a9f78e7185f367e,5a6bf76a458d2d6ef611,f6553f5764041ec0948b19f6f640c358194f0f49d83967af0ab6af6153b8fe08,https://single-runs-api.open-meteo.com/v1/forecast,ecmwf_ifs,2026-02-04 19:00:00+00:00,43.643198,78.538828,43.620384,78.47891,2026-02-05 06:00:00+05:00
2026-02-04 19:00:00+00:00,2026-02-04 12:00:00+00:00,2026-02-05 02:00:00+00:00,1,7,0.972475984679681,7a9f78e7185f367e,5a6bf76a458d2d6ef611,f6553f5764041ec0948b19f6f640c358194f0f49d83967af0ab6af6153b8fe08,https://single-runs-api.open-meteo.com/v1/forecast,ecmwf_ifs,2026-02-04 19:00:00+00:00,43.64515,78.535604,43.620384,78.47891,2026-02-05 07:00:00+05:00
2026-02-04 19:00:00+00:00,2026-02-04 12:00:00+00:00,2026-02-05 02:00:00+00:00,2,7,0.9585484628965308,7a9f78e7185f367e,5a6bf76a458d2d6ef611,f6553f5764041ec0948b19f6f640c358194f0f49d83967af0ab6af6153b8fe08,https://single-runs-api.open-meteo.com/v1/forecast,ecmwf_ifs,2026-02-04 19:00:00+00:00,43.643198,78.538828,43.620384,78.47891,2026-02-05 07:00:00+05:00
2026-02-04 19:00:00+00:00,2026-02-04 12:00:00+00:00,2026-02-05 03:00:00+00:00,1,8,0.9804034310621864,7a9f78e7185f367e,5a6bf76a458d2d6ef611,f6553f5764041ec0948b19f6f640c358194f0f49d83967af0ab6af6153b8fe08,https://single-runs-api.open-meteo.com/v1/forecast,ecmwf_ifs,2026-02-04 19:00:00+00:00,43.64515,78.535604,43.620384,78.47891,2026-02-05 08:00:00+05:00
2026-02-04 19:00:00+00:00,2026-02-04 12:00:00+00:00,2026-02-05 03:00:00+00:00,2,8,0.9675395392849376,7a9f78e7185f367e,5a6bf76a458d2d6ef611,f6553f5764041ec0948b19f6f640c358194f0f49d83967af0ab6af6153b8fe08,https://single-runs-api.open-meteo.com/v1/forecast,ecmwf_ifs,2026-02-04 19:00:00+00:00,43.643198,78.538828,43.620384,78.47891,2026-02-05 08:00:00+05:00
2026-02-04 19:00:00+00:00,2026-02-04 12:00:00+00:00,2026-02-05 04:00:00+00:00,1,9,0.9819708333716698,7a9f78e7185f367e,5a6bf76a458d2d6ef611,f6553f5764041ec0948b19f6f640c358194f0f49d83967af0ab6af6153b8fe08,https://single-runs-api.open-meteo.com/v1/forecast,ecmwf_ifs,2026-02-04 19:00:00+00:00,43.64515,78.535604,43.620384,78.47891,2026-02-05 09:00:00+05:00
2026-02-04 19:00:00+00:00,2026-02-04 12:00:00+00:00,2026-02-05 04:00:00+00:00,2,9,0.9696297503500084,7a9f78e7185f367e,5a6bf76a458d2d6ef611,f6553f5764041ec0948b19f6f640c358194f0f49d83967af0ab6af6153b8fe08,https://single-runs-api.open-meteo.com/v1/forecast,ecmwf_ifs,2026-02-04 19:00:00+00:00,43.643198,78.538828,43.620384,78.47891,2026-02-05 09:00:00+05:00
2026-02-04 19:00:00+00:00,2026-02-04 12:00:00+00:00,2026-02-05 05:00:00+00:00,1,10,0.980653029267565,7a9f78e7185f367e,5a6bf76a458d2d6ef611,f6553f5764041ec0948b19f6f640c358194f0f49d83967af0ab6af6153b8fe08,https://single-runs-api.open-meteo.com/v1/forecast,ecmwf_ifs,2026-02-04 19:00:00+00:00,43.64515,78.535604,43.620384,78.47891,2026-02-05 10:00:00+05:00
2026-02-04 19:00:00+00:00,2026-02-04 12:00:00+00:00,2026-02-05 05:00:00+00:00,2,10,0.9665103819390564,7a9f78e7185f367e,5a6bf76a458d2d6ef611,f6553f5764041ec0948b19f6f640c358194f0f49d83967af0ab6af6153b8fe08,https://single-runs-api.open-meteo.com/v1/forecast,ecmwf_ifs,2026-02-04 19:00:00+00:00,43.643198,78.538828,43.620384,78.47891,2026-02-05 10:00:00+05:00
2026-02-04 19:00:00+00:00,2026-02-04 12:00:00+00:00,2026-02-05 06:00:00+00:00,1,11,0.9847110559133728,7a9f78e7185f367e,5a6bf76a458d2d6ef611,f6553f5764041ec0948b19f6f640c358194f0f49d83967af0ab6af6153b8fe08,https://single-runs-api.open-meteo.com/v1/forecast,ecmwf_ifs,2026-02-04 19:00:00+00:00,43.64515,78.535604,43.620384,78.47891,2026-02-05 11:00:00+05:00
2026-02-04 19:00:00+00:00,2026-02-04 12:00:00+00:00,2026-02-05 06:00:00+00:00,2,11,0.9704930219904044,7a9f78e7185f367e,5a6bf76a458d2d6ef611,f6553f5764041ec0948b19f6f640c358194f0f49d83967af0ab6af6153b8fe08,https://single-runs-api.open-meteo.com/v1/forecast,ecmwf_ifs,2026-02-04 19:00:00+00:00,43.643198,78.538828,43.620384,78.47891,2026-02-05 11:00:00+05:00
2026-02-04 19:00:00+00:00,2026-02-04 12:00:00+00:00,2026-02-05 07:00:00+00:00,1,12,0.9837907574516008,7a9f78e7185f367e,5a6bf76a458d2d6ef611,f6553f5764041ec0948b19f6f640c358194f0f49d83967af0ab6af6153b8fe08,https://single-runs-api.open-meteo.com/v1/forecast,ecmwf_ifs,2026-02-04 19:00:00+00:00,43.64515,78.535604,43.620384,78.47891,2026-02-05 12:00:00+05:00
2026-02-04 19:00:00+00:00,2026-02-04 12:00:00+00:00,2026-02-05 07:00:00+00:00,2,12,0.969852556224158,7a9f78e7185f367e,5a6bf76a458d2d6ef611,f6553f5764041ec0948b19f6f640c358194f0f49d83967af0ab6af6153b8fe08,https://single-runs-api.open-meteo.com/v1/forecast,ecmwf_ifs,2026-02-04 19:00:00+00:00,43.643198,78.538828,43.620384,78.47891,2026-02-05 12:00:00+05:00
2026-02-04 19:00:00+00:00,2026-02-04 12:00:00+00:00,2026-02-05 08:00:00+00:00,1,13,0.9864743865529778,7a9f78e7185f367e,5a6bf76a458d2d6ef611,f6553f5764041ec0948b19f6f640c358194f0f49d83967af0ab6af6153b8fe08,https://single-runs-api.open-meteo.com/v1/forecast,ecmwf_ifs,2026-02-04 19:00:00+00:00,43.64515,78.535604,43.620384,78.47891,2026-02-05 13:00:00+05:00
2026-02-04 19:00:00+00:00,2026-02-04 12:00:00+00:00,2026-02-05 08:00:00+00:00,2,13,0.975381429117784,7a9f78e7185f367e,5a6bf76a458d2d6ef611,f6553f5764041ec0948b19f6f640c358194f0f49d83967af0ab6af6153b8fe08,https://single-runs-api.open-meteo.com/v1/forecast,ecmwf_ifs,2026-02-04 19:00:00+00:00,43.643198,78.538828,43.620384,78.47891,2026-02-05 13:00:00+05:00
2026-02-04 19:00:00+00:00,2026-02-04 12:00:00+00:00,2026-02-05 09:00:00+00:00,1,14,0.9817707244175718,7a9f78e7185f367e,5a6bf76a458d2d6ef611,f6553f5764041ec0948b19f6f640c358194f0f49d83967af0ab6af6153b8fe08,https://single-runs-api.open-meteo.com/v1/forecast,ecmwf_ifs,2026-02-04 19:00:00+00:00,43.64515,78.535604,43.620384,78.47891,2026-02-05 14:00:00+05:00
2026-02-04 19:00:00+00:00,2026-02-04 12:00:00+00:00,2026-02-05 09:00:00+00:00,2,14,0.9763091641159286,7a9f78e7185f367e,5a6bf76a458d2d6ef611,f6553f5764041ec0948b19f6f640c358194f0f49d83967af0ab6af6153b8fe08,https://single-runs-api.open-meteo.com/v1/forecast,ecmwf_ifs,2026-02-04 19:00:00+00:00,43.643198,78.538828,43.620384,78.47891,2026-02-05 14:00:00+05:00
2026-02-04 19:00:00+00:00,2026-02-04 12:00:00+00:00,2026-02-05 10:00:00+00:00,1,15,0.9556931801074732,7a9f78e7185f367e,5a6bf76a458d2d6ef611,f6553f5764041ec0948b19f6f640c358194f0f49d83967af0ab6af6153b8fe08,https://single-runs-api.open-meteo.com/v1/forecast,ecmwf_ifs,2026-02-04 19:00:00+00:00,43.64515,78.535604,43.620384,78.47891,2026-02-05 15:00:00+05:00
2026-02-04 19:00:00+00:00,2026-02-04 12:00:00+00:00,2026-02-05 10:00:00+00:00,2,15,0.9531865239832706,7a9f78e7185f367e,5a6bf76a458d2d6ef611,f6553f5764041ec0948b19f6f640c358194f0f49d83967af0ab6af6153b8fe08,https://single-runs-api.open-meteo.com/v1/forecast,ecmwf_ifs,2026-02-04 19:00:00+00:00,43.643198,78.538828,43.620384,78.47891,2026-02-05 15:00:00+05:00
2026-02-04 19:00:00+00:00,2026-02-04 12:00:00+00:00,2026-02-05 11:00:00+00:00,1,16,0.8628282550584188,7a9f78e7185f367e,5a6bf76a458d2d6ef611,f6553f5764041ec0948b19f6f640c358194f0f49d83967af0ab6af6153b8fe08,https://single-runs-api.open-meteo.com/v1/forecast,ecmwf_ifs,2026-02-04 19:00:00+00:00,43.64515,78.535604,43.620384,78.47891,2026-02-05 16:00:00+05:00
2026-02-04 19:00:00+00:00,2026-02-04 12:00:00+00:00,2026-02-05 11:00:00+00:00,2,16,0.8586294768706619,7a9f78e7185f367e,5a6bf76a458d2d6ef611,f6553f5764041ec0948b19f6f640c358194f0f49d83967af0ab6af6153b8fe08,https://single-runs-api.open-meteo.com/v1/forecast,ecmwf_ifs,2026-02-04 19:00:00+00:00,43.643198,78.538828,43.620384,78.47891,2026-02-05 16:00:00+05:00
2026-02-04 19:00:00+00:00,2026-02-04 12:00:00+00:00,2026-02-05 12:00:00+00:00,1,17,0.7540540861582689,7a9f78e7185f367e,5a6bf76a458d2d6ef611,f6553f5764041ec0948b19f6f640c358194f0f49d83967af0ab6af6153b8fe08,https://single-runs-api.open-meteo.com/v1/forecast,ecmwf_ifs,2026-02-04 19:00:00+00:00,43.64515,78.535604,43.620384,78.47891,2026-02-05 17:00:00+05:00
2026-02-04 19:00:00+00:00,2026-02-04 12:00:00+00:00,2026-02-05 12:00:00+00:00,2,17,0.7494223555953535,7a9f78e7185f367e,5a6bf76a458d2d6ef611,f6553f5764041ec0948b19f6f640c358194f0f49d83967af0ab6af6153b8fe08,https://single-runs-api.open-meteo.com/v1/forecast,ecmwf_ifs,2026-02-04 19:00:00+00:00,43.643198,78.538828,43.620384,78.47891,2026-02-05 17:00:00+05:00
2026-02-04 19:00:00+00:00,2026-02-04 12:00:00+00:00,2026-02-05 13:00:00+00:00,1,18,0.581400306053403,7a9f78e7185f367e,5a6bf76a458d2d6ef611,f6553f5764041ec0948b19f6f640c358194f0f49d83967af0ab6af6153b8fe08,https://single-runs-api.open-meteo.com/v1/forecast,ecmwf_ifs,2026-02-04 19:00:00+00:00,43.64515,78.535604,43.620384,78.47891,2026-02-05 18:00:00+05:00
2026-02-04 19:00:00+00:00,2026-02-04 12:00:00+00:00,2026-02-05 13:00:00+00:00,2,18,0.5758738985789917,7a9f78e7185f367e,5a6bf76a458d2d6ef611,f6553f5764041ec0948b19f6f640c358194f0f49d83967af0ab6af6153b8fe08,https://single-runs-api.open-meteo.com/v1/forecast,ecmwf_ifs,2026-02-04 19:00:00+00:00,43.643198,78.538828,43.620384,78.47891,2026-02-05 18:00:00+05:00
2026-02-04 19:00:00+00:00,2026-02-04 12:00:00+00:00,2026-02-05 14:00:00+00:00,1,19,0.5886618391701104,7a9f78e7185f367e,5a6bf76a458d2d6ef611,f6553f5764041ec0948b19f6f640c358194f0f49d83967af0ab6af6153b8fe08,https://single-runs-api.open-meteo.com/v1/forecast,ecmwf_ifs,2026-02-04 19:00:00+00:00,43.64515,78.535604,43.620384,78.47891,2026-02-05 19:00:00+05:00
2026-02-04 19:00:00+00:00,2026-02-04 12:00:00+00:00,2026-02-05 14:00:00+00:00,2,19,0.583692945569835,7a9f78e7185f367e,5a6bf76a458d2d6ef611,f6553f5764041ec0948b19f6f640c358194f0f49d83967af0ab6af6153b8fe08,https://single-runs-api.open-meteo.com/v1/forecast,ecmwf_ifs,2026-02-04 19:00:00+00:00,43.643198,78.538828,43.620384,78.47891,2026-02-05 19:00:00+05:00
2026-02-04 19:00:00+00:00,2026-02-04 12:00:00+00:00,2026-02-05 15:00:00+00:00,1,20,0.591187187587092,7a9f78e7185f367e,5a6bf76a458d2d6ef611,f6553f5764041ec0948b19f6f640c358194f0f49d83967af0ab6af6153b8fe08,https://single-runs-api.open-meteo.com/v1/forecast,ecmwf_ifs,2026-02-04 19:00:00+00:00,43.64515,78.535604,43.620384,78.47891,2026-02-05 20:00:00+05:00
2026-02-04 19:00:00+00:00,2026-02-04 12:00:00+00:00,2026-02-05 15:00:00+00:00,2,20,0.5863347984336096,7a9f78e7185f367e,5a6bf76a458d2d6ef611,f6553f5764041ec0948b19f6f640c358194f0f49d83967af0ab6af6153b8fe08,https://single-runs-api.open-meteo.com/v1/forecast,ecmwf_ifs,2026-02-04 19:00:00+00:00,43.643198,78.538828,43.620384,78.47891,2026-02-05 20:00:00+05:00
2026-02-04 19:00:00+00:00,2026-02-04 12:00:00+00:00,2026-02-05 16:00:00+00:00,1,21,0.5712352717001137,7a9f78e7185f367e,5a6bf76a458d2d6ef611,f6553f5764041ec0948b19f6f640c358194f0f49d83967af0ab6af6153b8fe08,https://single-runs-api.open-meteo.com/v1/forecast,ecmwf_ifs,2026-02-04 19:00:00+00:00,43.64515,78.535604,43.620384,78.47891,2026-02-05 21:00:00+05:00
2026-02-04 19:00:00+00:00,2026-02-04 12:00:00+00:00,2026-02-05 16:00:00+00:00,2,21,0.5661460366640769,7a9f78e7185f367e,5a6bf76a458d2d6ef611,f6553f5764041ec0948b19f6f640c358194f0f49d83967af0ab6af6153b8fe08,https://single-runs-api.open-meteo.com/v1/forecast,ecmwf_ifs,2026-02-04 19:00:00+00:00,43.643198,78.538828,43.620384,78.47891,2026-02-05 21:00:00+05:00
2026-02-04 19:00:00+00:00,2026-02-04 12:00:00+00:00,2026-02-05 17:00:00+00:00,1,22,0.4957693233360521,7a9f78e7185f367e,5a6bf76a458d2d6ef611,f6553f5764041ec0948b19f6f640c358194f0f49d83967af0ab6af6153b8fe08,https://single-runs-api.open-meteo.com/v1/forecast,ecmwf_ifs,2026-02-04 19:00:00+00:00,43.64515,78.535604,43.620384,78.47891,2026-02-05 22:00:00+05:00
2026-02-04 19:00:00+00:00,2026-02-04 12:00:00+00:00,2026-02-05 17:00:00+00:00,2,22,0.4899744390759621,7a9f78e7185f367e,5a6bf76a458d2d6ef611,f6553f5764041ec0948b19f6f640c358194f0f49d83967af0ab6af6153b8fe08,https://single-runs-api.open-meteo.com/v1/forecast,ecmwf_ifs,2026-02-04 19:00:00+00:00,43.643198,78.538828,43.620384,78.47891,2026-02-05 22:00:00+05:00
2026-02-04 19:00:00+00:00,2026-02-04 12:00:00+00:00,2026-02-05 18:00:00+00:00,1,23,0.4030709036590493,7a9f78e7185f367e,5a6bf76a458d2d6ef611,f6553f5764041ec0948b19f6f640c358194f0f49d83967af0ab6af6153b8fe08,https://single-runs-api.open-meteo.com/v1/forecast,ecmwf_ifs,2026-02-04 19:00:00+00:00,43.64515,78.535604,43.620384,78.47891,2026-02-05 23:00:00+05:00
2026-02-04 19:00:00+00:00,2026-02-04 12:00:00+00:00,2026-02-05 18:00:00+00:00,2,23,0.3978366104908696,7a9f78e7185f367e,5a6bf76a458d2d6ef611,f6553f5764041ec0948b19f6f640c358194f0f49d83967af0ab6af6153b8fe08,https://single-runs-api.open-meteo.com/v1/forecast,ecmwf_ifs,2026-02-04 19:00:00+00:00,43.643198,78.538828,43.620384,78.47891,2026-02-05 23:00:00+05:00
2026-02-04 19:00:00+00:00,2026-02-04 12:00:00+00:00,2026-02-05 19:00:00+00:00,1,24,0.3499387884479435,7a9f78e7185f367e,5a6bf76a458d2d6ef611,f6553f5764041ec0948b19f6f640c358194f0f49d83967af0ab6af6153b8fe08,https://single-runs-api.open-meteo.com/v1/forecast,ecmwf_ifs,2026-02-04 19:00:00+00:00,43.64515,78.535604,43.620384,78.47891,2026-02-06 00:00:00+05:00
2026-02-04 19:00:00+00:00,2026-02-04 12:00:00+00:00,2026-02-05 19:00:00+00:00,2,24,0.3445134186079064,7a9f78e7185f367e,5a6bf76a458d2d6ef611,f6553f5764041ec0948b19f6f640c358194f0f49d83967af0ab6af6153b8fe08,https://single-runs-api.open-meteo.com/v1/forecast,ecmwf_ifs,2026-02-04 19:00:00+00:00,43.643198,78.538828,43.620384,78.47891,2026-02-06 00:00:00+05:00
2026-02-05 19:00:00+00:00,2026-02-05 12:00:00+00:00,2026-02-05 20:00:00+00:00,1,1,0.1334773128243949,7a9f78e7185f367e,bac45252b354618f50e0,c94b0001ae6647f49aafb2094fba5d8461b485f236e6e5fba0ce52e15947b099,https://single-runs-api.open-meteo.com/v1/forecast,ecmwf_ifs,2026-02-05 19:00:00+00:00,43.64515,78.535604,43.620384,78.47891,2026-02-06 01:00:00+05:00
2026-02-05 19:00:00+00:00,2026-02-05 12:00:00+00:00,2026-02-05 20:00:00+00:00,2,1,0.1272860304657605,7a9f78e7185f367e,bac45252b354618f50e0,c94b0001ae6647f49aafb2094fba5d8461b485f236e6e5fba0ce52e15947b099,https://single-runs-api.open-meteo.com/v1/forecast,ecmwf_ifs,2026-02-05 19:00:00+00:00,43.643198,78.538828,43.620384,78.47891,2026-02-06 01:00:00+05:00
2026-02-05 19:00:00+00:00,2026-02-05 12:00:00+00:00,2026-02-05 21:00:00+00:00,1,2,0.1275173997787968,7a9f78e7185f367e,bac45252b354618f50e0,c94b0001ae6647f49aafb2094fba5d8461b485f236e6e5fba0ce52e15947b099,https://single-runs-api.open-meteo.com/v1/forecast,ecmwf_ifs,2026-02-05 19:00:00+00:00,43.64515,78.535604,43.620384,78.47891,2026-02-06 02:00:00+05:00
2026-02-05 19:00:00+00:00,2026-02-05 12:00:00+00:00,2026-02-05 21:00:00+00:00,2,2,0.1219245673198723,7a9f78e7185f367e,bac45252b354618f50e0,c94b0001ae6647f49aafb2094fba5d8461b485f236e6e5fba0ce52e15947b099,https://single-runs-api.open-meteo.com/v1/forecast,ecmwf_ifs,2026-02-05 19:00:00+00:00,43.643198,78.538828,43.620384,78.47891,2026-02-06 02:00:00+05:00
2026-02-05 19:00:00+00:00,2026-02-05 12:00:00+00:00,2026-02-05 22:00:00+00:00,1,3,0.1138518852806114,7a9f78e7185f367e,bac45252b354618f50e0,c94b0001ae6647f49aafb2094fba5d8461b485f236e6e5fba0ce52e15947b099,https://single-runs-api.open-meteo.com/v1/forecast,ecmwf_ifs,2026-02-05 19:00:00+00:00,43.64515,78.535604,43.620384,78.47891,2026-02-06 03:00:00+05:00
2026-02-05 19:00:00+00:00,2026-02-05 12:00:00+00:00,2026-02-05 22:00:00+00:00,2,3,0.1075992185048353,7a9f78e7185f367e,bac45252b354618f50e0,c94b0001ae6647f49aafb2094fba5d8461b485f236e6e5fba0ce52e15947b099,https://single-runs-api.open-meteo.com/v1/forecast,ecmwf_ifs,2026-02-05 19:00:00+00:00,43.643198,78.538828,43.620384,78.47891,2026-02-06 03:00:00+05:00
2026-02-05 19:00:00+00:00,2026-02-05 12:00:00+00:00,2026-02-05 23:00:00+00:00,1,4,0.1433718391681616,7a9f78e7185f367e,bac45252b354618f50e0,c94b0001ae6647f49aafb2094fba5d8461b485f236e6e5fba0ce52e15947b099,https://single-runs-api.open-meteo.com/v1/forecast,ecmwf_ifs,2026-02-05 19:00:00+00:00,43.64515,78.535604,43.620384,78.47891,2026-02-06 04:00:00+05:00
2026-02-05 19:00:00+00:00,2026-02-05 12:00:00+00:00,2026-02-05 23:00:00+00:00,2,4,0.1373081601214336,7a9f78e7185f367e,bac45252b354618f50e0,c94b0001ae6647f49aafb2094fba5d8461b485f236e6e5fba0ce52e15947b099,https://single-runs-api.open-meteo.com/v1/forecast,ecmwf_ifs,2026-02-05 19:00:00+00:00,43.643198,78.538828,43.620384,78.47891,2026-02-06 04:00:00+05:00
2026-02-05 19:00:00+00:00,2026-02-05 12:00:00+00:00,2026-02-06 00:00:00+00:00,1,5,0.0890856370328257,7a9f78e7185f367e,bac45252b354618f50e0,c94b0001ae6647f49aafb2094fba5d8461b485f236e6e5fba0ce52e15947b099,https://single-runs-api.open-meteo.com/v1/forecast,ecmwf_ifs,2026-02-05 19:00:00+00:00,43.64515,78.535604,43.620384,78.47891,2026-02-06 05:00:00+05:00
2026-02-05 19:00:00+00:00,2026-02-05 12:00:00+00:00,2026-02-06 00:00:00+00:00,2,5,0.0855783664615037,7a9f78e7185f367e,bac45252b354618f50e0,c94b0001ae6647f49aafb2094fba5d8461b485f236e6e5fba0ce52e15947b099,https://single-runs-api.open-meteo.com/v1/forecast,ecmwf_ifs,2026-02-05 19:00:00+00:00,43.643198,78.538828,43.620384,78.47891,2026-02-06 05:00:00+05:00
2026-02-05 19:00:00+00:00,2026-02-05 12:00:00+00:00,2026-02-06 01:00:00+00:00,1,6,0.0453321574706656,7a9f78e7185f367e,bac45252b354618f50e0,c94b0001ae6647f49aafb2094fba5d8461b485f236e6e5fba0ce52e15947b099,https://single-runs-api.open-meteo.com/v1/forecast,ecmwf_ifs,2026-02-05 19:00:00+00:00,43.64515,78.535604,43.620384,78.47891,2026-02-06 06:00:00+05:00
2026-02-05 19:00:00+00:00,2026-02-05 12:00:00+00:00,2026-02-06 01:00:00+00:00,2,6,0.0436877936492068,7a9f78e7185f367e,bac45252b354618f50e0,c94b0001ae6647f49aafb2094fba5d8461b485f236e6e5fba0ce52e15947b099,https://single-runs-api.open-meteo.com/v1/forecast,ecmwf_ifs,2026-02-05 19:00:00+00:00,43.643198,78.538828,43.620384,78.47891,2026-02-06 06:00:00+05:00
2026-02-05 19:00:00+00:00,2026-02-05 12:00:00+00:00,2026-02-06 02:00:00+00:00,1,7,0.2667517169181021,7a9f78e7185f367e,bac45252b354618f50e0,c94b0001ae6647f49aafb2094fba5d8461b485f236e6e5fba0ce52e15947b099,https://single-runs-api.open-meteo.com/v1/forecast,ecmwf_ifs,2026-02-05 19:00:00+00:00,43.64515,78.535604,43.620384,78.47891,2026-02-06 07:00:00+05:00
2026-02-05 19:00:00+00:00,2026-02-05 12:00:00+00:00,2026-02-06 02:00:00+00:00,2,7,0.2640304080106072,7a9f78e7185f367e,bac45252b354618f50e0,c94b0001ae6647f49aafb2094fba5d8461b485f236e6e5fba0ce52e15947b099,https://single-runs-api.open-meteo.com/v1/forecast,ecmwf_ifs,2026-02-05 19:00:00+00:00,43.643198,78.538828,43.620384,78.47891,2026-02-06 07:00:00+05:00
2026-02-05 19:00:00+00:00,2026-02-05 12:00:00+00:00,2026-02-06 03:00:00+00:00,1,8,0.3885704755828826,7a9f78e7185f367e,bac45252b354618f50e0,c94b0001ae6647f49aafb2094fba5d8461b485f236e6e5fba0ce52e15947b099,https://single-runs-api.open-meteo.com/v1/forecast,ecmwf_ifs,2026-02-05 19:00:00+00:00,43.64515,78.535604,43.620384,78.47891,2026-02-06 08:00:00+05:00
2026-02-05 19:00:00+00:00,2026-02-05 12:00:00+00:00,2026-02-06 03:00:00+00:00,2,8,0.3861867990588243,7a9f78e7185f367e,bac45252b354618f50e0,c94b0001ae6647f49aafb2094fba5d8461b485f236e6e5fba0ce52e15947b099,https://single-runs-api.open-meteo.com/v1/forecast,ecmwf_ifs,2026-02-05 19:00:00+00:00,43.643198,78.538828,43.620384,78.47891,2026-02-06 08:00:00+05:00
2026-02-05 19:00:00+00:00,2026-02-05 12:00:00+00:00,2026-02-06 04:00:00+00:00,1,9,0.3492400053125406,7a9f78e7185f367e,bac45252b354618f50e0,c94b0001ae6647f49aafb2094fba5d8461b485f236e6e5fba0ce52e15947b099,https://single-runs-api.open-meteo.com/v1/forecast,ecmwf_ifs,2026-02-05 19:00:00+00:00,43.64515,78.535604,43.620384,78.47891,2026-02-06 09:00:00+05:00
2026-02-05 19:00:00+00:00,2026-02-05 12:00:00+00:00,2026-02-06 04:00:00+00:00,2,9,0.346767330710626,7a9f78e7185f367e,bac45252b354618f50e0,c94b0001ae6647f49aafb2094fba5d8461b485f236e6e5fba0ce52e15947b099,https://single-runs-api.open-meteo.com/v1/forecast,ecmwf_ifs,2026-02-05 19:00:00+00:00,43.643198,78.538828,43.620384,78.47891,2026-02-06 09:00:00+05:00
2026-02-05 19:00:00+00:00,2026-02-05 12:00:00+00:00,2026-02-06 05:00:00+00:00,1,10,0.2387583191327629,7a9f78e7185f367e,bac45252b354618f50e0,c94b0001ae6647f49aafb2094fba5d8461b485f236e6e5fba0ce52e15947b099,https://single-runs-api.open-meteo.com/v1/forecast,ecmwf_ifs,2026-02-05 19:00:00+00:00,43.64515,78.535604,43.620384,78.47891,2026-02-06 10:00:00+05:00
2026-02-05 19:00:00+00:00,2026-02-05 12:00:00+00:00,2026-02-06 05:00:00+00:00,2,10,0.2354963165923371,7a9f78e7185f367e,bac45252b354618f50e0,c94b0001ae6647f49aafb2094fba5d8461b485f236e6e5fba0ce52e15947b099,https://single-runs-api.open-meteo.com/v1/forecast,ecmwf_ifs,2026-02-05 19:00:00+00:00,43.643198,78.538828,43.620384,78.47891,2026-02-06 10:00:00+05:00
2026-02-05 19:00:00+00:00,2026-02-05 12:00:00+00:00,2026-02-06 06:00:00+00:00,1,11,0.2393423575221209,7a9f78e7185f367e,bac45252b354618f50e0,c94b0001ae6647f49aafb2094fba5d8461b485f236e6e5fba0ce52e15947b099,https://single-runs-api.open-meteo.com/v1/forecast,ecmwf_ifs,2026-02-05 19:00:00+00:00,43.64515,78.535604,43.620384,78.47891,2026-02-06 11:00:00+05:00
2026-02-05 19:00:00+00:00,2026-02-05 12:00:00+00:00,2026-02-06 06:00:00+00:00,2,11,0.2331226749766824,7a9f78e7185f367e,bac45252b354618f50e0,c94b0001ae6647f49aafb2094fba5d8461b485f236e6e5fba0ce52e15947b099,https://single-runs-api.open-meteo.com/v1/forecast,ecmwf_ifs,2026-02-05 19:00:00+00:00,43.643198,78.538828,43.620384,78.47891,2026-02-06 11:00:00+05:00
2026-02-05 19:00:00+00:00,2026-02-05 12:00:00+00:00,2026-02-06 07:00:00+00:00,1,12,0.6123194383089431,7a9f78e7185f367e,bac45252b354618f50e0,c94b0001ae6647f49aafb2094fba5d8461b485f236e6e5fba0ce52e15947b099,https://single-runs-api.open-meteo.com/v1/forecast,ecmwf_ifs,2026-02-05 19:00:00+00:00,43.64515,78.535604,43.620384,78.47891,2026-02-06 12:00:00+05:00
2026-02-05 19:00:00+00:00,2026-02-05 12:00:00+00:00,2026-02-06 07:00:00+00:00,2,12,0.6074555094138926,7a9f78e7185f367e,bac45252b354618f50e0,c94b0001ae6647f49aafb2094fba5d8461b485f236e6e5fba0ce52e15947b099,https://single-runs-api.open-meteo.com/v1/forecast,ecmwf_ifs,2026-02-05 19:00:00+00:00,43.643198,78.538828,43.620384,78.47891,2026-02-06 12:00:00+05:00
2026-02-05 19:00:00+00:00,2026-02-05 12:00:00+00:00,2026-02-06 08:00:00+00:00,1,13,0.8885492700568317,7a9f78e7185f367e,bac45252b354618f50e0,c94b0001ae6647f49aafb2094fba5d8461b485f236e6e5fba0ce52e15947b099,https://single-runs-api.open-meteo.com/v1/forecast,ecmwf_ifs,2026-02-05 19:00:00+00:00,43.64515,78.535604,43.620384,78.47891,2026-02-06 13:00:00+05:00
2026-02-05 19:00:00+00:00,2026-02-05 12:00:00+00:00,2026-02-06 08:00:00+00:00,2,13,0.8812514983767994,7a9f78e7185f367e,bac45252b354618f50e0,c94b0001ae6647f49aafb2094fba5d8461b485f236e6e5fba0ce52e15947b099,https://single-runs-api.open-meteo.com/v1/forecast,ecmwf_ifs,2026-02-05 19:00:00+00:00,43.643198,78.538828,43.620384,78.47891,2026-02-06 13:00:00+05:00
2026-02-05 19:00:00+00:00,2026-02-05 12:00:00+00:00,2026-02-06 09:00:00+00:00,1,14,0.8932846818704143,7a9f78e7185f367e,bac45252b354618f50e0,c94b0001ae6647f49aafb2094fba5d8461b485f236e6e5fba0ce52e15947b099,https://single-runs-api.open-meteo.com/v1/forecast,ecmwf_ifs,2026-02-05 19:00:00+00:00,43.64515,78.535604,43.620384,78.47891,2026-02-06 14:00:00+05:00
2026-02-05 19:00:00+00:00,2026-02-05 12:00:00+00:00,2026-02-06 09:00:00+00:00,2,14,0.885787677224937,7a9f78e7185f367e,bac45252b354618f50e0,c94b0001ae6647f49aafb2094fba5d8461b485f236e6e5fba0ce52e15947b099,https://single-runs-api.open-meteo.com/v1/forecast,ecmwf_ifs,2026-02-05 19:00:00+00:00,43.643198,78.538828,43.620384,78.47891,2026-02-06 14:00:00+05:00
2026-02-05 19:00:00+00:00,2026-02-05 12:00:00+00:00,2026-02-06 10:00:00+00:00,1,15,0.9736576847563064,7a9f78e7185f367e,bac45252b354618f50e0,c94b0001ae6647f49aafb2094fba5d8461b485f236e6e5fba0ce52e15947b099,https://single-runs-api.open-meteo.com/v1/forecast,ecmwf_ifs,2026-02-05 19:00:00+00:00,43.64515,78.535604,43.620384,78.47891,2026-02-06 15:00:00+05:00
2026-02-05 19:00:00+00:00,2026-02-05 12:00:00+00:00,2026-02-06 10:00:00+00:00,2,15,0.9621475985606006,7a9f78e7185f367e,bac45252b354618f50e0,c94b0001ae6647f49aafb2094fba5d8461b485f236e6e5fba0ce52e15947b099,https://single-runs-api.open-meteo.com/v1/forecast,ecmwf_ifs,2026-02-05 19:00:00+00:00,43.643198,78.538828,43.620384,78.47891,2026-02-06 15:00:00+05:00
2026-02-05 19:00:00+00:00,2026-02-05 12:00:00+00:00,2026-02-06 11:00:00+00:00,1,16,0.985713184181734,7a9f78e7185f367e,bac45252b354618f50e0,c94b0001ae6647f49aafb2094fba5d8461b485f236e6e5fba0ce52e15947b099,https://single-runs-api.open-meteo.com/v1/forecast,ecmwf_ifs,2026-02-05 19:00:00+00:00,43.64515,78.535604,43.620384,78.47891,2026-02-06 16:00:00+05:00
2026-02-05 19:00:00+00:00,2026-02-05 12:00:00+00:00,2026-02-06 11:00:00+00:00,2,16,0.9736106548938548,7a9f78e7185f367e,bac45252b354618f50e0,c94b0001ae6647f49aafb2094fba5d8461b485f236e6e5fba0ce52e15947b099,https://single-runs-api.open-meteo.com/v1/forecast,ecmwf_ifs,2026-02-05 19:00:00+00:00,43.643198,78.538828,43.620384,78.47891,2026-02-06 16:00:00+05:00
2026-02-05 19:00:00+00:00,2026-02-05 12:00:00+00:00,2026-02-06 12:00:00+00:00,1,17,0.984395321490879,7a9f78e7185f367e,bac45252b354618f50e0,c94b0001ae6647f49aafb2094fba5d8461b485f236e6e5fba0ce52e15947b099,https://single-runs-api.open-meteo.com/v1/forecast,ecmwf_ifs,2026-02-05 19:00:00+00:00,43.64515,78.535604,43.620384,78.47891,2026-02-06 17:00:00+05:00
2026-02-05 19:00:00+00:00,2026-02-05 12:00:00+00:00,2026-02-06 12:00:00+00:00,2,17,0.9728636875713365,7a9f78e7185f367e,bac45252b354618f50e0,c94b0001ae6647f49aafb2094fba5d8461b485f236e6e5fba0ce52e15947b099,https://single-runs-api.open-meteo.com/v1/forecast,ecmwf_ifs,2026-02-05 19:00:00+00:00,43.643198,78.538828,43.620384,78.47891,2026-02-06 17:00:00+05:00
2026-02-05 19:00:00+00:00,2026-02-05 12:00:00+00:00,2026-02-06 13:00:00+00:00,1,18,0.9865679376001584,7a9f78e7185f367e,bac45252b354618f50e0,c94b0001ae6647f49aafb2094fba5d8461b485f236e6e5fba0ce52e15947b099,https://single-runs-api.open-meteo.com/v1/forecast,ecmwf_ifs,2026-02-05 19:00:00+00:00,43.64515,78.535604,43.620384,78.47891,2026-02-06 18:00:00+05:00
2026-02-05 19:00:00+00:00,2026-02-05 12:00:00+00:00,2026-02-06 13:00:00+00:00,2,18,0.9751238703850102,7a9f78e7185f367e,bac45252b354618f50e0,c94b0001ae6647f49aafb2094fba5d8461b485f236e6e5fba0ce52e15947b099,https://single-runs-api.open-meteo.com/v1/forecast,ecmwf_ifs,2026-02-05 19:00:00+00:00,43.643198,78.538828,43.620384,78.47891,2026-02-06 18:00:00+05:00
2026-02-05 19:00:00+00:00,2026-02-05 12:00:00+00:00,2026-02-06 14:00:00+00:00,1,19,0.9876858435577082,7a9f78e7185f367e,bac45252b354618f50e0,c94b0001ae6647f49aafb2094fba5d8461b485f236e6e5fba0ce52e15947b099,https://single-runs-api.open-meteo.com/v1/forecast,ecmwf_ifs,2026-02-05 19:00:00+00:00,43.64515,78.535604,43.620384,78.47891,2026-02-06 19:00:00+05:00
2026-02-05 19:00:00+00:00,2026-02-05 12:00:00+00:00,2026-02-06 14:00:00+00:00,2,19,0.9761881429004462,7a9f78e7185f367e,bac45252b354618f50e0,c94b0001ae6647f49aafb2094fba5d8461b485f236e6e5fba0ce52e15947b099,https://single-runs-api.open-meteo.com/v1/forecast,ecmwf_ifs,2026-02-05 19:00:00+00:00,43.643198,78.538828,43.620384,78.47891,2026-02-06 19:00:00+05:00
2026-02-05 19:00:00+00:00,2026-02-05 12:00:00+00:00,2026-02-06 15:00:00+00:00,1,20,0.9904694723844992,7a9f78e7185f367e,bac45252b354618f50e0,c94b0001ae6647f49aafb2094fba5d8461b485f236e6e5fba0ce52e15947b099,https://single-runs-api.open-meteo.com/v1/forecast,ecmwf_ifs,2026-02-05 19:00:00+00:00,43.64515,78.535604,43.620384,78.47891,2026-02-06 20:00:00+05:00
2026-02-05 19:00:00+00:00,2026-02-05 12:00:00+00:00,2026-02-06 15:00:00+00:00,2,20,0.9789717717272371,7a9f78e7185f367e,bac45252b354618f50e0,c94b0001ae6647f49aafb2094fba5d8461b485f236e6e5fba0ce52e15947b099,https://single-runs-api.open-meteo.com/v1/forecast,ecmwf_ifs,2026-02-05 19:00:00+00:00,43.643198,78.538828,43.620384,78.47891,2026-02-06 20:00:00+05:00
2026-02-05 19:00:00+00:00,2026-02-05 12:00:00+00:00,2026-02-06 16:00:00+00:00,1,21,0.9841318247058488,7a9f78e7185f367e,bac45252b354618f50e0,c94b0001ae6647f49aafb2094fba5d8461b485f236e6e5fba0ce52e15947b099,https://single-runs-api.open-meteo.com/v1/forecast,ecmwf_ifs,2026-02-05 19:00:00+00:00,43.64515,78.535604,43.620384,78.47891,2026-02-06 21:00:00+05:00
2026-02-05 19:00:00+00:00,2026-02-05 12:00:00+00:00,2026-02-06 16:00:00+00:00,2,21,0.9723680737274882,7a9f78e7185f367e,bac45252b354618f50e0,c94b0001ae6647f49aafb2094fba5d8461b485f236e6e5fba0ce52e15947b099,https://single-runs-api.open-meteo.com/v1/forecast,ecmwf_ifs,2026-02-05 19:00:00+00:00,43.643198,78.538828,43.620384,78.47891,2026-02-06 21:00:00+05:00
2026-02-05 19:00:00+00:00,2026-02-05 12:00:00+00:00,2026-02-06 17:00:00+00:00,1,22,0.9761498833154448,7a9f78e7185f367e,bac45252b354618f50e0,c94b0001ae6647f49aafb2094fba5d8461b485f236e6e5fba0ce52e15947b099,https://single-runs-api.open-meteo.com/v1/forecast,ecmwf_ifs,2026-02-05 19:00:00+00:00,43.64515,78.535604,43.620384,78.47891,2026-02-06 22:00:00+05:00
2026-02-05 19:00:00+00:00,2026-02-05 12:00:00+00:00,2026-02-06 17:00:00+00:00,2,22,0.9680985025420048,7a9f78e7185f367e,bac45252b354618f50e0,c94b0001ae6647f49aafb2094fba5d8461b485f236e6e5fba0ce52e15947b099,https://single-runs-api.open-meteo.com/v1/forecast,ecmwf_ifs,2026-02-05 19:00:00+00:00,43.643198,78.538828,43.620384,78.47891,2026-02-06 22:00:00+05:00
2026-02-05 19:00:00+00:00,2026-02-05 12:00:00+00:00,2026-02-06 18:00:00+00:00,1,23,0.9486492403634228,7a9f78e7185f367e,bac45252b354618f50e0,c94b0001ae6647f49aafb2094fba5d8461b485f236e6e5fba0ce52e15947b099,https://single-runs-api.open-meteo.com/v1/forecast,ecmwf_ifs,2026-02-05 19:00:00+00:00,43.64515,78.535604,43.620384,78.47891,2026-02-06 23:00:00+05:00
2026-02-05 19:00:00+00:00,2026-02-05 12:00:00+00:00,2026-02-06 18:00:00+00:00,2,23,0.941784704515626,7a9f78e7185f367e,bac45252b354618f50e0,c94b0001ae6647f49aafb2094fba5d8461b485f236e6e5fba0ce52e15947b099,https://single-runs-api.open-meteo.com/v1/forecast,ecmwf_ifs,2026-02-05 19:00:00+00:00,43.643198,78.538828,43.620384,78.47891,2026-02-06 23:00:00+05:00
2026-02-05 19:00:00+00:00,2026-02-05 12:00:00+00:00,2026-02-06 19:00:00+00:00,1,24,0.8036947668830864,7a9f78e7185f367e,bac45252b354618f50e0,c94b0001ae6647f49aafb2094fba5d8461b485f236e6e5fba0ce52e15947b099,https://single-runs-api.open-meteo.com/v1/forecast,ecmwf_ifs,2026-02-05 19:00:00+00:00,43.64515,78.535604,43.620384,78.47891,2026-02-07 00:00:00+05:00
2026-02-05 19:00:00+00:00,2026-02-05 12:00:00+00:00,2026-02-06 19:00:00+00:00,2,24,0.7973568590503738,7a9f78e7185f367e,bac45252b354618f50e0,c94b0001ae6647f49aafb2094fba5d8461b485f236e6e5fba0ce52e15947b099,https://single-runs-api.open-meteo.com/v1/forecast,ecmwf_ifs,2026-02-05 19:00:00+00:00,43.643198,78.538828,43.620384,78.47891,2026-02-07 00:00:00+05:00
2026-02-06 19:00:00+00:00,2026-02-06 12:00:00+00:00,2026-02-06 20:00:00+00:00,1,1,0.8808038956135901,7a9f78e7185f367e,69c47344ac9e45c2a5db,d6a7c82ed2d013e8ed4f3a7f1fc46fc2511ae3895e8c648ea681bdc0b971c901,https://single-runs-api.open-meteo.com/v1/forecast,ecmwf_ifs,2026-02-06 19:00:00+00:00,43.64515,78.535604,43.620384,78.47891,2026-02-07 01:00:00+05:00
2026-02-06 19:00:00+00:00,2026-02-06 12:00:00+00:00,2026-02-06 20:00:00+00:00,2,1,0.8777521365116082,7a9f78e7185f367e,69c47344ac9e45c2a5db,d6a7c82ed2d013e8ed4f3a7f1fc46fc2511ae3895e8c648ea681bdc0b971c901,https://single-runs-api.open-meteo.com/v1/forecast,ecmwf_ifs,2026-02-06 19:00:00+00:00,43.643198,78.538828,43.620384,78.47891,2026-02-07 01:00:00+05:00
2026-02-06 19:00:00+00:00,2026-02-06 12:00:00+00:00,2026-02-06 21:00:00+00:00,1,2,0.7874065450502657,7a9f78e7185f367e,69c47344ac9e45c2a5db,d6a7c82ed2d013e8ed4f3a7f1fc46fc2511ae3895e8c648ea681bdc0b971c901,https://single-runs-api.open-meteo.com/v1/forecast,ecmwf_ifs,2026-02-06 19:00:00+00:00,43.64515,78.535604,43.620384,78.47891,2026-02-07 02:00:00+05:00
2026-02-06 19:00:00+00:00,2026-02-06 12:00:00+00:00,2026-02-06 21:00:00+00:00,2,2,0.783808902025657,7a9f78e7185f367e,69c47344ac9e45c2a5db,d6a7c82ed2d013e8ed4f3a7f1fc46fc2511ae3895e8c648ea681bdc0b971c901,https://single-runs-api.open-meteo.com/v1/forecast,ecmwf_ifs,2026-02-06 19:00:00+00:00,43.643198,78.538828,43.620384,78.47891,2026-02-07 02:00:00+05:00
2026-02-06 19:00:00+00:00,2026-02-06 12:00:00+00:00,2026-02-06 22:00:00+00:00,1,3,0.576463572293459,7a9f78e7185f367e,69c47344ac9e45c2a5db,d6a7c82ed2d013e8ed4f3a7f1fc46fc2511ae3895e8c648ea681bdc0b971c901,https://single-runs-api.open-meteo.com/v1/forecast,ecmwf_ifs,2026-02-06 19:00:00+00:00,43.64515,78.535604,43.620384,78.47891,2026-02-07 03:00:00+05:00
2026-02-06 19:00:00+00:00,2026-02-06 12:00:00+00:00,2026-02-06 22:00:00+00:00,2,3,0.5727835657046574,7a9f78e7185f367e,69c47344ac9e45c2a5db,d6a7c82ed2d013e8ed4f3a7f1fc46fc2511ae3895e8c648ea681bdc0b971c901,https://single-runs-api.open-meteo.com/v1/forecast,ecmwf_ifs,2026-02-06 19:00:00+00:00,43.643198,78.538828,43.620384,78.47891,2026-02-07 03:00:00+05:00
2026-02-06 19:00:00+00:00,2026-02-06 12:00:00+00:00,2026-02-06 23:00:00+00:00,1,4,0.5814088188662845,7a9f78e7185f367e,69c47344ac9e45c2a5db,d6a7c82ed2d013e8ed4f3a7f1fc46fc2511ae3895e8c648ea681bdc0b971c901,https://single-runs-api.open-meteo.com/v1/forecast,ecmwf_ifs,2026-02-06 19:00:00+00:00,43.64515,78.535604,43.620384,78.47891,2026-02-07 04:00:00+05:00
2026-02-06 19:00:00+00:00,2026-02-06 12:00:00+00:00,2026-02-06 23:00:00+00:00,2,4,0.5766839110662743,7a9f78e7185f367e,69c47344ac9e45c2a5db,d6a7c82ed2d013e8ed4f3a7f1fc46fc2511ae3895e8c648ea681bdc0b971c901,https://single-runs-api.open-meteo.com/v1/forecast,ecmwf_ifs,2026-02-06 19:00:00+00:00,43.643198,78.538828,43.620384,78.47891,2026-02-07 04:00:00+05:00
2026-02-06 19:00:00+00:00,2026-02-06 12:00:00+00:00,2026-02-07 00:00:00+00:00,1,5,0.3506429782227959,7a9f78e7185f367e,69c47344ac9e45c2a5db,d6a7c82ed2d013e8ed4f3a7f1fc46fc2511ae3895e8c648ea681bdc0b971c901,https://single-runs-api.open-meteo.com/v1/forecast,ecmwf_ifs,2026-02-06 19:00:00+00:00,43.64515,78.535604,43.620384,78.47891,2026-02-07 05:00:00+05:00
2026-02-06 19:00:00+00:00,2026-02-06 12:00:00+00:00,2026-02-07 00:00:00+00:00,2,5,0.3465258251041396,7a9f78e7185f367e,69c47344ac9e45c2a5db,d6a7c82ed2d013e8ed4f3a7f1fc46fc2511ae3895e8c648ea681bdc0b971c901,https://single-runs-api.open-meteo.com/v1/forecast,ecmwf_ifs,2026-02-06 19:00:00+00:00,43.643198,78.538828,43.620384,78.47891,2026-02-07 05:00:00+05:00
2026-02-06 19:00:00+00:00,2026-02-06 12:00:00+00:00,2026-02-07 01:00:00+00:00,1,6,0.2358982216899636,7a9f78e7185f367e,69c47344ac9e45c2a5db,d6a7c82ed2d013e8ed4f3a7f1fc46fc2511ae3895e8c648ea681bdc0b971c901,https://single-runs-api.open-meteo.com/v1/forecast,ecmwf_ifs,2026-02-06 19:00:00+00:00,43.64515,78.535604,43.620384,78.47891,2026-02-07 06:00:00+05:00
2026-02-06 19:00:00+00:00,2026-02-06 12:00:00+00:00,2026-02-07 01:00:00+00:00,2,6,0.2317019804324467,7a9f78e7185f367e,69c47344ac9e45c2a5db,d6a7c82ed2d013e8ed4f3a7f1fc46fc2511ae3895e8c648ea681bdc0b971c901,https://single-runs-api.open-meteo.com/v1/forecast,ecmwf_ifs,2026-02-06 19:00:00+00:00,43.643198,78.538828,43.620384,78.47891,2026-02-07 06:00:00+05:00
2026-02-06 19:00:00+00:00,2026-02-06 12:00:00+00:00,2026-02-07 02:00:00+00:00,1,7,0.0909584760461392,7a9f78e7185f367e,69c47344ac9e45c2a5db,d6a7c82ed2d013e8ed4f3a7f1fc46fc2511ae3895e8c648ea681bdc0b971c901,https://single-runs-api.open-meteo.com/v1/forecast,ecmwf_ifs,2026-02-06 19:00:00+00:00,43.64515,78.535604,43.620384,78.47891,2026-02-07 07:00:00+05:00
2026-02-06 19:00:00+00:00,2026-02-06 12:00:00+00:00,2026-02-07 02:00:00+00:00,2,7,0.0877599973928234,7a9f78e7185f367e,69c47344ac9e45c2a5db,d6a7c82ed2d013e8ed4f3a7f1fc46fc2511ae3895e8c648ea681bdc0b971c901,https://single-runs-api.open-meteo.com/v1/forecast,ecmwf_ifs,2026-02-06 19:00:00+00:00,43.643198,78.538828,43.620384,78.47891,2026-02-07 07:00:00+05:00
2026-02-06 19:00:00+00:00,2026-02-06 12:00:00+00:00,2026-02-07 03:00:00+00:00,1,8,0.022693329686098,7a9f78e7185f367e,69c47344ac9e45c2a5db,d6a7c82ed2d013e8ed4f3a7f1fc46fc2511ae3895e8c648ea681bdc0b971c901,https://single-runs-api.open-meteo.com/v1/forecast,ecmwf_ifs,2026-02-06 19:00:00+00:00,43.64515,78.535604,43.620384,78.47891,2026-02-07 08:00:00+05:00
2026-02-06 19:00:00+00:00,2026-02-06 12:00:00+00:00,2026-02-07 03:00:00+00:00,2,8,0.0201860130210835,7a9f78e7185f367e,69c47344ac9e45c2a5db,d6a7c82ed2d013e8ed4f3a7f1fc46fc2511ae3895e8c648ea681bdc0b971c901,https://single-runs-api.open-meteo.com/v1/forecast,ecmwf_ifs,2026-02-06 19:00:00+00:00,43.643198,78.538828,43.620384,78.47891,2026-02-07 08:00:00+05:00
2026-02-06 19:00:00+00:00,2026-02-06 12:00:00+00:00,2026-02-07 04:00:00+00:00,1,9,0.0190853191244167,7a9f78e7185f367e,69c47344ac9e45c2a5db,d6a7c82ed2d013e8ed4f3a7f1fc46fc2511ae3895e8c648ea681bdc0b971c901,https://single-runs-api.open-meteo.com/v1/forecast,ecmwf_ifs,2026-02-06 19:00:00+00:00,43.64515,78.535604,43.620384,78.47891,2026-02-07 09:00:00+05:00
2026-02-06 19:00:00+00:00,2026-02-06 12:00:00+00:00,2026-02-07 04:00:00+00:00,2,9,0.017132988757596,7a9f78e7185f367e,69c47344ac9e45c2a5db,d6a7c82ed2d013e8ed4f3a7f1fc46fc2511ae3895e8c648ea681bdc0b971c901,https://single-runs-api.open-meteo.com/v1/forecast,ecmwf_ifs,2026-02-06 19:00:00+00:00,43.643198,78.538828,43.620384,78.47891,2026-02-07 09:00:00+05:00
2026-02-06 19:00:00+00:00,2026-02-06 12:00:00+00:00,2026-02-07 05:00:00+00:00,1,10,0.0223667651610841,7a9f78e7185f367e,69c47344ac9e45c2a5db,d6a7c82ed2d013e8ed4f3a7f1fc46fc2511ae3895e8c648ea681bdc0b971c901,https://single-runs-api.open-meteo.com/v1/forecast,ecmwf_ifs,2026-02-06 19:00:00+00:00,43.64515,78.535604,43.620384,78.47891,2026-02-07 10:00:00+05:00
2026-02-06 19:00:00+00:00,2026-02-06 12:00:00+00:00,2026-02-07 05:00:00+00:00,2,10,0.0204238202269851,7a9f78e7185f367e,69c47344ac9e45c2a5db,d6a7c82ed2d013e8ed4f3a7f1fc46fc2511ae3895e8c648ea681bdc0b971c901,https://single-runs-api.open-meteo.com/v1/forecast,ecmwf_ifs,2026-02-06 19:00:00+00:00,43.643198,78.538828,43.620384,78.47891,2026-02-07 10:00:00+05:00
2026-02-06 19:00:00+00:00,2026-02-06 12:00:00+00:00,2026-02-07 06:00:00+00:00,1,11,0.0883398780108581,7a9f78e7185f367e,69c47344ac9e45c2a5db,d6a7c82ed2d013e8ed4f3a7f1fc46fc2511ae3895e8c648ea681bdc0b971c901,https://single-runs-api.open-meteo.com/v1/forecast,ecmwf_ifs,2026-02-06 19:00:00+00:00,43.64515,78.535604,43.620384,78.47891,2026-02-07 11:00:00+05:00
2026-02-06 19:00:00+00:00,2026-02-06 12:00:00+00:00,2026-02-07 06:00:00+00:00,2,11,0.085841861824195,7a9f78e7185f367e,69c47344ac9e45c2a5db,d6a7c82ed2d013e8ed4f3a7f1fc46fc2511ae3895e8c648ea681bdc0b971c901,https://single-runs-api.open-meteo.com/v1/forecast,ecmwf_ifs,2026-02-06 19:00:00+00:00,43.643198,78.538828,43.620384,78.47891,2026-02-07 11:00:00+05:00
2026-02-06 19:00:00+00:00,2026-02-06 12:00:00+00:00,2026-02-07 07:00:00+00:00,1,12,0.2511824372878534,7a9f78e7185f367e,69c47344ac9e45c2a5db,d6a7c82ed2d013e8ed4f3a7f1fc46fc2511ae3895e8c648ea681bdc0b971c901,https://single-runs-api.open-meteo.com/v1/forecast,ecmwf_ifs,2026-02-06 19:00:00+00:00,43.64515,78.535604,43.620384,78.47891,2026-02-07 12:00:00+05:00
2026-02-06 19:00:00+00:00,2026-02-06 12:00:00+00:00,2026-02-07 07:00:00+00:00,2,12,0.2488708139679886,7a9f78e7185f367e,69c47344ac9e45c2a5db,d6a7c82ed2d013e8ed4f3a7f1fc46fc2511ae3895e8c648ea681bdc0b971c901,https://single-runs-api.open-meteo.com/v1/forecast,ecmwf_ifs,2026-02-06 19:00:00+00:00,43.643198,78.538828,43.620384,78.47891,2026-02-07 12:00:00+05:00
2026-02-06 19:00:00+00:00,2026-02-06 12:00:00+00:00,2026-02-07 08:00:00+00:00,1,13,0.3348775449798402,7a9f78e7185f367e,69c47344ac9e45c2a5db,d6a7c82ed2d013e8ed4f3a7f1fc46fc2511ae3895e8c648ea681bdc0b971c901,https://single-runs-api.open-meteo.com/v1/forecast,ecmwf_ifs,2026-02-06 19:00:00+00:00,43.64515,78.535604,43.620384,78.47891,2026-02-07 13:00:00+05:00
2026-02-06 19:00:00+00:00,2026-02-06 12:00:00+00:00,2026-02-07 08:00:00+00:00,2,13,0.3327564745327455,7a9f78e7185f367e,69c47344ac9e45c2a5db,d6a7c82ed2d013e8ed4f3a7f1fc46fc2511ae3895e8c648ea681bdc0b971c901,https://single-runs-api.open-meteo.com/v1/forecast,ecmwf_ifs,2026-02-06 19:00:00+00:00,43.643198,78.538828,43.620384,78.47891,2026-02-07 13:00:00+05:00
2026-02-06 19:00:00+00:00,2026-02-06 12:00:00+00:00,2026-02-07 09:00:00+00:00,1,14,0.3234106212501259,7a9f78e7185f367e,69c47344ac9e45c2a5db,d6a7c82ed2d013e8ed4f3a7f1fc46fc2511ae3895e8c648ea681bdc0b971c901,https://single-runs-api.open-meteo.com/v1/forecast,ecmwf_ifs,2026-02-06 19:00:00+00:00,43.64515,78.535604,43.620384,78.47891,2026-02-07 14:00:00+05:00
2026-02-06 19:00:00+00:00,2026-02-06 12:00:00+00:00,2026-02-07 09:00:00+00:00,2,14,0.3212998344666702,7a9f78e7185f367e,69c47344ac9e45c2a5db,d6a7c82ed2d013e8ed4f3a7f1fc46fc2511ae3895e8c648ea681bdc0b971c901,https://single-runs-api.open-meteo.com/v1/forecast,ecmwf_ifs,2026-02-06 19:00:00+00:00,43.643198,78.538828,43.620384,78.47891,2026-02-07 14:00:00+05:00
2026-02-06 19:00:00+00:00,2026-02-06 12:00:00+00:00,2026-02-07 10:00:00+00:00,1,15,0.2399483883639698,7a9f78e7185f367e,69c47344ac9e45c2a5db,d6a7c82ed2d013e8ed4f3a7f1fc46fc2511ae3895e8c648ea681bdc0b971c901,https://single-runs-api.open-meteo.com/v1/forecast,ecmwf_ifs,2026-02-06 19:00:00+00:00,43.64515,78.535604,43.620384,78.47891,2026-02-07 15:00:00+05:00
2026-02-06 19:00:00+00:00,2026-02-06 12:00:00+00:00,2026-02-07 10:00:00+00:00,2,15,0.2368416819914697,7a9f78e7185f367e,69c47344ac9e45c2a5db,d6a7c82ed2d013e8ed4f3a7f1fc46fc2511ae3895e8c648ea681bdc0b971c901,https://single-runs-api.open-meteo.com/v1/forecast,ecmwf_ifs,2026-02-06 19:00:00+00:00,43.643198,78.538828,43.620384,78.47891,2026-02-07 15:00:00+05:00
2026-02-06 19:00:00+00:00,2026-02-06 12:00:00+00:00,2026-02-07 11:00:00+00:00,1,16,0.1674032123271594,7a9f78e7185f367e,69c47344ac9e45c2a5db,d6a7c82ed2d013e8ed4f3a7f1fc46fc2511ae3895e8c648ea681bdc0b971c901,https://single-runs-api.open-meteo.com/v1/forecast,ecmwf_ifs,2026-02-06 19:00:00+00:00,43.64515,78.535604,43.620384,78.47891,2026-02-07 16:00:00+05:00
2026-02-06 19:00:00+00:00,2026-02-06 12:00:00+00:00,2026-02-07 11:00:00+00:00,2,16,0.1642611370726318,7a9f78e7185f367e,69c47344ac9e45c2a5db,d6a7c82ed2d013e8ed4f3a7f1fc46fc2511ae3895e8c648ea681bdc0b971c901,https://single-runs-api.open-meteo.com/v1/forecast,ecmwf_ifs,2026-02-06 19:00:00+00:00,43.643198,78.538828,43.620384,78.47891,2026-02-07 16:00:00+05:00
2026-02-06 19:00:00+00:00,2026-02-06 12:00:00+00:00,2026-02-07 12:00:00+00:00,1,17,0.1039125590561869,7a9f78e7185f367e,69c47344ac9e45c2a5db,d6a7c82ed2d013e8ed4f3a7f1fc46fc2511ae3895e8c648ea681bdc0b971c901,https://single-runs-api.open-meteo.com/v1/forecast,ecmwf_ifs,2026-02-06 19:00:00+00:00,43.64515,78.535604,43.620384,78.47891,2026-02-07 17:00:00+05:00
2026-02-06 19:00:00+00:00,2026-02-06 12:00:00+00:00,2026-02-07 12:00:00+00:00,2,17,0.1010415272602369,7a9f78e7185f367e,69c47344ac9e45c2a5db,d6a7c82ed2d013e8ed4f3a7f1fc46fc2511ae3895e8c648ea681bdc0b971c901,https://single-runs-api.open-meteo.com/v1/forecast,ecmwf_ifs,2026-02-06 19:00:00+00:00,43.643198,78.538828,43.620384,78.47891,2026-02-07 17:00:00+05:00
2026-02-06 19:00:00+00:00,2026-02-06 12:00:00+00:00,2026-02-07 13:00:00+00:00,1,18,0.1374188340743651,7a9f78e7185f367e,69c47344ac9e45c2a5db,d6a7c82ed2d013e8ed4f3a7f1fc46fc2511ae3895e8c648ea681bdc0b971c901,https://single-runs-api.open-meteo.com/v1/forecast,ecmwf_ifs,2026-02-06 19:00:00+00:00,43.64515,78.535604,43.620384,78.47891,2026-02-07 18:00:00+05:00
2026-02-06 19:00:00+00:00,2026-02-06 12:00:00+00:00,2026-02-07 13:00:00+00:00,2,18,0.13385086613681,7a9f78e7185f367e,69c47344ac9e45c2a5db,d6a7c82ed2d013e8ed4f3a7f1fc46fc2511ae3895e8c648ea681bdc0b971c901,https://single-runs-api.open-meteo.com/v1/forecast,ecmwf_ifs,2026-02-06 19:00:00+00:00,43.643198,78.538828,43.620384,78.47891,2026-02-07 18:00:00+05:00
2026-02-06 19:00:00+00:00,2026-02-06 12:00:00+00:00,2026-02-07 14:00:00+00:00,1,19,0.3986078278935649,7a9f78e7185f367e,69c47344ac9e45c2a5db,d6a7c82ed2d013e8ed4f3a7f1fc46fc2511ae3895e8c648ea681bdc0b971c901,https://single-runs-api.open-meteo.com/v1/forecast,ecmwf_ifs,2026-02-06 19:00:00+00:00,43.64515,78.535604,43.620384,78.47891,2026-02-07 19:00:00+05:00
2026-02-06 19:00:00+00:00,2026-02-06 12:00:00+00:00,2026-02-07 14:00:00+00:00,2,19,0.3957442941298027,7a9f78e7185f367e,69c47344ac9e45c2a5db,d6a7c82ed2d013e8ed4f3a7f1fc46fc2511ae3895e8c648ea681bdc0b971c901,https://single-runs-api.open-meteo.com/v1/forecast,ecmwf_ifs,2026-02-06 19:00:00+00:00,43.643198,78.538828,43.620384,78.47891,2026-02-07 19:00:00+05:00
2026-02-06 19:00:00+00:00,2026-02-06 12:00:00+00:00,2026-02-07 15:00:00+00:00,1,20,0.7119997243834132,7a9f78e7185f367e,69c47344ac9e45c2a5db,d6a7c82ed2d013e8ed4f3a7f1fc46fc2511ae3895e8c648ea681bdc0b971c901,https://single-runs-api.open-meteo.com/v1/forecast,ecmwf_ifs,2026-02-06 19:00:00+00:00,43.64515,78.535604,43.620384,78.47891,2026-02-07 20:00:00+05:00
2026-02-06 19:00:00+00:00,2026-02-06 12:00:00+00:00,2026-02-07 15:00:00+00:00,2,20,0.7073501491175764,7a9f78e7185f367e,69c47344ac9e45c2a5db,d6a7c82ed2d013e8ed4f3a7f1fc46fc2511ae3895e8c648ea681bdc0b971c901,https://single-runs-api.open-meteo.com/v1/forecast,ecmwf_ifs,2026-02-06 19:00:00+00:00,43.643198,78.538828,43.620384,78.47891,2026-02-07 20:00:00+05:00
2026-02-06 19:00:00+00:00,2026-02-06 12:00:00+00:00,2026-02-07 16:00:00+00:00,1,21,0.8558612354421797,7a9f78e7185f367e,69c47344ac9e45c2a5db,d6a7c82ed2d013e8ed4f3a7f1fc46fc2511ae3895e8c648ea681bdc0b971c901,https://single-runs-api.open-meteo.com/v1/forecast,ecmwf_ifs,2026-02-06 19:00:00+00:00,43.64515,78.535604,43.620384,78.47891,2026-02-07 21:00:00+05:00
2026-02-06 19:00:00+00:00,2026-02-06 12:00:00+00:00,2026-02-07 16:00:00+00:00,2,21,0.8505923452101909,7a9f78e7185f367e,69c47344ac9e45c2a5db,d6a7c82ed2d013e8ed4f3a7f1fc46fc2511ae3895e8c648ea681bdc0b971c901,https://single-runs-api.open-meteo.com/v1/forecast,ecmwf_ifs,2026-02-06 19:00:00+00:00,43.643198,78.538828,43.620384,78.47891,2026-02-07 21:00:00+05:00
2026-02-06 19:00:00+00:00,2026-02-06 12:00:00+00:00,2026-02-07 17:00:00+00:00,1,22,0.9524987042687708,7a9f78e7185f367e,69c47344ac9e45c2a5db,d6a7c82ed2d013e8ed4f3a7f1fc46fc2511ae3895e8c648ea681bdc0b971c901,https://single-runs-api.open-meteo.com/v1/forecast,ecmwf_ifs,2026-02-06 19:00:00+00:00,43.64515,78.535604,43.620384,78.47891,2026-02-07 22:00:00+05:00
2026-02-06 19:00:00+00:00,2026-02-06 12:00:00+00:00,2026-02-07 17:00:00+00:00,2,22,0.9438251811290748,7a9f78e7185f367e,69c47344ac9e45c2a5db,d6a7c82ed2d013e8ed4f3a7f1fc46fc2511ae3895e8c648ea681bdc0b971c901,https://single-runs-api.open-meteo.com/v1/forecast,ecmwf_ifs,2026-02-06 19:00:00+00:00,43.643198,78.538828,43.620384,78.47891,2026-02-07 22:00:00+05:00
2026-02-06 19:00:00+00:00,2026-02-06 12:00:00+00:00,2026-02-07 18:00:00+00:00,1,23,0.9618438214191164,7a9f78e7185f367e,69c47344ac9e45c2a5db,d6a7c82ed2d013e8ed4f3a7f1fc46fc2511ae3895e8c648ea681bdc0b971c901,https://single-runs-api.open-meteo.com/v1/forecast,ecmwf_ifs,2026-02-06 19:00:00+00:00,43.64515,78.535604,43.620384,78.47891,2026-02-07 23:00:00+05:00
2026-02-06 19:00:00+00:00,2026-02-06 12:00:00+00:00,2026-02-07 18:00:00+00:00,2,23,0.9528578762369392,7a9f78e7185f367e,69c47344ac9e45c2a5db,d6a7c82ed2d013e8ed4f3a7f1fc46fc2511ae3895e8c648ea681bdc0b971c901,https://single-runs-api.open-meteo.com/v1/forecast,ecmwf_ifs,2026-02-06 19:00:00+00:00,43.643198,78.538828,43.620384,78.47891,2026-02-07 23:00:00+05:00
2026-02-06 19:00:00+00:00,2026-02-06 12:00:00+00:00,2026-02-07 19:00:00+00:00,1,24,0.9638763957047812,7a9f78e7185f367e,69c47344ac9e45c2a5db,d6a7c82ed2d013e8ed4f3a7f1fc46fc2511ae3895e8c648ea681bdc0b971c901,https://single-runs-api.open-meteo.com/v1/forecast,ecmwf_ifs,2026-02-06 19:00:00+00:00,43.64515,78.535604,43.620384,78.47891,2026-02-08 00:00:00+05:00
2026-02-06 19:00:00+00:00,2026-02-06 12:00:00+00:00,2026-02-07 19:00:00+00:00,2,24,0.9541989419731371,7a9f78e7185f367e,69c47344ac9e45c2a5db,d6a7c82ed2d013e8ed4f3a7f1fc46fc2511ae3895e8c648ea681bdc0b971c901,https://single-runs-api.open-meteo.com/v1/forecast,ecmwf_ifs,2026-02-06 19:00:00+00:00,43.643198,78.538828,43.620384,78.47891,2026-02-08 00:00:00+05:00
2026-02-07 19:00:00+00:00,2026-02-07 12:00:00+00:00,2026-02-07 20:00:00+00:00,1,1,0.7322838985586791,7a9f78e7185f367e,0052b10718b6ed2c0d46,4e27c3fc5228d85e4a09c214c12f18874a4d09537c0424a61adc0d14638691ad,https://single-runs-api.open-meteo.com/v1/forecast,ecmwf_ifs,2026-02-07 19:00:00+00:00,43.64515,78.535604,43.620384,78.47891,2026-02-08 01:00:00+05:00
2026-02-07 19:00:00+00:00,2026-02-07 12:00:00+00:00,2026-02-07 20:00:00+00:00,2,1,0.7293459161260877,7a9f78e7185f367e,0052b10718b6ed2c0d46,4e27c3fc5228d85e4a09c214c12f18874a4d09537c0424a61adc0d14638691ad,https://single-runs-api.open-meteo.com/v1/forecast,ecmwf_ifs,2026-02-07 19:00:00+00:00,43.643198,78.538828,43.620384,78.47891,2026-02-08 01:00:00+05:00
2026-02-07 19:00:00+00:00,2026-02-07 12:00:00+00:00,2026-02-07 21:00:00+00:00,1,2,0.7509238035642682,7a9f78e7185f367e,0052b10718b6ed2c0d46,4e27c3fc5228d85e4a09c214c12f18874a4d09537c0424a61adc0d14638691ad,https://single-runs-api.open-meteo.com/v1/forecast,ecmwf_ifs,2026-02-07 19:00:00+00:00,43.64515,78.535604,43.620384,78.47891,2026-02-08 02:00:00+05:00
2026-02-07 19:00:00+00:00,2026-02-07 12:00:00+00:00,2026-02-07 21:00:00+00:00,2,2,0.7480657167126387,7a9f78e7185f367e,0052b10718b6ed2c0d46,4e27c3fc5228d85e4a09c214c12f18874a4d09537c0424a61adc0d14638691ad,https://single-runs-api.open-meteo.com/v1/forecast,ecmwf_ifs,2026-02-07 19:00:00+00:00,43.643198,78.538828,43.620384,78.47891,2026-02-08 02:00:00+05:00
2026-02-07 19:00:00+00:00,2026-02-07 12:00:00+00:00,2026-02-07 22:00:00+00:00,1,3,0.7321124773706482,7a9f78e7185f367e,0052b10718b6ed2c0d46,4e27c3fc5228d85e4a09c214c12f18874a4d09537c0424a61adc0d14638691ad,https://single-runs-api.open-meteo.com/v1/forecast,ecmwf_ifs,2026-02-07 19:00:00+00:00,43.64515,78.535604,43.620384,78.47891,2026-02-08 03:00:00+05:00
2026-02-07 19:00:00+00:00,2026-02-07 12:00:00+00:00,2026-02-07 22:00:00+00:00,2,3,0.7291586551053427,7a9f78e7185f367e,0052b10718b6ed2c0d46,4e27c3fc5228d85e4a09c214c12f18874a4d09537c0424a61adc0d14638691ad,https://single-runs-api.open-meteo.com/v1/forecast,ecmwf_ifs,2026-02-07 19:00:00+00:00,43.643198,78.538828,43.620384,78.47891,2026-02-08 03:00:00+05:00
2026-02-07 19:00:00+00:00,2026-02-07 12:00:00+00:00,2026-02-07 23:00:00+00:00,1,4,0.8429404117383585,7a9f78e7185f367e,0052b10718b6ed2c0d46,4e27c3fc5228d85e4a09c214c12f18874a4d09537c0424a61adc0d14638691ad,https://single-runs-api.open-meteo.com/v1/forecast,ecmwf_ifs,2026-02-07 19:00:00+00:00,43.64515,78.535604,43.620384,78.47891,2026-02-08 04:00:00+05:00
2026-02-07 19:00:00+00:00,2026-02-07 12:00:00+00:00,2026-02-07 23:00:00+00:00,2,4,0.8390310589403543,7a9f78e7185f367e,0052b10718b6ed2c0d46,4e27c3fc5228d85e4a09c214c12f18874a4d09537c0424a61adc0d14638691ad,https://single-runs-api.open-meteo.com/v1/forecast,ecmwf_ifs,2026-02-07 19:00:00+00:00,43.643198,78.538828,43.620384,78.47891,2026-02-08 04:00:00+05:00
2026-02-07 19:00:00+00:00,2026-02-07 12:00:00+00:00,2026-02-08 00:00:00+00:00,1,5,0.8282248979980275,7a9f78e7185f367e,0052b10718b6ed2c0d46,4e27c3fc5228d85e4a09c214c12f18874a4d09537c0424a61adc0d14638691ad,https://single-runs-api.open-meteo.com/v1/forecast,ecmwf_ifs,2026-02-07 19:00:00+00:00,43.64515,78.535604,43.620384,78.47891,2026-02-08 05:00:00+05:00
2026-02-07 19:00:00+00:00,2026-02-07 12:00:00+00:00,2026-02-08 00:00:00+00:00,2,5,0.8242837940940071,7a9f78e7185f367e,0052b10718b6ed2c0d46,4e27c3fc5228d85e4a09c214c12f18874a4d09537c0424a61adc0d14638691ad,https://single-runs-api.open-meteo.com/v1/forecast,ecmwf_ifs,2026-02-07 19:00:00+00:00,43.643198,78.538828,43.620384,78.47891,2026-02-08 05:00:00+05:00
2026-02-07 19:00:00+00:00,2026-02-07 12:00:00+00:00,2026-02-08 01:00:00+00:00,1,6,0.7645409219725119,7a9f78e7185f367e,0052b10718b6ed2c0d46,4e27c3fc5228d85e4a09c214c12f18874a4d09537c0424a61adc0d14638691ad,https://single-runs-api.open-meteo.com/v1/forecast,ecmwf_ifs,2026-02-07 19:00:00+00:00,43.64515,78.535604,43.620384,78.47891,2026-02-08 06:00:00+05:00
2026-02-07 19:00:00+00:00,2026-02-07 12:00:00+00:00,2026-02-08 01:00:00+00:00,2,6,0.7611230585590215,7a9f78e7185f367e,0052b10718b6ed2c0d46,4e27c3fc5228d85e4a09c214c12f18874a4d09537c0424a61adc0d14638691ad,https://single-runs-api.open-meteo.com/v1/forecast,ecmwf_ifs,2026-02-07 19:00:00+00:00,43.643198,78.538828,43.620384,78.47891,2026-02-08 06:00:00+05:00
2026-02-07 19:00:00+00:00,2026-02-07 12:00:00+00:00,2026-02-08 02:00:00+00:00,1,7,0.5820332333715386,7a9f78e7185f367e,0052b10718b6ed2c0d46,4e27c3fc5228d85e4a09c214c12f18874a4d09537c0424a61adc0d14638691ad,https://single-runs-api.open-meteo.com/v1/forecast,ecmwf_ifs,2026-02-07 19:00:00+00:00,43.64515,78.535604,43.620384,78.47891,2026-02-08 07:00:00+05:00
2026-02-07 19:00:00+00:00,2026-02-07 12:00:00+00:00,2026-02-08 02:00:00+00:00,2,7,0.5772590086604399,7a9f78e7185f367e,0052b10718b6ed2c0d46,4e27c3fc5228d85e4a09c214c12f18874a4d09537c0424a61adc0d14638691ad,https://single-runs-api.open-meteo.com/v1/forecast,ecmwf_ifs,2026-02-07 19:00:00+00:00,43.643198,78.538828,43.620384,78.47891,2026-02-08 07:00:00+05:00
2026-02-07 19:00:00+00:00,2026-02-07 12:00:00+00:00,2026-02-08 03:00:00+00:00,1,8,0.3353298953891889,7a9f78e7185f367e,0052b10718b6ed2c0d46,4e27c3fc5228d85e4a09c214c12f18874a4d09537c0424a61adc0d14638691ad,https://single-runs-api.open-meteo.com/v1/forecast,ecmwf_ifs,2026-02-07 19:00:00+00:00,43.64515,78.535604,43.620384,78.47891,2026-02-08 08:00:00+05:00
2026-02-07 19:00:00+00:00,2026-02-07 12:00:00+00:00,2026-02-08 03:00:00+00:00,2,8,0.3311983101641277,7a9f78e7185f367e,0052b10718b6ed2c0d46,4e27c3fc5228d85e4a09c214c12f18874a4d09537c0424a61adc0d14638691ad,https://single-runs-api.open-meteo.com/v1/forecast,ecmwf_ifs,2026-02-07 19:00:00+00:00,43.643198,78.538828,43.620384,78.47891,2026-02-08 08:00:00+05:00
2026-02-07 19:00:00+00:00,2026-02-07 12:00:00+00:00,2026-02-08 04:00:00+00:00,1,9,0.1752093350927754,7a9f78e7185f367e,0052b10718b6ed2c0d46,4e27c3fc5228d85e4a09c214c12f18874a4d09537c0424a61adc0d14638691ad,https://single-runs-api.open-meteo.com/v1/forecast,ecmwf_ifs,2026-02-07 19:00:00+00:00,43.64515,78.535604,43.620384,78.47891,2026-02-08 09:00:00+05:00
2026-02-07 19:00:00+00:00,2026-02-07 12:00:00+00:00,2026-02-08 04:00:00+00:00,2,9,0.1719099062952364,7a9f78e7185f367e,0052b10718b6ed2c0d46,4e27c3fc5228d85e4a09c214c12f18874a4d09537c0424a61adc0d14638691ad,https://single-runs-api.open-meteo.com/v1/forecast,ecmwf_ifs,2026-02-07 19:00:00+00:00,43.643198,78.538828,43.620384,78.47891,2026-02-08 09:00:00+05:00
2026-02-07 19:00:00+00:00,2026-02-07 12:00:00+00:00,2026-02-08 05:00:00+00:00,1,10,0.0479348730123322,7a9f78e7185f367e,0052b10718b6ed2c0d46,4e27c3fc5228d85e4a09c214c12f18874a4d09537c0424a61adc0d14638691ad,https://single-runs-api.open-meteo.com/v1/forecast,ecmwf_ifs,2026-02-07 19:00:00+00:00,43.64515,78.535604,43.620384,78.47891,2026-02-08 10:00:00+05:00
2026-02-07 19:00:00+00:00,2026-02-07 12:00:00+00:00,2026-02-08 05:00:00+00:00,2,10,0.044833390576175,7a9f78e7185f367e,0052b10718b6ed2c0d46,4e27c3fc5228d85e4a09c214c12f18874a4d09537c0424a61adc0d14638691ad,https://single-runs-api.open-meteo.com/v1/forecast,ecmwf_ifs,2026-02-07 19:00:00+00:00,43.643198,78.538828,43.620384,78.47891,2026-02-08 10:00:00+05:00
2026-02-07 19:00:00+00:00,2026-02-07 12:00:00+00:00,2026-02-08 06:00:00+00:00,1,11,0.0197222505009619,7a9f78e7185f367e,0052b10718b6ed2c0d46,4e27c3fc5228d85e4a09c214c12f18874a4d09537c0424a61adc0d14638691ad,https://single-runs-api.open-meteo.com/v1/forecast,ecmwf_ifs,2026-02-07 19:00:00+00:00,43.64515,78.535604,43.620384,78.47891,2026-02-08 11:00:00+05:00
2026-02-07 19:00:00+00:00,2026-02-07 12:00:00+00:00,2026-02-08 06:00:00+00:00,2,11,0.0182227562621575,7a9f78e7185f367e,0052b10718b6ed2c0d46,4e27c3fc5228d85e4a09c214c12f18874a4d09537c0424a61adc0d14638691ad,https://single-runs-api.open-meteo.com/v1/forecast,ecmwf_ifs,2026-02-07 19:00:00+00:00,43.643198,78.538828,43.620384,78.47891,2026-02-08 11:00:00+05:00
2026-02-07 19:00:00+00:00,2026-02-07 12:00:00+00:00,2026-02-08 07:00:00+00:00,1,12,0.0152372758509602,7a9f78e7185f367e,0052b10718b6ed2c0d46,4e27c3fc5228d85e4a09c214c12f18874a4d09537c0424a61adc0d14638691ad,https://single-runs-api.open-meteo.com/v1/forecast,ecmwf_ifs,2026-02-07 19:00:00+00:00,43.64515,78.535604,43.620384,78.47891,2026-02-08 12:00:00+05:00
2026-02-07 19:00:00+00:00,2026-02-07 12:00:00+00:00,2026-02-08 07:00:00+00:00,2,12,0.0138293665254622,7a9f78e7185f367e,0052b10718b6ed2c0d46,4e27c3fc5228d85e4a09c214c12f18874a4d09537c0424a61adc0d14638691ad,https://single-runs-api.open-meteo.com/v1/forecast,ecmwf_ifs,2026-02-07 19:00:00+00:00,43.643198,78.538828,43.620384,78.47891,2026-02-08 12:00:00+05:00
2026-02-07 19:00:00+00:00,2026-02-07 12:00:00+00:00,2026-02-08 08:00:00+00:00,1,13,0.0255523535395428,7a9f78e7185f367e,0052b10718b6ed2c0d46,4e27c3fc5228d85e4a09c214c12f18874a4d09537c0424a61adc0d14638691ad,https://single-runs-api.open-meteo.com/v1/forecast,ecmwf_ifs,2026-02-07 19:00:00+00:00,43.64515,78.535604,43.620384,78.47891,2026-02-08 13:00:00+05:00
2026-02-07 19:00:00+00:00,2026-02-07 12:00:00+00:00,2026-02-08 08:00:00+00:00,2,13,0.0234775443409682,7a9f78e7185f367e,0052b10718b6ed2c0d46,4e27c3fc5228d85e4a09c214c12f18874a4d09537c0424a61adc0d14638691ad,https://single-runs-api.open-meteo.com/v1/forecast,ecmwf_ifs,2026-02-07 19:00:00+00:00,43.643198,78.538828,43.620384,78.47891,2026-02-08 13:00:00+05:00
2026-02-07 19:00:00+00:00,2026-02-07 12:00:00+00:00,2026-02-08 09:00:00+00:00,1,14,0.1258786757337757,7a9f78e7185f367e,0052b10718b6ed2c0d46,4e27c3fc5228d85e4a09c214c12f18874a4d09537c0424a61adc0d14638691ad,https://single-runs-api.open-meteo.com/v1/forecast,ecmwf_ifs,2026-02-07 19:00:00+00:00,43.64515,78.535604,43.620384,78.47891,2026-02-08 14:00:00+05:00
2026-02-07 19:00:00+00:00,2026-02-07 12:00:00+00:00,2026-02-08 09:00:00+00:00,2,14,0.1225844907845829,7a9f78e7185f367e,0052b10718b6ed2c0d46,4e27c3fc5228d85e4a09c214c12f18874a4d09537c0424a61adc0d14638691ad,https://single-runs-api.open-meteo.com/v1/forecast,ecmwf_ifs,2026-02-07 19:00:00+00:00,43.643198,78.538828,43.620384,78.47891,2026-02-08 14:00:00+05:00
2026-02-07 19:00:00+00:00,2026-02-07 12:00:00+00:00,2026-02-08 10:00:00+00:00,1,15,0.4289275350551836,7a9f78e7185f367e,0052b10718b6ed2c0d46,4e27c3fc5228d85e4a09c214c12f18874a4d09537c0424a61adc0d14638691ad,https://single-runs-api.open-meteo.com/v1/forecast,ecmwf_ifs,2026-02-07 19:00:00+00:00,43.64515,78.535604,43.620384,78.47891,2026-02-08 15:00:00+05:00
2026-02-07 19:00:00+00:00,2026-02-07 12:00:00+00:00,2026-02-08 10:00:00+00:00,2,15,0.4242909052321393,7a9f78e7185f367e,0052b10718b6ed2c0d46,4e27c3fc5228d85e4a09c214c12f18874a4d09537c0424a61adc0d14638691ad,https://single-runs-api.open-meteo.com/v1/forecast,ecmwf_ifs,2026-02-07 19:00:00+00:00,43.643198,78.538828,43.620384,78.47891,2026-02-08 15:00:00+05:00
2026-02-07 19:00:00+00:00,2026-02-07 12:00:00+00:00,2026-02-08 11:00:00+00:00,1,16,0.7687623318064356,7a9f78e7185f367e,0052b10718b6ed2c0d46,4e27c3fc5228d85e4a09c214c12f18874a4d09537c0424a61adc0d14638691ad,https://single-runs-api.open-meteo.com/v1/forecast,ecmwf_ifs,2026-02-07 19:00:00+00:00,43.64515,78.535604,43.620384,78.47891,2026-02-08 16:00:00+05:00
2026-02-07 19:00:00+00:00,2026-02-07 12:00:00+00:00,2026-02-08 11:00:00+00:00,2,16,0.7639697038217408,7a9f78e7185f367e,0052b10718b6ed2c0d46,4e27c3fc5228d85e4a09c214c12f18874a4d09537c0424a61adc0d14638691ad,https://single-runs-api.open-meteo.com/v1/forecast,ecmwf_ifs,2026-02-07 19:00:00+00:00,43.643198,78.538828,43.620384,78.47891,2026-02-08 16:00:00+05:00
2026-02-07 19:00:00+00:00,2026-02-07 12:00:00+00:00,2026-02-08 12:00:00+00:00,1,17,0.9218758366915564,7a9f78e7185f367e,0052b10718b6ed2c0d46,4e27c3fc5228d85e4a09c214c12f18874a4d09537c0424a61adc0d14638691ad,https://single-runs-api.open-meteo.com/v1/forecast,ecmwf_ifs,2026-02-07 19:00:00+00:00,43.64515,78.535604,43.620384,78.47891,2026-02-08 17:00:00+05:00
2026-02-07 19:00:00+00:00,2026-02-07 12:00:00+00:00,2026-02-08 12:00:00+00:00,2,17,0.9143433824419592,7a9f78e7185f367e,0052b10718b6ed2c0d46,4e27c3fc5228d85e4a09c214c12f18874a4d09537c0424a61adc0d14638691ad,https://single-runs-api.open-meteo.com/v1/forecast,ecmwf_ifs,2026-02-07 19:00:00+00:00,43.643198,78.538828,43.620384,78.47891,2026-02-08 17:00:00+05:00
2026-02-07 19:00:00+00:00,2026-02-07 12:00:00+00:00,2026-02-08 13:00:00+00:00,1,18,0.9833511860849612,7a9f78e7185f367e,0052b10718b6ed2c0d46,4e27c3fc5228d85e4a09c214c12f18874a4d09537c0424a61adc0d14638691ad,https://single-runs-api.open-meteo.com/v1/forecast,ecmwf_ifs,2026-02-07 19:00:00+00:00,43.64515,78.535604,43.620384,78.47891,2026-02-08 18:00:00+05:00
2026-02-07 19:00:00+00:00,2026-02-07 12:00:00+00:00,2026-02-08 13:00:00+00:00,2,18,0.9748111505853158,7a9f78e7185f367e,0052b10718b6ed2c0d46,4e27c3fc5228d85e4a09c214c12f18874a4d09537c0424a61adc0d14638691ad,https://single-runs-api.open-meteo.com/v1/forecast,ecmwf_ifs,2026-02-07 19:00:00+00:00,43.643198,78.538828,43.620384,78.47891,2026-02-08 18:00:00+05:00
2026-02-07 19:00:00+00:00,2026-02-07 12:00:00+00:00,2026-02-08 14:00:00+00:00,1,19,0.9848715125878272,7a9f78e7185f367e,0052b10718b6ed2c0d46,4e27c3fc5228d85e4a09c214c12f18874a4d09537c0424a61adc0d14638691ad,https://single-runs-api.open-meteo.com/v1/forecast,ecmwf_ifs,2026-02-07 19:00:00+00:00,43.64515,78.535604,43.620384,78.47891,2026-02-08 19:00:00+05:00
2026-02-07 19:00:00+00:00,2026-02-07 12:00:00+00:00,2026-02-08 14:00:00+00:00,2,19,0.9760505423604238,7a9f78e7185f367e,0052b10718b6ed2c0d46,4e27c3fc5228d85e4a09c214c12f18874a4d09537c0424a61adc0d14638691ad,https://single-runs-api.open-meteo.com/v1/forecast,ecmwf_ifs,2026-02-07 19:00:00+00:00,43.643198,78.538828,43.620384,78.47891,2026-02-08 19:00:00+05:00
2026-02-07 19:00:00+00:00,2026-02-07 12:00:00+00:00,2026-02-08 15:00:00+00:00,1,20,0.9852413701222426,7a9f78e7185f367e,0052b10718b6ed2c0d46,4e27c3fc5228d85e4a09c214c12f18874a4d09537c0424a61adc0d14638691ad,https://single-runs-api.open-meteo.com/v1/forecast,ecmwf_ifs,2026-02-07 19:00:00+00:00,43.64515,78.535604,43.620384,78.47891,2026-02-08 20:00:00+05:00
2026-02-07 19:00:00+00:00,2026-02-07 12:00:00+00:00,2026-02-08 15:00:00+00:00,2,20,0.9742738124723308,7a9f78e7185f367e,0052b10718b6ed2c0d46,4e27c3fc5228d85e4a09c214c12f18874a4d09537c0424a61adc0d14638691ad,https://single-runs-api.open-meteo.com/v1/forecast,ecmwf_ifs,2026-02-07 19:00:00+00:00,43.643198,78.538828,43.620384,78.47891,2026-02-08 20:00:00+05:00
2026-02-07 19:00:00+00:00,2026-02-07 12:00:00+00:00,2026-02-08 16:00:00+00:00,1,21,0.9898491249784483,7a9f78e7185f367e,0052b10718b6ed2c0d46,4e27c3fc5228d85e4a09c214c12f18874a4d09537c0424a61adc0d14638691ad,https://single-runs-api.open-meteo.com/v1/forecast,ecmwf_ifs,2026-02-07 19:00:00+00:00,43.64515,78.535604,43.620384,78.47891,2026-02-08 21:00:00+05:00
2026-02-07 19:00:00+00:00,2026-02-07 12:00:00+00:00,2026-02-08 16:00:00+00:00,2,21,0.978525032419133,7a9f78e7185f367e,0052b10718b6ed2c0d46,4e27c3fc5228d85e4a09c214c12f18874a4d09537c0424a61adc0d14638691ad,https://single-runs-api.open-meteo.com/v1/forecast,ecmwf_ifs,2026-02-07 19:00:00+00:00,43.643198,78.538828,43.620384,78.47891,2026-02-08 21:00:00+05:00
2026-02-07 19:00:00+00:00,2026-02-07 12:00:00+00:00,2026-02-08 17:00:00+00:00,1,22,0.9863992849769472,7a9f78e7185f367e,0052b10718b6ed2c0d46,4e27c3fc5228d85e4a09c214c12f18874a4d09537c0424a61adc0d14638691ad,https://single-runs-api.open-meteo.com/v1/forecast,ecmwf_ifs,2026-02-07 19:00:00+00:00,43.64515,78.535604,43.620384,78.47891,2026-02-08 22:00:00+05:00
2026-02-07 19:00:00+00:00,2026-02-07 12:00:00+00:00,2026-02-08 17:00:00+00:00,2,22,0.9736845934392502,7a9f78e7185f367e,0052b10718b6ed2c0d46,4e27c3fc5228d85e4a09c214c12f18874a4d09537c0424a61adc0d14638691ad,https://single-runs-api.open-meteo.com/v1/forecast,ecmwf_ifs,2026-02-07 19:00:00+00:00,43.643198,78.538828,43.620384,78.47891,2026-02-08 22:00:00+05:00
2026-02-07 19:00:00+00:00,2026-02-07 12:00:00+00:00,2026-02-08 18:00:00+00:00,1,23,0.978740007845882,7a9f78e7185f367e,0052b10718b6ed2c0d46,4e27c3fc5228d85e4a09c214c12f18874a4d09537c0424a61adc0d14638691ad,https://single-runs-api.open-meteo.com/v1/forecast,ecmwf_ifs,2026-02-07 19:00:00+00:00,43.64515,78.535604,43.620384,78.47891,2026-02-08 23:00:00+05:00
2026-02-07 19:00:00+00:00,2026-02-07 12:00:00+00:00,2026-02-08 18:00:00+00:00,2,23,0.9653994333911206,7a9f78e7185f367e,0052b10718b6ed2c0d46,4e27c3fc5228d85e4a09c214c12f18874a4d09537c0424a61adc0d14638691ad,https://single-runs-api.open-meteo.com/v1/forecast,ecmwf_ifs,2026-02-07 19:00:00+00:00,43.643198,78.538828,43.620384,78.47891,2026-02-08 23:00:00+05:00
2026-02-07 19:00:00+00:00,2026-02-07 12:00:00+00:00,2026-02-08 19:00:00+00:00,1,24,0.9772920190787652,7a9f78e7185f367e,0052b10718b6ed2c0d46,4e27c3fc5228d85e4a09c214c12f18874a4d09537c0424a61adc0d14638691ad,https://single-runs-api.open-meteo.com/v1/forecast,ecmwf_ifs,2026-02-07 19:00:00+00:00,43.64515,78.535604,43.620384,78.47891,2026-02-09 00:00:00+05:00
2026-02-07 19:00:00+00:00,2026-02-07 12:00:00+00:00,2026-02-08 19:00:00+00:00,2,24,0.9645914239207894,7a9f78e7185f367e,0052b10718b6ed2c0d46,4e27c3fc5228d85e4a09c214c12f18874a4d09537c0424a61adc0d14638691ad,https://single-runs-api.open-meteo.com/v1/forecast,ecmwf_ifs,2026-02-07 19:00:00+00:00,43.643198,78.538828,43.620384,78.47891,2026-02-09 00:00:00+05:00
2026-02-08 19:00:00+00:00,2026-02-08 12:00:00+00:00,2026-02-08 20:00:00+00:00,1,1,0.9441789075879886,7a9f78e7185f367e,b6c9de98de91ffd4ca2d,d56ecbde7dde092491c228f8038c5b290c7c39a15aa6987f6bfb799ae6b594d9,https://single-runs-api.open-meteo.com/v1/forecast,ecmwf_ifs,2026-02-08 19:00:00+00:00,43.64515,78.535604,43.620384,78.47891,2026-02-09 01:00:00+05:00
2026-02-08 19:00:00+00:00,2026-02-08 12:00:00+00:00,2026-02-08 20:00:00+00:00,2,1,0.9396326518643426,7a9f78e7185f367e,b6c9de98de91ffd4ca2d,d56ecbde7dde092491c228f8038c5b290c7c39a15aa6987f6bfb799ae6b594d9,https://single-runs-api.open-meteo.com/v1/forecast,ecmwf_ifs,2026-02-08 19:00:00+00:00,43.643198,78.538828,43.620384,78.47891,2026-02-09 01:00:00+05:00
2026-02-08 19:00:00+00:00,2026-02-08 12:00:00+00:00,2026-02-08 21:00:00+00:00,1,2,0.9483707831564196,7a9f78e7185f367e,b6c9de98de91ffd4ca2d,d56ecbde7dde092491c228f8038c5b290c7c39a15aa6987f6bfb799ae6b594d9,https://single-runs-api.open-meteo.com/v1/forecast,ecmwf_ifs,2026-02-08 19:00:00+00:00,43.64515,78.535604,43.620384,78.47891,2026-02-09 02:00:00+05:00
2026-02-08 19:00:00+00:00,2026-02-08 12:00:00+00:00,2026-02-08 21:00:00+00:00,2,2,0.942170624113686,7a9f78e7185f367e,b6c9de98de91ffd4ca2d,d56ecbde7dde092491c228f8038c5b290c7c39a15aa6987f6bfb799ae6b594d9,https://single-runs-api.open-meteo.com/v1/forecast,ecmwf_ifs,2026-02-08 19:00:00+00:00,43.643198,78.538828,43.620384,78.47891,2026-02-09 02:00:00+05:00
2026-02-08 19:00:00+00:00,2026-02-08 12:00:00+00:00,2026-02-08 22:00:00+00:00,1,3,0.9428385279458192,7a9f78e7185f367e,b6c9de98de91ffd4ca2d,d56ecbde7dde092491c228f8038c5b290c7c39a15aa6987f6bfb799ae6b594d9,https://single-runs-api.open-meteo.com/v1/forecast,ecmwf_ifs,2026-02-08 19:00:00+00:00,43.64515,78.535604,43.620384,78.47891,2026-02-09 03:00:00+05:00
2026-02-08 19:00:00+00:00,2026-02-08 12:00:00+00:00,2026-02-08 22:00:00+00:00,2,3,0.9364174890049608,7a9f78e7185f367e,b6c9de98de91ffd4ca2d,d56ecbde7dde092491c228f8038c5b290c7c39a15aa6987f6bfb799ae6b594d9,https://single-runs-api.open-meteo.com/v1/forecast,ecmwf_ifs,2026-02-08 19:00:00+00:00,43.643198,78.538828,43.620384,78.47891,2026-02-09 03:00:00+05:00
2026-02-08 19:00:00+00:00,2026-02-08 12:00:00+00:00,2026-02-08 23:00:00+00:00,1,4,0.9478740305519237,7a9f78e7185f367e,b6c9de98de91ffd4ca2d,d56ecbde7dde092491c228f8038c5b290c7c39a15aa6987f6bfb799ae6b594d9,https://single-runs-api.open-meteo.com/v1/forecast,ecmwf_ifs,2026-02-08 19:00:00+00:00,43.64515,78.535604,43.620384,78.47891,2026-02-09 04:00:00+05:00
2026-02-08 19:00:00+00:00,2026-02-08 12:00:00+00:00,2026-02-08 23:00:00+00:00,2,4,0.9365857571251432,7a9f78e7185f367e,b6c9de98de91ffd4ca2d,d56ecbde7dde092491c228f8038c5b290c7c39a15aa6987f6bfb799ae6b594d9,https://single-runs-api.open-meteo.com/v1/forecast,ecmwf_ifs,2026-02-08 19:00:00+00:00,43.643198,78.538828,43.620384,78.47891,2026-02-09 04:00:00+05:00
2026-02-08 19:00:00+00:00,2026-02-08 12:00:00+00:00,2026-02-09 00:00:00+00:00,1,5,0.9480276215530546,7a9f78e7185f367e,b6c9de98de91ffd4ca2d,d56ecbde7dde092491c228f8038c5b290c7c39a15aa6987f6bfb799ae6b594d9,https://single-runs-api.open-meteo.com/v1/forecast,ecmwf_ifs,2026-02-08 19:00:00+00:00,43.64515,78.535604,43.620384,78.47891,2026-02-09 05:00:00+05:00
2026-02-08 19:00:00+00:00,2026-02-08 12:00:00+00:00,2026-02-09 00:00:00+00:00,2,5,0.9367048340743686,7a9f78e7185f367e,b6c9de98de91ffd4ca2d,d56ecbde7dde092491c228f8038c5b290c7c39a15aa6987f6bfb799ae6b594d9,https://single-runs-api.open-meteo.com/v1/forecast,ecmwf_ifs,2026-02-08 19:00:00+00:00,43.643198,78.538828,43.620384,78.47891,2026-02-09 05:00:00+05:00
2026-02-08 19:00:00+00:00,2026-02-08 12:00:00+00:00,2026-02-09 01:00:00+00:00,1,6,0.94918372538406,7a9f78e7185f367e,b6c9de98de91ffd4ca2d,d56ecbde7dde092491c228f8038c5b290c7c39a15aa6987f6bfb799ae6b594d9,https://single-runs-api.open-meteo.com/v1/forecast,ecmwf_ifs,2026-02-08 19:00:00+00:00,43.64515,78.535604,43.620384,78.47891,2026-02-09 06:00:00+05:00
2026-02-08 19:00:00+00:00,2026-02-08 12:00:00+00:00,2026-02-09 01:00:00+00:00,2,6,0.9386183379839078,7a9f78e7185f367e,b6c9de98de91ffd4ca2d,d56ecbde7dde092491c228f8038c5b290c7c39a15aa6987f6bfb799ae6b594d9,https://single-runs-api.open-meteo.com/v1/forecast,ecmwf_ifs,2026-02-08 19:00:00+00:00,43.643198,78.538828,43.620384,78.47891,2026-02-09 06:00:00+05:00
2026-02-08 19:00:00+00:00,2026-02-08 12:00:00+00:00,2026-02-09 02:00:00+00:00,1,7,0.9336376774069276,7a9f78e7185f367e,b6c9de98de91ffd4ca2d,d56ecbde7dde092491c228f8038c5b290c7c39a15aa6987f6bfb799ae6b594d9,https://single-runs-api.open-meteo.com/v1/forecast,ecmwf_ifs,2026-02-08 19:00:00+00:00,43.64515,78.535604,43.620384,78.47891,2026-02-09 07:00:00+05:00
2026-02-08 19:00:00+00:00,2026-02-08 12:00:00+00:00,2026-02-09 02:00:00+00:00,2,7,0.9233824266244554,7a9f78e7185f367e,b6c9de98de91ffd4ca2d,d56ecbde7dde092491c228f8038c5b290c7c39a15aa6987f6bfb799ae6b594d9,https://single-runs-api.open-meteo.com/v1/forecast,ecmwf_ifs,2026-02-08 19:00:00+00:00,43.643198,78.538828,43.620384,78.47891,2026-02-09 07:00:00+05:00
2026-02-08 19:00:00+00:00,2026-02-08 12:00:00+00:00,2026-02-09 03:00:00+00:00,1,8,0.9483179275224336,7a9f78e7185f367e,b6c9de98de91ffd4ca2d,d56ecbde7dde092491c228f8038c5b290c7c39a15aa6987f6bfb799ae6b594d9,https://single-runs-api.open-meteo.com/v1/forecast,ecmwf_ifs,2026-02-08 19:00:00+00:00,43.64515,78.535604,43.620384,78.47891,2026-02-09 08:00:00+05:00
2026-02-08 19:00:00+00:00,2026-02-08 12:00:00+00:00,2026-02-09 03:00:00+00:00,2,8,0.9395577029151212,7a9f78e7185f367e,b6c9de98de91ffd4ca2d,d56ecbde7dde092491c228f8038c5b290c7c39a15aa6987f6bfb799ae6b594d9,https://single-runs-api.open-meteo.com/v1/forecast,ecmwf_ifs,2026-02-08 19:00:00+00:00,43.643198,78.538828,43.620384,78.47891,2026-02-09 08:00:00+05:00
2026-02-08 19:00:00+00:00,2026-02-08 12:00:00+00:00,2026-02-09 04:00:00+00:00,1,9,0.8776035050770867,7a9f78e7185f367e,b6c9de98de91ffd4ca2d,d56ecbde7dde092491c228f8038c5b290c7c39a15aa6987f6bfb799ae6b594d9,https://single-runs-api.open-meteo.com/v1/forecast,ecmwf_ifs,2026-02-08 19:00:00+00:00,43.64515,78.535604,43.620384,78.47891,2026-02-09 09:00:00+05:00
2026-02-08 19:00:00+00:00,2026-02-08 12:00:00+00:00,2026-02-09 04:00:00+00:00,2,9,0.8723098736027599,7a9f78e7185f367e,b6c9de98de91ffd4ca2d,d56ecbde7dde092491c228f8038c5b290c7c39a15aa6987f6bfb799ae6b594d9,https://single-runs-api.open-meteo.com/v1/forecast,ecmwf_ifs,2026-02-08 19:00:00+00:00,43.643198,78.538828,43.620384,78.47891,2026-02-09 09:00:00+05:00
2026-02-08 19:00:00+00:00,2026-02-08 12:00:00+00:00,2026-02-09 05:00:00+00:00,1,10,0.9161759758107196,7a9f78e7185f367e,b6c9de98de91ffd4ca2d,d56ecbde7dde092491c228f8038c5b290c7c39a15aa6987f6bfb799ae6b594d9,https://single-runs-api.open-meteo.com/v1/forecast,ecmwf_ifs,2026-02-08 19:00:00+00:00,43.64515,78.535604,43.620384,78.47891,2026-02-09 10:00:00+05:00
2026-02-08 19:00:00+00:00,2026-02-08 12:00:00+00:00,2026-02-09 05:00:00+00:00,2,10,0.9093258636376204,7a9f78e7185f367e,b6c9de98de91ffd4ca2d,d56ecbde7dde092491c228f8038c5b290c7c39a15aa6987f6bfb799ae6b594d9,https://single-runs-api.open-meteo.com/v1/forecast,ecmwf_ifs,2026-02-08 19:00:00+00:00,43.643198,78.538828,43.620384,78.47891,2026-02-09 10:00:00+05:00
2026-02-08 19:00:00+00:00,2026-02-08 12:00:00+00:00,2026-02-09 06:00:00+00:00,1,11,0.91785344950108,7a9f78e7185f367e,b6c9de98de91ffd4ca2d,d56ecbde7dde092491c228f8038c5b290c7c39a15aa6987f6bfb799ae6b594d9,https://single-runs-api.open-meteo.com/v1/forecast,ecmwf_ifs,2026-02-08 19:00:00+00:00,43.64515,78.535604,43.620384,78.47891,2026-02-09 11:00:00+05:00
2026-02-08 19:00:00+00:00,2026-02-08 12:00:00+00:00,2026-02-09 06:00:00+00:00,2,11,0.9124068045559816,7a9f78e7185f367e,b6c9de98de91ffd4ca2d,d56ecbde7dde092491c228f8038c5b290c7c39a15aa6987f6bfb799ae6b594d9,https://single-runs-api.open-meteo.com/v1/forecast,ecmwf_ifs,2026-02-08 19:00:00+00:00,43.643198,78.538828,43.620384,78.47891,2026-02-09 11:00:00+05:00
2026-02-08 19:00:00+00:00,2026-02-08 12:00:00+00:00,2026-02-09 07:00:00+00:00,1,12,1.0,7a9f78e7185f367e,b6c9de98de91ffd4ca2d,d56ecbde7dde092491c228f8038c5b290c7c39a15aa6987f6bfb799ae6b594d9,https://single-runs-api.open-meteo.com/v1/forecast,ecmwf_ifs,2026-02-08 19:00:00+00:00,43.64515,78.535604,43.620384,78.47891,2026-02-09 12:00:00+05:00
2026-02-08 19:00:00+00:00,2026-02-08 12:00:00+00:00,2026-02-09 07:00:00+00:00,2,12,1.0,7a9f78e7185f367e,b6c9de98de91ffd4ca2d,d56ecbde7dde092491c228f8038c5b290c7c39a15aa6987f6bfb799ae6b594d9,https://single-runs-api.open-meteo.com/v1/forecast,ecmwf_ifs,2026-02-08 19:00:00+00:00,43.643198,78.538828,43.620384,78.47891,2026-02-09 12:00:00+05:00
2026-02-08 19:00:00+00:00,2026-02-08 12:00:00+00:00,2026-02-09 08:00:00+00:00,1,13,0.996387775582702,7a9f78e7185f367e,b6c9de98de91ffd4ca2d,d56ecbde7dde092491c228f8038c5b290c7c39a15aa6987f6bfb799ae6b594d9,https://single-runs-api.open-meteo.com/v1/forecast,ecmwf_ifs,2026-02-08 19:00:00+00:00,43.64515,78.535604,43.620384,78.47891,2026-02-09 13:00:00+05:00
2026-02-08 19:00:00+00:00,2026-02-08 12:00:00+00:00,2026-02-09 08:00:00+00:00,2,13,0.9905295518428971,7a9f78e7185f367e,b6c9de98de91ffd4ca2d,d56ecbde7dde092491c228f8038c5b290c7c39a15aa6987f6bfb799ae6b594d9,https://single-runs-api.open-meteo.com/v1/forecast,ecmwf_ifs,2026-02-08 19:00:00+00:00,43.643198,78.538828,43.620384,78.47891,2026-02-09 13:00:00+05:00
2026-02-08 19:00:00+00:00,2026-02-08 12:00:00+00:00,2026-02-09 09:00:00+00:00,1,14,0.9828252590311204,7a9f78e7185f367e,b6c9de98de91ffd4ca2d,d56ecbde7dde092491c228f8038c5b290c7c39a15aa6987f6bfb799ae6b594d9,https://single-runs-api.open-meteo.com/v1/forecast,ecmwf_ifs,2026-02-08 19:00:00+00:00,43.64515,78.535604,43.620384,78.47891,2026-02-09 14:00:00+05:00
2026-02-08 19:00:00+00:00,2026-02-08 12:00:00+00:00,2026-02-09 09:00:00+00:00,2,14,0.9784248424499138,7a9f78e7185f367e,b6c9de98de91ffd4ca2d,d56ecbde7dde092491c228f8038c5b290c7c39a15aa6987f6bfb799ae6b594d9,https://single-runs-api.open-meteo.com/v1/forecast,ecmwf_ifs,2026-02-08 19:00:00+00:00,43.643198,78.538828,43.620384,78.47891,2026-02-09 14:00:00+05:00
2026-02-08 19:00:00+00:00,2026-02-08 12:00:00+00:00,2026-02-09 10:00:00+00:00,1,15,0.95542363626724,7a9f78e7185f367e,b6c9de98de91ffd4ca2d,d56ecbde7dde092491c228f8038c5b290c7c39a15aa6987f6bfb799ae6b594d9,https://single-runs-api.open-meteo.com/v1/forecast,ecmwf_ifs,2026-02-08 19:00:00+00:00,43.64515,78.535604,43.620384,78.47891,2026-02-09 15:00:00+05:00
2026-02-08 19:00:00+00:00,2026-02-08 12:00:00+00:00,2026-02-09 10:00:00+00:00,2,15,0.9513083130687268,7a9f78e7185f367e,b6c9de98de91ffd4ca2d,d56ecbde7dde092491c228f8038c5b290c7c39a15aa6987f6bfb799ae6b594d9,https://single-runs-api.open-meteo.com/v1/forecast,ecmwf_ifs,2026-02-08 19:00:00+00:00,43.643198,78.538828,43.620384,78.47891,2026-02-09 15:00:00+05:00
2026-02-08 19:00:00+00:00,2026-02-08 12:00:00+00:00,2026-02-09 11:00:00+00:00,1,16,0.9643127436942311,7a9f78e7185f367e,b6c9de98de91ffd4ca2d,d56ecbde7dde092491c228f8038c5b290c7c39a15aa6987f6bfb799ae6b594d9,https://single-runs-api.open-meteo.com/v1/forecast,ecmwf_ifs,2026-02-08 19:00:00+00:00,43.64515,78.535604,43.620384,78.47891,2026-02-09 16:00:00+05:00
2026-02-08 19:00:00+00:00,2026-02-08 12:00:00+00:00,2026-02-09 11:00:00+00:00,2,16,0.9603606393489752,7a9f78e7185f367e,b6c9de98de91ffd4ca2d,d56ecbde7dde092491c228f8038c5b290c7c39a15aa6987f6bfb799ae6b594d9,https://single-runs-api.open-meteo.com/v1/forecast,ecmwf_ifs,2026-02-08 19:00:00+00:00,43.643198,78.538828,43.620384,78.47891,2026-02-09 16:00:00+05:00
2026-02-08 19:00:00+00:00,2026-02-08 12:00:00+00:00,2026-02-09 12:00:00+00:00,1,17,0.9554249634980174,7a9f78e7185f367e,b6c9de98de91ffd4ca2d,d56ecbde7dde092491c228f8038c5b290c7c39a15aa6987f6bfb799ae6b594d9,https://single-runs-api.open-meteo.com/v1/forecast,ecmwf_ifs,2026-02-08 19:00:00+00:00,43.64515,78.535604,43.620384,78.47891,2026-02-09 17:00:00+05:00
2026-02-08 19:00:00+00:00,2026-02-08 12:00:00+00:00,2026-02-09 12:00:00+00:00,2,17,0.9496287278993792,7a9f78e7185f367e,b6c9de98de91ffd4ca2d,d56ecbde7dde092491c228f8038c5b290c7c39a15aa6987f6bfb799ae6b594d9,https://single-runs-api.open-meteo.com/v1/forecast,ecmwf_ifs,2026-02-08 19:00:00+00:00,43.643198,78.538828,43.620384,78.47891,2026-02-09 17:00:00+05:00
2026-02-08 19:00:00+00:00,2026-02-08 12:00:00+00:00,2026-02-09 13:00:00+00:00,1,18,0.7926562820775629,7a9f78e7185f367e,b6c9de98de91ffd4ca2d,d56ecbde7dde092491c228f8038c5b290c7c39a15aa6987f6bfb799ae6b594d9,https://single-runs-api.open-meteo.com/v1/forecast,ecmwf_ifs,2026-02-08 19:00:00+00:00,43.64515,78.535604,43.620384,78.47891,2026-02-09 18:00:00+05:00
2026-02-08 19:00:00+00:00,2026-02-08 12:00:00+00:00,2026-02-09 13:00:00+00:00,2,18,0.7865558127611245,7a9f78e7185f367e,b6c9de98de91ffd4ca2d,d56ecbde7dde092491c228f8038c5b290c7c39a15aa6987f6bfb799ae6b594d9,https://single-runs-api.open-meteo.com/v1/forecast,ecmwf_ifs,2026-02-08 19:00:00+00:00,43.643198,78.538828,43.620384,78.47891,2026-02-09 18:00:00+05:00
2026-02-08 19:00:00+00:00,2026-02-08 12:00:00+00:00,2026-02-09 14:00:00+00:00,1,19,0.5877006320601179,7a9f78e7185f367e,b6c9de98de91ffd4ca2d,d56ecbde7dde092491c228f8038c5b290c7c39a15aa6987f6bfb799ae6b594d9,https://single-runs-api.open-meteo.com/v1/forecast,ecmwf_ifs,2026-02-08 19:00:00+00:00,43.64515,78.535604,43.620384,78.47891,2026-02-09 19:00:00+05:00
2026-02-08 19:00:00+00:00,2026-02-08 12:00:00+00:00,2026-02-09 14:00:00+00:00,2,19,0.5822671769328529,7a9f78e7185f367e,b6c9de98de91ffd4ca2d,d56ecbde7dde092491c228f8038c5b290c7c39a15aa6987f6bfb799ae6b594d9,https://single-runs-api.open-meteo.com/v1/forecast,ecmwf_ifs,2026-02-08 19:00:00+00:00,43.643198,78.538828,43.620384,78.47891,2026-02-09 19:00:00+05:00
2026-02-08 19:00:00+00:00,2026-02-08 12:00:00+00:00,2026-02-09 15:00:00+00:00,1,20,0.4039002392778803,7a9f78e7185f367e,b6c9de98de91ffd4ca2d,d56ecbde7dde092491c228f8038c5b290c7c39a15aa6987f6bfb799ae6b594d9,https://single-runs-api.open-meteo.com/v1/forecast,ecmwf_ifs,2026-02-08 19:00:00+00:00,43.64515,78.535604,43.620384,78.47891,2026-02-09 20:00:00+05:00
2026-02-08 19:00:00+00:00,2026-02-08 12:00:00+00:00,2026-02-09 15:00:00+00:00,2,20,0.3986775588590996,7a9f78e7185f367e,b6c9de98de91ffd4ca2d,d56ecbde7dde092491c228f8038c5b290c7c39a15aa6987f6bfb799ae6b594d9,https://single-runs-api.open-meteo.com/v1/forecast,ecmwf_ifs,2026-02-08 19:00:00+00:00,43.643198,78.538828,43.620384,78.47891,2026-02-09 20:00:00+05:00
2026-02-08 19:00:00+00:00,2026-02-08 12:00:00+00:00,2026-02-09 16:00:00+00:00,1,21,0.2924621406665058,7a9f78e7185f367e,b6c9de98de91ffd4ca2d,d56ecbde7dde092491c228f8038c5b290c7c39a15aa6987f6bfb799ae6b594d9,https://single-runs-api.open-meteo.com/v1/forecast,ecmwf_ifs,2026-02-08 19:00:00+00:00,43.64515,78.535604,43.620384,78.47891,2026-02-09 21:00:00+05:00
2026-02-08 19:00:00+00:00,2026-02-08 12:00:00+00:00,2026-02-09 16:00:00+00:00,2,21,0.2881162941451173,7a9f78e7185f367e,b6c9de98de91ffd4ca2d,d56ecbde7dde092491c228f8038c5b290c7c39a15aa6987f6bfb799ae6b594d9,https://single-runs-api.open-meteo.com/v1/forecast,ecmwf_ifs,2026-02-08 19:00:00+00:00,43.643198,78.538828,43.620384,78.47891,2026-02-09 21:00:00+05:00
2026-02-08 19:00:00+00:00,2026-02-08 12:00:00+00:00,2026-02-09 17:00:00+00:00,1,22,0.2794546394596505,7a9f78e7185f367e,b6c9de98de91ffd4ca2d,d56ecbde7dde092491c228f8038c5b290c7c39a15aa6987f6bfb799ae6b594d9,https://single-runs-api.open-meteo.com/v1/forecast,ecmwf_ifs,2026-02-08 19:00:00+00:00,43.64515,78.535604,43.620384,78.47891,2026-02-09 22:00:00+05:00
2026-02-08 19:00:00+00:00,2026-02-08 12:00:00+00:00,2026-02-09 17:00:00+00:00,2,22,0.2760365214455662,7a9f78e7185f367e,b6c9de98de91ffd4ca2d,d56ecbde7dde092491c228f8038c5b290c7c39a15aa6987f6bfb799ae6b594d9,https://single-runs-api.open-meteo.com/v1/forecast,ecmwf_ifs,2026-02-08 19:00:00+00:00,43.643198,78.538828,43.620384,78.47891,2026-02-09 22:00:00+05:00
2026-02-08 19:00:00+00:00,2026-02-08 12:00:00+00:00,2026-02-09 18:00:00+00:00,1,23,0.2358147315104974,7a9f78e7185f367e,b6c9de98de91ffd4ca2d,d56ecbde7dde092491c228f8038c5b290c7c39a15aa6987f6bfb799ae6b594d9,https://single-runs-api.open-meteo.com/v1/forecast,ecmwf_ifs,2026-02-08 19:00:00+00:00,43.64515,78.535604,43.620384,78.47891,2026-02-09 23:00:00+05:00
2026-02-08 19:00:00+00:00,2026-02-08 12:00:00+00:00,2026-02-09 18:00:00+00:00,2,23,0.2311881833993261,7a9f78e7185f367e,b6c9de98de91ffd4ca2d,d56ecbde7dde092491c228f8038c5b290c7c39a15aa6987f6bfb799ae6b594d9,https://single-runs-api.open-meteo.com/v1/forecast,ecmwf_ifs,2026-02-08 19:00:00+00:00,43.643198,78.538828,43.620384,78.47891,2026-02-09 23:00:00+05:00
2026-02-08 19:00:00+00:00,2026-02-08 12:00:00+00:00,2026-02-09 19:00:00+00:00,1,24,0.2636710681727619,7a9f78e7185f367e,b6c9de98de91ffd4ca2d,d56ecbde7dde092491c228f8038c5b290c7c39a15aa6987f6bfb799ae6b594d9,https://single-runs-api.open-meteo.com/v1/forecast,ecmwf_ifs,2026-02-08 19:00:00+00:00,43.64515,78.535604,43.620384,78.47891,2026-02-10 00:00:00+05:00
2026-02-08 19:00:00+00:00,2026-02-08 12:00:00+00:00,2026-02-09 19:00:00+00:00,2,24,0.2571673676006913,7a9f78e7185f367e,b6c9de98de91ffd4ca2d,d56ecbde7dde092491c228f8038c5b290c7c39a15aa6987f6bfb799ae6b594d9,https://single-runs-api.open-meteo.com/v1/forecast,ecmwf_ifs,2026-02-08 19:00:00+00:00,43.643198,78.538828,43.620384,78.47891,2026-02-10 00:00:00+05:00
2026-02-09 19:00:00+00:00,2026-02-09 12:00:00+00:00,2026-02-09 20:00:00+00:00,1,1,0.2973390224508979,7a9f78e7185f367e,06be96d43c34d8cd906a,bea0ec78bcbeb58b484cd941b53fd82f377b1a56f8791328e6748d5713da5183,https://single-runs-api.open-meteo.com/v1/forecast,ecmwf_ifs,2026-02-09 19:00:00+00:00,43.64515,78.535604,43.620384,78.47891,2026-02-10 01:00:00+05:00
2026-02-09 19:00:00+00:00,2026-02-09 12:00:00+00:00,2026-02-09 20:00:00+00:00,2,1,0.2878975973012201,7a9f78e7185f367e,06be96d43c34d8cd906a,bea0ec78bcbeb58b484cd941b53fd82f377b1a56f8791328e6748d5713da5183,https://single-runs-api.open-meteo.com/v1/forecast,ecmwf_ifs,2026-02-09 19:00:00+00:00,43.643198,78.538828,43.620384,78.47891,2026-02-10 01:00:00+05:00
2026-02-09 19:00:00+00:00,2026-02-09 12:00:00+00:00,2026-02-09 21:00:00+00:00,1,2,0.205219769654281,7a9f78e7185f367e,06be96d43c34d8cd906a,bea0ec78bcbeb58b484cd941b53fd82f377b1a56f8791328e6748d5713da5183,https://single-runs-api.open-meteo.com/v1/forecast,ecmwf_ifs,2026-02-09 19:00:00+00:00,43.64515,78.535604,43.620384,78.47891,2026-02-10 02:00:00+05:00
2026-02-09 19:00:00+00:00,2026-02-09 12:00:00+00:00,2026-02-09 21:00:00+00:00,2,2,0.1965137633592103,7a9f78e7185f367e,06be96d43c34d8cd906a,bea0ec78bcbeb58b484cd941b53fd82f377b1a56f8791328e6748d5713da5183,https://single-runs-api.open-meteo.com/v1/forecast,ecmwf_ifs,2026-02-09 19:00:00+00:00,43.643198,78.538828,43.620384,78.47891,2026-02-10 02:00:00+05:00
2026-02-09 19:00:00+00:00,2026-02-09 12:00:00+00:00,2026-02-09 22:00:00+00:00,1,3,0.194276524444604,7a9f78e7185f367e,06be96d43c34d8cd906a,bea0ec78bcbeb58b484cd941b53fd82f377b1a56f8791328e6748d5713da5183,https://single-runs-api.open-meteo.com/v1/forecast,ecmwf_ifs,2026-02-09 19:00:00+00:00,43.64515,78.535604,43.620384,78.47891,2026-02-10 03:00:00+05:00
2026-02-09 19:00:00+00:00,2026-02-09 12:00:00+00:00,2026-02-09 22:00:00+00:00,2,3,0.1870380675433287,7a9f78e7185f367e,06be96d43c34d8cd906a,bea0ec78bcbeb58b484cd941b53fd82f377b1a56f8791328e6748d5713da5183,https://single-runs-api.open-meteo.com/v1/forecast,ecmwf_ifs,2026-02-09 19:00:00+00:00,43.643198,78.538828,43.620384,78.47891,2026-02-10 03:00:00+05:00
2026-02-09 19:00:00+00:00,2026-02-09 12:00:00+00:00,2026-02-09 23:00:00+00:00,1,4,0.1653770441613295,7a9f78e7185f367e,06be96d43c34d8cd906a,bea0ec78bcbeb58b484cd941b53fd82f377b1a56f8791328e6748d5713da5183,https://single-runs-api.open-meteo.com/v1/forecast,ecmwf_ifs,2026-02-09 19:00:00+00:00,43.64515,78.535604,43.620384,78.47891,2026-02-10 04:00:00+05:00
2026-02-09 19:00:00+00:00,2026-02-09 12:00:00+00:00,2026-02-09 23:00:00+00:00,2,4,0.1591810579225415,7a9f78e7185f367e,06be96d43c34d8cd906a,bea0ec78bcbeb58b484cd941b53fd82f377b1a56f8791328e6748d5713da5183,https://single-runs-api.open-meteo.com/v1/forecast,ecmwf_ifs,2026-02-09 19:00:00+00:00,43.643198,78.538828,43.620384,78.47891,2026-02-10 04:00:00+05:00
2026-02-09 19:00:00+00:00,2026-02-09 12:00:00+00:00,2026-02-10 00:00:00+00:00,1,5,0.1686949774259711,7a9f78e7185f367e,06be96d43c34d8cd906a,bea0ec78bcbeb58b484cd941b53fd82f377b1a56f8791328e6748d5713da5183,https://single-runs-api.open-meteo.com/v1/forecast,ecmwf_ifs,2026-02-09 19:00:00+00:00,43.64515,78.535604,43.620384,78.47891,2026-02-10 05:00:00+05:00
2026-02-09 19:00:00+00:00,2026-02-09 12:00:00+00:00,2026-02-10 00:00:00+00:00,2,5,0.1626081735481188,7a9f78e7185f367e,06be96d43c34d8cd906a,bea0ec78bcbeb58b484cd941b53fd82f377b1a56f8791328e6748d5713da5183,https://single-runs-api.open-meteo.com/v1/forecast,ecmwf_ifs,2026-02-09 19:00:00+00:00,43.643198,78.538828,43.620384,78.47891,2026-02-10 05:00:00+05:00
2026-02-09 19:00:00+00:00,2026-02-09 12:00:00+00:00,2026-02-10 01:00:00+00:00,1,6,0.1514672120167276,7a9f78e7185f367e,06be96d43c34d8cd906a,bea0ec78bcbeb58b484cd941b53fd82f377b1a56f8791328e6748d5713da5183,https://single-runs-api.open-meteo.com/v1/forecast,ecmwf_ifs,2026-02-09 19:00:00+00:00,43.64515,78.535604,43.620384,78.47891,2026-02-10 06:00:00+05:00
2026-02-09 19:00:00+00:00,2026-02-09 12:00:00+00:00,2026-02-10 01:00:00+00:00,2,6,0.1453544166505094,7a9f78e7185f367e,06be96d43c34d8cd906a,bea0ec78bcbeb58b484cd941b53fd82f377b1a56f8791328e6748d5713da5183,https://single-runs-api.open-meteo.com/v1/forecast,ecmwf_ifs,2026-02-09 19:00:00+00:00,43.643198,78.538828,43.620384,78.47891,2026-02-10 06:00:00+05:00
2026-02-09 19:00:00+00:00,2026-02-09 12:00:00+00:00,2026-02-10 02:00:00+00:00,1,7,0.1061192142217029,7a9f78e7185f367e,06be96d43c34d8cd906a,bea0ec78bcbeb58b484cd941b53fd82f377b1a56f8791328e6748d5713da5183,https://single-runs-api.open-meteo.com/v1/forecast,ecmwf_ifs,2026-02-09 19:00:00+00:00,43.64515,78.535604,43.620384,78.47891,2026-02-10 07:00:00+05:00
2026-02-09 19:00:00+00:00,2026-02-09 12:00:00+00:00,2026-02-10 02:00:00+00:00,2,7,0.0997469503168934,7a9f78e7185f367e,06be96d43c34d8cd906a,bea0ec78bcbeb58b484cd941b53fd82f377b1a56f8791328e6748d5713da5183,https://single-runs-api.open-meteo.com/v1/forecast,ecmwf_ifs,2026-02-09 19:00:00+00:00,43.643198,78.538828,43.620384,78.47891,2026-02-10 07:00:00+05:00
2026-02-09 19:00:00+00:00,2026-02-09 12:00:00+00:00,2026-02-10 03:00:00+00:00,1,8,0.1557149277345187,7a9f78e7185f367e,06be96d43c34d8cd906a,bea0ec78bcbeb58b484cd941b53fd82f377b1a56f8791328e6748d5713da5183,https://single-runs-api.open-meteo.com/v1/forecast,ecmwf_ifs,2026-02-09 19:00:00+00:00,43.64515,78.535604,43.620384,78.47891,2026-02-10 08:00:00+05:00
2026-02-09 19:00:00+00:00,2026-02-09 12:00:00+00:00,2026-02-10 03:00:00+00:00,2,8,0.151455833325885,7a9f78e7185f367e,06be96d43c34d8cd906a,bea0ec78bcbeb58b484cd941b53fd82f377b1a56f8791328e6748d5713da5183,https://single-runs-api.open-meteo.com/v1/forecast,ecmwf_ifs,2026-02-09 19:00:00+00:00,43.643198,78.538828,43.620384,78.47891,2026-02-10 08:00:00+05:00
2026-02-09 19:00:00+00:00,2026-02-09 12:00:00+00:00,2026-02-10 04:00:00+00:00,1,9,0.2469733696480036,7a9f78e7185f367e,06be96d43c34d8cd906a,bea0ec78bcbeb58b484cd941b53fd82f377b1a56f8791328e6748d5713da5183,https://single-runs-api.open-meteo.com/v1/forecast,ecmwf_ifs,2026-02-09 19:00:00+00:00,43.64515,78.535604,43.620384,78.47891,2026-02-10 09:00:00+05:00
2026-02-09 19:00:00+00:00,2026-02-09 12:00:00+00:00,2026-02-10 04:00:00+00:00,2,9,0.2442746337615284,7a9f78e7185f367e,06be96d43c34d8cd906a,bea0ec78bcbeb58b484cd941b53fd82f377b1a56f8791328e6748d5713da5183,https://single-runs-api.open-meteo.com/v1/forecast,ecmwf_ifs,2026-02-09 19:00:00+00:00,43.643198,78.538828,43.620384,78.47891,2026-02-10 09:00:00+05:00
2026-02-09 19:00:00+00:00,2026-02-09 12:00:00+00:00,2026-02-10 05:00:00+00:00,1,10,0.2242992508293304,7a9f78e7185f367e,06be96d43c34d8cd906a,bea0ec78bcbeb58b484cd941b53fd82f377b1a56f8791328e6748d5713da5183,https://single-runs-api.open-meteo.com/v1/forecast,ecmwf_ifs,2026-02-09 19:00:00+00:00,43.64515,78.535604,43.620384,78.47891,2026-02-10 10:00:00+05:00
2026-02-09 19:00:00+00:00,2026-02-09 12:00:00+00:00,2026-02-10 05:00:00+00:00,2,10,0.2222482551332538,7a9f78e7185f367e,06be96d43c34d8cd906a,bea0ec78bcbeb58b484cd941b53fd82f377b1a56f8791328e6748d5713da5183,https://single-runs-api.open-meteo.com/v1/forecast,ecmwf_ifs,2026-02-09 19:00:00+00:00,43.643198,78.538828,43.620384,78.47891,2026-02-10 10:00:00+05:00
2026-02-09 19:00:00+00:00,2026-02-09 12:00:00+00:00,2026-02-10 06:00:00+00:00,1,11,0.1544023071870486,7a9f78e7185f367e,06be96d43c34d8cd906a,bea0ec78bcbeb58b484cd941b53fd82f377b1a56f8791328e6748d5713da5183,https://single-runs-api.open-meteo.com/v1/forecast,ecmwf_ifs,2026-02-09 19:00:00+00:00,43.64515,78.535604,43.620384,78.47891,2026-02-10 11:00:00+05:00
2026-02-09 19:00:00+00:00,2026-02-09 12:00:00+00:00,2026-02-10 06:00:00+00:00,2,11,0.1527674257269797,7a9f78e7185f367e,06be96d43c34d8cd906a,bea0ec78bcbeb58b484cd941b53fd82f377b1a56f8791328e6748d5713da5183,https://single-runs-api.open-meteo.com/v1/forecast,ecmwf_ifs,2026-02-09 19:00:00+00:00,43.643198,78.538828,43.620384,78.47891,2026-02-10 11:00:00+05:00
2026-02-09 19:00:00+00:00,2026-02-09 12:00:00+00:00,2026-02-10 07:00:00+00:00,1,12,0.1992100487972189,7a9f78e7185f367e,06be96d43c34d8cd906a,bea0ec78bcbeb58b484cd941b53fd82f377b1a56f8791328e6748d5713da5183,https://single-runs-api.open-meteo.com/v1/forecast,ecmwf_ifs,2026-02-09 19:00:00+00:00,43.64515,78.535604,43.620384,78.47891,2026-02-10 12:00:00+05:00
2026-02-09 19:00:00+00:00,2026-02-09 12:00:00+00:00,2026-02-10 07:00:00+00:00,2,12,0.1974880825066117,7a9f78e7185f367e,06be96d43c34d8cd906a,bea0ec78bcbeb58b484cd941b53fd82f377b1a56f8791328e6748d5713da5183,https://single-runs-api.open-meteo.com/v1/forecast,ecmwf_ifs,2026-02-09 19:00:00+00:00,43.643198,78.538828,43.620384,78.47891,2026-02-10 12:00:00+05:00
2026-02-09 19:00:00+00:00,2026-02-09 12:00:00+00:00,2026-02-10 08:00:00+00:00,1,13,0.2641857710017719,7a9f78e7185f367e,06be96d43c34d8cd906a,bea0ec78bcbeb58b484cd941b53fd82f377b1a56f8791328e6748d5713da5183,https://single-runs-api.open-meteo.com/v1/forecast,ecmwf_ifs,2026-02-09 19:00:00+00:00,43.64515,78.535604,43.620384,78.47891,2026-02-10 13:00:00+05:00
2026-02-09 19:00:00+00:00,2026-02-09 12:00:00+00:00,2026-02-10 08:00:00+00:00,2,13,0.2631468532485344,7a9f78e7185f367e,06be96d43c34d8cd906a,bea0ec78bcbeb58b484cd941b53fd82f377b1a56f8791328e6748d5713da5183,https://single-runs-api.open-meteo.com/v1/forecast,ecmwf_ifs,2026-02-09 19:00:00+00:00,43.643198,78.538828,43.620384,78.47891,2026-02-10 13:00:00+05:00
2026-02-09 19:00:00+00:00,2026-02-09 12:00:00+00:00,2026-02-10 09:00:00+00:00,1,14,0.3136899416955578,7a9f78e7185f367e,06be96d43c34d8cd906a,bea0ec78bcbeb58b484cd941b53fd82f377b1a56f8791328e6748d5713da5183,https://single-runs-api.open-meteo.com/v1/forecast,ecmwf_ifs,2026-02-09 19:00:00+00:00,43.64515,78.535604,43.620384,78.47891,2026-02-10 14:00:00+05:00
2026-02-09 19:00:00+00:00,2026-02-09 12:00:00+00:00,2026-02-10 09:00:00+00:00,2,14,0.3129519621205491,7a9f78e7185f367e,06be96d43c34d8cd906a,bea0ec78bcbeb58b484cd941b53fd82f377b1a56f8791328e6748d5713da5183,https://single-runs-api.open-meteo.com/v1/forecast,ecmwf_ifs,2026-02-09 19:00:00+00:00,43.643198,78.538828,43.620384,78.47891,2026-02-10 14:00:00+05:00
2026-02-09 19:00:00+00:00,2026-02-09 12:00:00+00:00,2026-02-10 10:00:00+00:00,1,15,0.2628243364852773,7a9f78e7185f367e,06be96d43c34d8cd906a,bea0ec78bcbeb58b484cd941b53fd82f377b1a56f8791328e6748d5713da5183,https://single-runs-api.open-meteo.com/v1/forecast,ecmwf_ifs,2026-02-09 19:00:00+00:00,43.64515,78.535604,43.620384,78.47891,2026-02-10 15:00:00+05:00
2026-02-09 19:00:00+00:00,2026-02-09 12:00:00+00:00,2026-02-10 10:00:00+00:00,2,15,0.2607044788741149,7a9f78e7185f367e,06be96d43c34d8cd906a,bea0ec78bcbeb58b484cd941b53fd82f377b1a56f8791328e6748d5713da5183,https://single-runs-api.open-meteo.com/v1/forecast,ecmwf_ifs,2026-02-09 19:00:00+00:00,43.643198,78.538828,43.620384,78.47891,2026-02-10 15:00:00+05:00
2026-02-09 19:00:00+00:00,2026-02-09 12:00:00+00:00,2026-02-10 11:00:00+00:00,1,16,0.2713222737191032,7a9f78e7185f367e,06be96d43c34d8cd906a,bea0ec78bcbeb58b484cd941b53fd82f377b1a56f8791328e6748d5713da5183,https://single-runs-api.open-meteo.com/v1/forecast,ecmwf_ifs,2026-02-09 19:00:00+00:00,43.64515,78.535604,43.620384,78.47891,2026-02-10 16:00:00+05:00
2026-02-09 19:00:00+00:00,2026-02-09 12:00:00+00:00,2026-02-10 11:00:00+00:00,2,16,0.2687469820576615,7a9f78e7185f367e,06be96d43c34d8cd906a,bea0ec78bcbeb58b484cd941b53fd82f377b1a56f8791328e6748d5713da5183,https://single-runs-api.open-meteo.com/v1/forecast,ecmwf_ifs,2026-02-09 19:00:00+00:00,43.643198,78.538828,43.620384,78.47891,2026-02-10 16:00:00+05:00
2026-02-09 19:00:00+00:00,2026-02-09 12:00:00+00:00,2026-02-10 12:00:00+00:00,1,17,0.2911698929359059,7a9f78e7185f367e,06be96d43c34d8cd906a,bea0ec78bcbeb58b484cd941b53fd82f377b1a56f8791328e6748d5713da5183,https://single-runs-api.open-meteo.com/v1/forecast,ecmwf_ifs,2026-02-09 19:00:00+00:00,43.64515,78.535604,43.620384,78.47891,2026-02-10 17:00:00+05:00
2026-02-09 19:00:00+00:00,2026-02-09 12:00:00+00:00,2026-02-10 12:00:00+00:00,2,17,0.2883437061255043,7a9f78e7185f367e,06be96d43c34d8cd906a,bea0ec78bcbeb58b484cd941b53fd82f377b1a56f8791328e6748d5713da5183,https://single-runs-api.open-meteo.com/v1/forecast,ecmwf_ifs,2026-02-09 19:00:00+00:00,43.643198,78.538828,43.620384,78.47891,2026-02-10 17:00:00+05:00
2026-02-09 19:00:00+00:00,2026-02-09 12:00:00+00:00,2026-02-10 13:00:00+00:00,1,18,0.2194922979156468,7a9f78e7185f367e,06be96d43c34d8cd906a,bea0ec78bcbeb58b484cd941b53fd82f377b1a56f8791328e6748d5713da5183,https://single-runs-api.open-meteo.com/v1/forecast,ecmwf_ifs,2026-02-09 19:00:00+00:00,43.64515,78.535604,43.620384,78.47891,2026-02-10 18:00:00+05:00
2026-02-09 19:00:00+00:00,2026-02-09 12:00:00+00:00,2026-02-10 13:00:00+00:00,2,18,0.2171662256361498,7a9f78e7185f367e,06be96d43c34d8cd906a,bea0ec78bcbeb58b484cd941b53fd82f377b1a56f8791328e6748d5713da5183,https://single-runs-api.open-meteo.com/v1/forecast,ecmwf_ifs,2026-02-09 19:00:00+00:00,43.643198,78.538828,43.620384,78.47891,2026-02-10 18:00:00+05:00
2026-02-09 19:00:00+00:00,2026-02-09 12:00:00+00:00,2026-02-10 14:00:00+00:00,1,19,0.2582229950089476,7a9f78e7185f367e,06be96d43c34d8cd906a,bea0ec78bcbeb58b484cd941b53fd82f377b1a56f8791328e6748d5713da5183,https://single-runs-api.open-meteo.com/v1/forecast,ecmwf_ifs,2026-02-09 19:00:00+00:00,43.64515,78.535604,43.620384,78.47891,2026-02-10 19:00:00+05:00
2026-02-09 19:00:00+00:00,2026-02-09 12:00:00+00:00,2026-02-10 14:00:00+00:00,2,19,0.2541938157440227,7a9f78e7185f367e,06be96d43c34d8cd906a,bea0ec78bcbeb58b484cd941b53fd82f377b1a56f8791328e6748d5713da5183,https://single-runs-api.open-meteo.com/v1/forecast,ecmwf_ifs,2026-02-09 19:00:00+00:00,43.643198,78.538828,43.620384,78.47891,2026-02-10 19:00:00+05:00
2026-02-09 19:00:00+00:00,2026-02-09 12:00:00+00:00,2026-02-10 15:00:00+00:00,1,20,0.4280624737543182,7a9f78e7185f367e,06be96d43c34d8cd906a,bea0ec78bcbeb58b484cd941b53fd82f377b1a56f8791328e6748d5713da5183,https://single-runs-api.open-meteo.com/v1/forecast,ecmwf_ifs,2026-02-09 19:00:00+00:00,43.64515,78.535604,43.620384,78.47891,2026-02-10 20:00:00+05:00
2026-02-09 19:00:00+00:00,2026-02-09 12:00:00+00:00,2026-02-10 15:00:00+00:00,2,20,0.4225790270002771,7a9f78e7185f367e,06be96d43c34d8cd906a,bea0ec78bcbeb58b484cd941b53fd82f377b1a56f8791328e6748d5713da5183,https://single-runs-api.open-meteo.com/v1/forecast,ecmwf_ifs,2026-02-09 19:00:00+00:00,43.643198,78.538828,43.620384,78.47891,2026-02-10 20:00:00+05:00
2026-02-09 19:00:00+00:00,2026-02-09 12:00:00+00:00,2026-02-10 16:00:00+00:00,1,21,0.7177422991152709,7a9f78e7185f367e,06be96d43c34d8cd906a,bea0ec78bcbeb58b484cd941b53fd82f377b1a56f8791328e6748d5713da5183,https://single-runs-api.open-meteo.com/v1/forecast,ecmwf_ifs,2026-02-09 19:00:00+00:00,43.64515,78.535604,43.620384,78.47891,2026-02-10 21:00:00+05:00
2026-02-09 19:00:00+00:00,2026-02-09 12:00:00+00:00,2026-02-10 16:00:00+00:00,2,21,0.7124089544327146,7a9f78e7185f367e,06be96d43c34d8cd906a,bea0ec78bcbeb58b484cd941b53fd82f377b1a56f8791328e6748d5713da5183,https://single-runs-api.open-meteo.com/v1/forecast,ecmwf_ifs,2026-02-09 19:00:00+00:00,43.643198,78.538828,43.620384,78.47891,2026-02-10 21:00:00+05:00
2026-02-09 19:00:00+00:00,2026-02-09 12:00:00+00:00,2026-02-10 17:00:00+00:00,1,22,0.8528415066366529,7a9f78e7185f367e,06be96d43c34d8cd906a,bea0ec78bcbeb58b484cd941b53fd82f377b1a56f8791328e6748d5713da5183,https://single-runs-api.open-meteo.com/v1/forecast,ecmwf_ifs,2026-02-09 19:00:00+00:00,43.64515,78.535604,43.620384,78.47891,2026-02-10 22:00:00+05:00
2026-02-09 19:00:00+00:00,2026-02-09 12:00:00+00:00,2026-02-10 17:00:00+00:00,2,22,0.846108308459586,7a9f78e7185f367e,06be96d43c34d8cd906a,bea0ec78bcbeb58b484cd941b53fd82f377b1a56f8791328e6748d5713da5183,https://single-runs-api.open-meteo.com/v1/forecast,ecmwf_ifs,2026-02-09 19:00:00+00:00,43.643198,78.538828,43.620384,78.47891,2026-02-10 22:00:00+05:00
2026-02-09 19:00:00+00:00,2026-02-09 12:00:00+00:00,2026-02-10 18:00:00+00:00,1,23,0.9457603716745212,7a9f78e7185f367e,06be96d43c34d8cd906a,bea0ec78bcbeb58b484cd941b53fd82f377b1a56f8791328e6748d5713da5183,https://single-runs-api.open-meteo.com/v1/forecast,ecmwf_ifs,2026-02-09 19:00:00+00:00,43.64515,78.535604,43.620384,78.47891,2026-02-10 23:00:00+05:00
2026-02-09 19:00:00+00:00,2026-02-09 12:00:00+00:00,2026-02-10 18:00:00+00:00,2,23,0.933778772995744,7a9f78e7185f367e,06be96d43c34d8cd906a,bea0ec78bcbeb58b484cd941b53fd82f377b1a56f8791328e6748d5713da5183,https://single-runs-api.open-meteo.com/v1/forecast,ecmwf_ifs,2026-02-09 19:00:00+00:00,43.643198,78.538828,43.620384,78.47891,2026-02-10 23:00:00+05:00
2026-02-09 19:00:00+00:00,2026-02-09 12:00:00+00:00,2026-02-10 19:00:00+00:00,1,24,0.9695846083036884,7a9f78e7185f367e,06be96d43c34d8cd906a,bea0ec78bcbeb58b484cd941b53fd82f377b1a56f8791328e6748d5713da5183,https://single-runs-api.open-meteo.com/v1/forecast,ecmwf_ifs,2026-02-09 19:00:00+00:00,43.64515,78.535604,43.620384,78.47891,2026-02-11 00:00:00+05:00
2026-02-09 19:00:00+00:00,2026-02-09 12:00:00+00:00,2026-02-10 19:00:00+00:00,2,24,0.9580745298559258,7a9f78e7185f367e,06be96d43c34d8cd906a,bea0ec78bcbeb58b484cd941b53fd82f377b1a56f8791328e6748d5713da5183,https://single-runs-api.open-meteo.com/v1/forecast,ecmwf_ifs,2026-02-09 19:00:00+00:00,43.643198,78.538828,43.620384,78.47891,2026-02-11 00:00:00+05:00
2026-02-10 19:00:00+00:00,2026-02-10 12:00:00+00:00,2026-02-10 20:00:00+00:00,1,1,0.7766448794570998,7a9f78e7185f367e,27d2f66313da287e3836,f874e9a38d902d94ec5ec4e0f74a835f3354559104d62ee2a2713550de458d4f,https://single-runs-api.open-meteo.com/v1/forecast,ecmwf_ifs,2026-02-10 19:00:00+00:00,43.64515,78.535604,43.620384,78.47891,2026-02-11 01:00:00+05:00
2026-02-10 19:00:00+00:00,2026-02-10 12:00:00+00:00,2026-02-10 20:00:00+00:00,2,1,0.7702966488639729,7a9f78e7185f367e,27d2f66313da287e3836,f874e9a38d902d94ec5ec4e0f74a835f3354559104d62ee2a2713550de458d4f,https://single-runs-api.open-meteo.com/v1/forecast,ecmwf_ifs,2026-02-10 19:00:00+00:00,43.643198,78.538828,43.620384,78.47891,2026-02-11 01:00:00+05:00
2026-02-10 19:00:00+00:00,2026-02-10 12:00:00+00:00,2026-02-10 21:00:00+00:00,1,2,0.7857750294922584,7a9f78e7185f367e,27d2f66313da287e3836,f874e9a38d902d94ec5ec4e0f74a835f3354559104d62ee2a2713550de458d4f,https://single-runs-api.open-meteo.com/v1/forecast,ecmwf_ifs,2026-02-10 19:00:00+00:00,43.64515,78.535604,43.620384,78.47891,2026-02-11 02:00:00+05:00
2026-02-10 19:00:00+00:00,2026-02-10 12:00:00+00:00,2026-02-10 21:00:00+00:00,2,2,0.7798813078439811,7a9f78e7185f367e,27d2f66313da287e3836,f874e9a38d902d94ec5ec4e0f74a835f3354559104d62ee2a2713550de458d4f,https://single-runs-api.open-meteo.com/v1/forecast,ecmwf_ifs,2026-02-10 19:00:00+00:00,43.643198,78.538828,43.620384,78.47891,2026-02-11 02:00:00+05:00
2026-02-10 19:00:00+00:00,2026-02-10 12:00:00+00:00,2026-02-10 22:00:00+00:00,1,3,0.4337144139016617,7a9f78e7185f367e,27d2f66313da287e3836,f874e9a38d902d94ec5ec4e0f74a835f3354559104d62ee2a2713550de458d4f,https://single-runs-api.open-meteo.com/v1/forecast,ecmwf_ifs,2026-02-10 19:00:00+00:00,43.64515,78.535604,43.620384,78.47891,2026-02-11 03:00:00+05:00
2026-02-10 19:00:00+00:00,2026-02-10 12:00:00+00:00,2026-02-10 22:00:00+00:00,2,3,0.427577033005366,7a9f78e7185f367e,27d2f66313da287e3836,f874e9a38d902d94ec5ec4e0f74a835f3354559104d62ee2a2713550de458d4f,https://single-runs-api.open-meteo.com/v1/forecast,ecmwf_ifs,2026-02-10 19:00:00+00:00,43.643198,78.538828,43.620384,78.47891,2026-02-11 03:00:00+05:00
2026-02-10 19:00:00+00:00,2026-02-10 12:00:00+00:00,2026-02-10 23:00:00+00:00,1,4,0.4291586124758881,7a9f78e7185f367e,27d2f66313da287e3836,f874e9a38d902d94ec5ec4e0f74a835f3354559104d62ee2a2713550de458d4f,https://single-runs-api.open-meteo.com/v1/forecast,ecmwf_ifs,2026-02-10 19:00:00+00:00,43.64515,78.535604,43.620384,78.47891,2026-02-11 04:00:00+05:00
2026-02-10 19:00:00+00:00,2026-02-10 12:00:00+00:00,2026-02-10 23:00:00+00:00,2,4,0.4217663433479227,7a9f78e7185f367e,27d2f66313da287e3836,f874e9a38d902d94ec5ec4e0f74a835f3354559104d62ee2a2713550de458d4f,https://single-runs-api.open-meteo.com/v1/forecast,ecmwf_ifs,2026-02-10 19:00:00+00:00,43.643198,78.538828,43.620384,78.47891,2026-02-11 04:00:00+05:00
2026-02-10 19:00:00+00:00,2026-02-10 12:00:00+00:00,2026-02-11 00:00:00+00:00,1,5,0.2320968906113895,7a9f78e7185f367e,27d2f66313da287e3836,f874e9a38d902d94ec5ec4e0f74a835f3354559104d62ee2a2713550de458d4f,https://single-runs-api.open-meteo.com/v1/forecast,ecmwf_ifs,2026-02-10 19:00:00+00:00,43.64515,78.535604,43.620384,78.47891,2026-02-11 05:00:00+05:00
2026-02-10 19:00:00+00:00,2026-02-10 12:00:00+00:00,2026-02-11 00:00:00+00:00,2,5,0.2272002107470852,7a9f78e7185f367e,27d2f66313da287e3836,f874e9a38d902d94ec5ec4e0f74a835f3354559104d62ee2a2713550de458d4f,https://single-runs-api.open-meteo.com/v1/forecast,ecmwf_ifs,2026-02-10 19:00:00+00:00,43.643198,78.538828,43.620384,78.47891,2026-02-11 05:00:00+05:00
2026-02-10 19:00:00+00:00,2026-02-10 12:00:00+00:00,2026-02-11 01:00:00+00:00,1,6,0.0783945366942033,7a9f78e7185f367e,27d2f66313da287e3836,f874e9a38d902d94ec5ec4e0f74a835f3354559104d62ee2a2713550de458d4f,https://single-runs-api.open-meteo.com/v1/forecast,ecmwf_ifs,2026-02-10 19:00:00+00:00,43.64515,78.535604,43.620384,78.47891,2026-02-11 06:00:00+05:00
2026-02-10 19:00:00+00:00,2026-02-10 12:00:00+00:00,2026-02-11 01:00:00+00:00,2,6,0.0759784636688402,7a9f78e7185f367e,27d2f66313da287e3836,f874e9a38d902d94ec5ec4e0f74a835f3354559104d62ee2a2713550de458d4f,https://single-runs-api.open-meteo.com/v1/forecast,ecmwf_ifs,2026-02-10 19:00:00+00:00,43.643198,78.538828,43.620384,78.47891,2026-02-11 06:00:00+05:00
2026-02-10 19:00:00+00:00,2026-02-10 12:00:00+00:00,2026-02-11 02:00:00+00:00,1,7,0.0536175196779262,7a9f78e7185f367e,27d2f66313da287e3836,f874e9a38d902d94ec5ec4e0f74a835f3354559104d62ee2a2713550de458d4f,https://single-runs-api.open-meteo.com/v1/forecast,ecmwf_ifs,2026-02-10 19:00:00+00:00,43.64515,78.535604,43.620384,78.47891,2026-02-11 07:00:00+05:00
2026-02-10 19:00:00+00:00,2026-02-10 12:00:00+00:00,2026-02-11 02:00:00+00:00,2,7,0.0516471437452969,7a9f78e7185f367e,27d2f66313da287e3836,f874e9a38d902d94ec5ec4e0f74a835f3354559104d62ee2a2713550de458d4f,https://single-runs-api.open-meteo.com/v1/forecast,ecmwf_ifs,2026-02-10 19:00:00+00:00,43.643198,78.538828,43.620384,78.47891,2026-02-11 07:00:00+05:00
2026-02-10 19:00:00+00:00,2026-02-10 12:00:00+00:00,2026-02-11 03:00:00+00:00,1,8,0.0613446272677239,7a9f78e7185f367e,27d2f66313da287e3836,f874e9a38d902d94ec5ec4e0f74a835f3354559104d62ee2a2713550de458d4f,https://single-runs-api.open-meteo.com/v1/forecast,ecmwf_ifs,2026-02-10 19:00:00+00:00,43.64515,78.535604,43.620384,78.47891,2026-02-11 08:00:00+05:00
2026-02-10 19:00:00+00:00,2026-02-10 12:00:00+00:00,2026-02-11 03:00:00+00:00,2,8,0.0595145971945221,7a9f78e7185f367e,27d2f66313da287e3836,f874e9a38d902d94ec5ec4e0f74a835f3354559104d62ee2a2713550de458d4f,https://single-runs-api.open-meteo.com/v1/forecast,ecmwf_ifs,2026-02-10 19:00:00+00:00,43.643198,78.538828,43.620384,78.47891,2026-02-11 08:00:00+05:00
2026-02-10 19:00:00+00:00,2026-02-10 12:00:00+00:00,2026-02-11 04:00:00+00:00,1,9,0.0478609720453656,7a9f78e7185f367e,27d2f66313da287e3836,f874e9a38d902d94ec5ec4e0f74a835f3354559104d62ee2a2713550de458d4f,https://single-runs-api.open-meteo.com/v1/forecast,ecmwf_ifs,2026-02-10 19:00:00+00:00,43.64515,78.535604,43.620384,78.47891,2026-02-11 09:00:00+05:00
2026-02-10 19:00:00+00:00,2026-02-10 12:00:00+00:00,2026-02-11 04:00:00+00:00,2,9,0.0459079094414665,7a9f78e7185f367e,27d2f66313da287e3836,f874e9a38d902d94ec5ec4e0f74a835f3354559104d62ee2a2713550de458d4f,https://single-runs-api.open-meteo.com/v1/forecast,ecmwf_ifs,2026-02-10 19:00:00+00:00,43.643198,78.538828,43.620384,78.47891,2026-02-11 09:00:00+05:00
2026-02-10 19:00:00+00:00,2026-02-10 12:00:00+00:00,2026-02-11 05:00:00+00:00,1,10,0.0184965802348425,7a9f78e7185f367e,27d2f66313da287e3836,f874e9a38d902d94ec5ec4e0f74a835f3354559104d62ee2a2713550de458d4f,https://single-runs-api.open-meteo.com/v1/forecast,ecmwf_ifs,2026-02-10 19:00:00+00:00,43.64515,78.535604,43.620384,78.47891,2026-02-11 10:00:00+05:00
2026-02-10 19:00:00+00:00,2026-02-10 12:00:00+00:00,2026-02-11 05:00:00+00:00,2,10,0.0168613561062815,7a9f78e7185f367e,27d2f66313da287e3836,f874e9a38d902d94ec5ec4e0f74a835f3354559104d62ee2a2713550de458d4f,https://single-runs-api.open-meteo.com/v1/forecast,ecmwf_ifs,2026-02-10 19:00:00+00:00,43.643198,78.538828,43.620384,78.47891,2026-02-11 10:00:00+05:00
2026-02-10 19:00:00+00:00,2026-02-10 12:00:00+00:00,2026-02-11 06:00:00+00:00,1,11,0.03991388667008,7a9f78e7185f367e,27d2f66313da287e3836,f874e9a38d902d94ec5ec4e0f74a835f3354559104d62ee2a2713550de458d4f,https://single-runs-api.open-meteo.com/v1/forecast,ecmwf_ifs,2026-02-10 19:00:00+00:00,43.64515,78.535604,43.620384,78.47891,2026-02-11 11:00:00+05:00
2026-02-10 19:00:00+00:00,2026-02-10 12:00:00+00:00,2026-02-11 06:00:00+00:00,2,11,0.0385824088845846,7a9f78e7185f367e,27d2f66313da287e3836,f874e9a38d902d94ec5ec4e0f74a835f3354559104d62ee2a2713550de458d4f,https://single-runs-api.open-meteo.com/v1/forecast,ecmwf_ifs,2026-02-10 19:00:00+00:00,43.643198,78.538828,43.620384,78.47891,2026-02-11 11:00:00+05:00
2026-02-10 19:00:00+00:00,2026-02-10 12:00:00+00:00,2026-02-11 07:00:00+00:00,1,12,0.0438982762288708,7a9f78e7185f367e,27d2f66313da287e3836,f874e9a38d902d94ec5ec4e0f74a835f3354559104d62ee2a2713550de458d4f,https://single-runs-api.open-meteo.com/v1/forecast,ecmwf_ifs,2026-02-10 19:00:00+00:00,43.64515,78.535604,43.620384,78.47891,2026-02-11 12:00:00+05:00
2026-02-10 19:00:00+00:00,2026-02-10 12:00:00+00:00,2026-02-11 07:00:00+00:00,2,12,0.0417667046903004,7a9f78e7185f367e,27d2f66313da287e3836,f874e9a38d902d94ec5ec4e0f74a835f3354559104d62ee2a2713550de458d4f,https://single-runs-api.open-meteo.com/v1/forecast,ecmwf_ifs,2026-02-10 19:00:00+00:00,43.643198,78.538828,43.620384,78.47891,2026-02-11 12:00:00+05:00
2026-02-10 19:00:00+00:00,2026-02-10 12:00:00+00:00,2026-02-11 08:00:00+00:00,1,13,0.1584574033992033,7a9f78e7185f367e,27d2f66313da287e3836,f874e9a38d902d94ec5ec4e0f74a835f3354559104d62ee2a2713550de458d4f,https://single-runs-api.open-meteo.com/v1/forecast,ecmwf_ifs,2026-02-10 19:00:00+00:00,43.64515,78.535604,43.620384,78.47891,2026-02-11 13:00:00+05:00
2026-02-10 19:00:00+00:00,2026-02-10 12:00:00+00:00,2026-02-11 08:00:00+00:00,2,13,0.1524195428379268,7a9f78e7185f367e,27d2f66313da287e3836,f874e9a38d902d94ec5ec4e0f74a835f3354559104d62ee2a2713550de458d4f,https://single-runs-api.open-meteo.com/v1/forecast,ecmwf_ifs,2026-02-10 19:00:00+00:00,43.643198,78.538828,43.620384,78.47891,2026-02-11 13:00:00+05:00
2026-02-10 19:00:00+00:00,2026-02-10 12:00:00+00:00,2026-02-11 09:00:00+00:00,1,14,0.7077697118610937,7a9f78e7185f367e,27d2f66313da287e3836,f874e9a38d902d94ec5ec4e0f74a835f3354559104d62ee2a2713550de458d4f,https://single-runs-api.open-meteo.com/v1/forecast,ecmwf_ifs,2026-02-10 19:00:00+00:00,43.64515,78.535604,43.620384,78.47891,2026-02-11 14:00:00+05:00
2026-02-10 19:00:00+00:00,2026-02-10 12:00:00+00:00,2026-02-11 09:00:00+00:00,2,14,0.7041886125320804,7a9f78e7185f367e,27d2f66313da287e3836,f874e9a38d902d94ec5ec4e0f74a835f3354559104d62ee2a2713550de458d4f,https://single-runs-api.open-meteo.com/v1/forecast,ecmwf_ifs,2026-02-10 19:00:00+00:00,43.643198,78.538828,43.620384,78.47891,2026-02-11 14:00:00+05:00
2026-02-10 19:00:00+00:00,2026-02-10 12:00:00+00:00,2026-02-11 10:00:00+00:00,1,15,0.9214520713184744,7a9f78e7185f367e,27d2f66313da287e3836,f874e9a38d902d94ec5ec4e0f74a835f3354559104d62ee2a2713550de458d4f,https://single-runs-api.open-meteo.com/v1/forecast,ecmwf_ifs,2026-02-10 19:00:00+00:00,43.64515,78.535604,43.620384,78.47891,2026-02-11 15:00:00+05:00
2026-02-10 19:00:00+00:00,2026-02-10 12:00:00+00:00,2026-02-11 10:00:00+00:00,2,15,0.9139678965019988,7a9f78e7185f367e,27d2f66313da287e3836,f874e9a38d902d94ec5ec4e0f74a835f3354559104d62ee2a2713550de458d4f,https://single-runs-api.open-meteo.com/v1/forecast,ecmwf_ifs,2026-02-10 19:00:00+00:00,43.643198,78.538828,43.620384,78.47891,2026-02-11 15:00:00+05:00
2026-02-10 19:00:00+00:00,2026-02-10 12:00:00+00:00,2026-02-11 11:00:00+00:00,1,16,0.9112689477459602,7a9f78e7185f367e,27d2f66313da287e3836,f874e9a38d902d94ec5ec4e0f74a835f3354559104d62ee2a2713550de458d4f,https://single-runs-api.open-meteo.com/v1/forecast,ecmwf_ifs,2026-02-10 19:00:00+00:00,43.64515,78.535604,43.620384,78.47891,2026-02-11 16:00:00+05:00
2026-02-10 19:00:00+00:00,2026-02-10 12:00:00+00:00,2026-02-11 11:00:00+00:00,2,16,0.9033155627868756,7a9f78e7185f367e,27d2f66313da287e3836,f874e9a38d902d94ec5ec4e0f74a835f3354559104d62ee2a2713550de458d4f,https://single-runs-api.open-meteo.com/v1/forecast,ecmwf_ifs,2026-02-10 19:00:00+00:00,43.643198,78.538828,43.620384,78.47891,2026-02-11 16:00:00+05:00
2026-02-10 19:00:00+00:00,2026-02-10 12:00:00+00:00,2026-02-11 12:00:00+00:00,1,17,0.9887548560359186,7a9f78e7185f367e,27d2f66313da287e3836,f874e9a38d902d94ec5ec4e0f74a835f3354559104d62ee2a2713550de458d4f,https://single-runs-api.open-meteo.com/v1/forecast,ecmwf_ifs,2026-02-10 19:00:00+00:00,43.64515,78.535604,43.620384,78.47891,2026-02-11 17:00:00+05:00
2026-02-10 19:00:00+00:00,2026-02-10 12:00:00+00:00,2026-02-11 12:00:00+00:00,2,17,0.978418354314774,7a9f78e7185f367e,27d2f66313da287e3836,f874e9a38d902d94ec5ec4e0f74a835f3354559104d62ee2a2713550de458d4f,https://single-runs-api.open-meteo.com/v1/forecast,ecmwf_ifs,2026-02-10 19:00:00+00:00,43.643198,78.538828,43.620384,78.47891,2026-02-11 17:00:00+05:00
2026-02-10 19:00:00+00:00,2026-02-10 12:00:00+00:00,2026-02-11 13:00:00+00:00,1,18,0.9807224996152748,7a9f78e7185f367e,27d2f66313da287e3836,f874e9a38d902d94ec5ec4e0f74a835f3354559104d62ee2a2713550de458d4f,https://single-runs-api.open-meteo.com/v1/forecast,ecmwf_ifs,2026-02-10 19:00:00+00:00,43.64515,78.535604,43.620384,78.47891,2026-02-11 18:00:00+05:00
2026-02-10 19:00:00+00:00,2026-02-10 12:00:00+00:00,2026-02-11 13:00:00+00:00,2,18,0.970182365447961,7a9f78e7185f367e,27d2f66313da287e3836,f874e9a38d902d94ec5ec4e0f74a835f3354559104d62ee2a2713550de458d4f,https://single-runs-api.open-meteo.com/v1/forecast,ecmwf_ifs,2026-02-10 19:00:00+00:00,43.643198,78.538828,43.620384,78.47891,2026-02-11 18:00:00+05:00
2026-02-10 19:00:00+00:00,2026-02-10 12:00:00+00:00,2026-02-11 14:00:00+00:00,1,19,0.9752349392879484,7a9f78e7185f367e,27d2f66313da287e3836,f874e9a38d902d94ec5ec4e0f74a835f3354559104d62ee2a2713550de458d4f,https://single-runs-api.open-meteo.com/v1/forecast,ecmwf_ifs,2026-02-10 19:00:00+00:00,43.64515,78.535604,43.620384,78.47891,2026-02-11 19:00:00+05:00
2026-02-10 19:00:00+00:00,2026-02-10 12:00:00+00:00,2026-02-11 14:00:00+00:00,2,19,0.9670143838471164,7a9f78e7185f367e,27d2f66313da287e3836,f874e9a38d902d94ec5ec4e0f74a835f3354559104d62ee2a2713550de458d4f,https://single-runs-api.open-meteo.com/v1/forecast,ecmwf_ifs,2026-02-10 19:00:00+00:00,43.643198,78.538828,43.620384,78.47891,2026-02-11 19:00:00+05:00
2026-02-10 19:00:00+00:00,2026-02-10 12:00:00+00:00,2026-02-11 15:00:00+00:00,1,20,0.9583409330125588,7a9f78e7185f367e,27d2f66313da287e3836,f874e9a38d902d94ec5ec4e0f74a835f3354559104d62ee2a2713550de458d4f,https://single-runs-api.open-meteo.com/v1/forecast,ecmwf_ifs,2026-02-10 19:00:00+00:00,43.64515,78.535604,43.620384,78.47891,2026-02-11 20:00:00+05:00
2026-02-10 19:00:00+00:00,2026-02-10 12:00:00+00:00,2026-02-11 15:00:00+00:00,2,20,0.9517620450784776,7a9f78e7185f367e,27d2f66313da287e3836,f874e9a38d902d94ec5ec4e0f74a835f3354559104d62ee2a2713550de458d4f,https://single-runs-api.open-meteo.com/v1/forecast,ecmwf_ifs,2026-02-10 19:00:00+00:00,43.643198,78.538828,43.620384,78.47891,2026-02-11 20:00:00+05:00
2026-02-10 19:00:00+00:00,2026-02-10 12:00:00+00:00,2026-02-11 16:00:00+00:00,1,21,0.9509877516554488,7a9f78e7185f367e,27d2f66313da287e3836,f874e9a38d902d94ec5ec4e0f74a835f3354559104d62ee2a2713550de458d4f,https://single-runs-api.open-meteo.com/v1/forecast,ecmwf_ifs,2026-02-10 19:00:00+00:00,43.64515,78.535604,43.620384,78.47891,2026-02-11 21:00:00+05:00
2026-02-10 19:00:00+00:00,2026-02-10 12:00:00+00:00,2026-02-11 16:00:00+00:00,2,21,0.9442401283442728,7a9f78e7185f367e,27d2f66313da287e3836,f874e9a38d902d94ec5ec4e0f74a835f3354559104d62ee2a2713550de458d4f,https://single-runs-api.open-meteo.com/v1/forecast,ecmwf_ifs,2026-02-10 19:00:00+00:00,43.643198,78.538828,43.620384,78.47891,2026-02-11 21:00:00+05:00
2026-02-10 19:00:00+00:00,2026-02-10 12:00:00+00:00,2026-02-11 17:00:00+00:00,1,22,0.9475769734002318,7a9f78e7185f367e,27d2f66313da287e3836,f874e9a38d902d94ec5ec4e0f74a835f3354559104d62ee2a2713550de458d4f,https://single-runs-api.open-meteo.com/v1/forecast,ecmwf_ifs,2026-02-10 19:00:00+00:00,43.64515,78.535604,43.620384,78.47891,2026-02-11 22:00:00+05:00
2026-02-10 19:00:00+00:00,2026-02-10 12:00:00+00:00,2026-02-11 17:00:00+00:00,2,22,0.940168669665664,7a9f78e7185f367e,27d2f66313da287e3836,f874e9a38d902d94ec5ec4e0f74a835f3354559104d62ee2a2713550de458d4f,https://single-runs-api.open-meteo.com/v1/forecast,ecmwf_ifs,2026-02-10 19:00:00+00:00,43.643198,78.538828,43.620384,78.47891,2026-02-11 22:00:00+05:00
2026-02-10 19:00:00+00:00,2026-02-10 12:00:00+00:00,2026-02-11 18:00:00+00:00,1,23,0.8801288026291801,7a9f78e7185f367e,27d2f66313da287e3836,f874e9a38d902d94ec5ec4e0f74a835f3354559104d62ee2a2713550de458d4f,https://single-runs-api.open-meteo.com/v1/forecast,ecmwf_ifs,2026-02-10 19:00:00+00:00,43.64515,78.535604,43.620384,78.47891,2026-02-11 23:00:00+05:00
2026-02-10 19:00:00+00:00,2026-02-10 12:00:00+00:00,2026-02-11 18:00:00+00:00,2,23,0.8740079033919195,7a9f78e7185f367e,27d2f66313da287e3836,f874e9a38d902d94ec5ec4e0f74a835f3354559104d62ee2a2713550de458d4f,https://single-runs-api.open-meteo.com/v1/forecast,ecmwf_ifs,2026-02-10 19:00:00+00:00,43.643198,78.538828,43.620384,78.47891,2026-02-11 23:00:00+05:00
2026-02-10 19:00:00+00:00,2026-02-10 12:00:00+00:00,2026-02-11 19:00:00+00:00,1,24,0.790498799610813,7a9f78e7185f367e,27d2f66313da287e3836,f874e9a38d902d94ec5ec4e0f74a835f3354559104d62ee2a2713550de458d4f,https://single-runs-api.open-meteo.com/v1/forecast,ecmwf_ifs,2026-02-10 19:00:00+00:00,43.64515,78.535604,43.620384,78.47891,2026-02-12 00:00:00+05:00
2026-02-10 19:00:00+00:00,2026-02-10 12:00:00+00:00,2026-02-11 19:00:00+00:00,2,24,0.7850576373927293,7a9f78e7185f367e,27d2f66313da287e3836,f874e9a38d902d94ec5ec4e0f74a835f3354559104d62ee2a2713550de458d4f,https://single-runs-api.open-meteo.com/v1/forecast,ecmwf_ifs,2026-02-10 19:00:00+00:00,43.643198,78.538828,43.620384,78.47891,2026-02-12 00:00:00+05:00
2026-02-11 19:00:00+00:00,2026-02-11 12:00:00+00:00,2026-02-11 20:00:00+00:00,1,1,0.5453011235255664,7a9f78e7185f367e,b40652708580c61c98bc,ebee184b4434806fa0c75b3f4ac8f0b8822c5cb3586b2fc48d97840aff6b0b2c,https://single-runs-api.open-meteo.com/v1/forecast,ecmwf_ifs,2026-02-11 19:00:00+00:00,43.64515,78.535604,43.620384,78.47891,2026-02-12 01:00:00+05:00
2026-02-11 19:00:00+00:00,2026-02-11 12:00:00+00:00,2026-02-11 20:00:00+00:00,2,1,0.5410972480999333,7a9f78e7185f367e,b40652708580c61c98bc,ebee184b4434806fa0c75b3f4ac8f0b8822c5cb3586b2fc48d97840aff6b0b2c,https://single-runs-api.open-meteo.com/v1/forecast,ecmwf_ifs,2026-02-11 19:00:00+00:00,43.643198,78.538828,43.620384,78.47891,2026-02-12 01:00:00+05:00
2026-02-11 19:00:00+00:00,2026-02-11 12:00:00+00:00,2026-02-11 21:00:00+00:00,1,2,0.417463340770281,7a9f78e7185f367e,b40652708580c61c98bc,ebee184b4434806fa0c75b3f4ac8f0b8822c5cb3586b2fc48d97840aff6b0b2c,https://single-runs-api.open-meteo.com/v1/forecast,ecmwf_ifs,2026-02-11 19:00:00+00:00,43.64515,78.535604,43.620384,78.47891,2026-02-12 02:00:00+05:00
2026-02-11 19:00:00+00:00,2026-02-11 12:00:00+00:00,2026-02-11 21:00:00+00:00,2,2,0.4135084352674443,7a9f78e7185f367e,b40652708580c61c98bc,ebee184b4434806fa0c75b3f4ac8f0b8822c5cb3586b2fc48d97840aff6b0b2c,https://single-runs-api.open-meteo.com/v1/forecast,ecmwf_ifs,2026-02-11 19:00:00+00:00,43.643198,78.538828,43.620384,78.47891,2026-02-12 02:00:00+05:00
2026-02-11 19:00:00+00:00,2026-02-11 12:00:00+00:00,2026-02-11 22:00:00+00:00,1,3,0.315863298678304,7a9f78e7185f367e,b40652708580c61c98bc,ebee184b4434806fa0c75b3f4ac8f0b8822c5cb3586b2fc48d97840aff6b0b2c,https://single-runs-api.open-meteo.com/v1/forecast,ecmwf_ifs,2026-02-11 19:00:00+00:00,43.64515,78.535604,43.620384,78.47891,2026-02-12 03:00:00+05:00
2026-02-11 19:00:00+00:00,2026-02-11 12:00:00+00:00,2026-02-11 22:00:00+00:00,2,3,0.3116557736277563,7a9f78e7185f367e,b40652708580c61c98bc,ebee184b4434806fa0c75b3f4ac8f0b8822c5cb3586b2fc48d97840aff6b0b2c,https://single-runs-api.open-meteo.com/v1/forecast,ecmwf_ifs,2026-02-11 19:00:00+00:00,43.643198,78.538828,43.620384,78.47891,2026-02-12 03:00:00+05:00
2026-02-11 19:00:00+00:00,2026-02-11 12:00:00+00:00,2026-02-11 23:00:00+00:00,1,4,0.3478051705708573,7a9f78e7185f367e,b40652708580c61c98bc,ebee184b4434806fa0c75b3f4ac8f0b8822c5cb3586b2fc48d97840aff6b0b2c,https://single-runs-api.open-meteo.com/v1/forecast,ecmwf_ifs,2026-02-11 19:00:00+00:00,43.64515,78.535604,43.620384,78.47891,2026-02-12 04:00:00+05:00
2026-02-11 19:00:00+00:00,2026-02-11 12:00:00+00:00,2026-02-11 23:00:00+00:00,2,4,0.3434263338390221,7a9f78e7185f367e,b40652708580c61c98bc,ebee184b4434806fa0c75b3f4ac8f0b8822c5cb3586b2fc48d97840aff6b0b2c,https://single-runs-api.open-meteo.com/v1/forecast,ecmwf_ifs,2026-02-11 19:00:00+00:00,43.643198,78.538828,43.620384,78.47891,2026-02-12 04:00:00+05:00
2026-02-11 19:00:00+00:00,2026-02-11 12:00:00+00:00,2026-02-12 00:00:00+00:00,1,5,0.1840195539361282,7a9f78e7185f367e,b40652708580c61c98bc,ebee184b4434806fa0c75b3f4ac8f0b8822c5cb3586b2fc48d97840aff6b0b2c,https://single-runs-api.open-meteo.com/v1/forecast,ecmwf_ifs,2026-02-11 19:00:00+00:00,43.64515,78.535604,43.620384,78.47891,2026-02-12 05:00:00+05:00
2026-02-11 19:00:00+00:00,2026-02-11 12:00:00+00:00,2026-02-12 00:00:00+00:00,2,5,0.1799349237292605,7a9f78e7185f367e,b40652708580c61c98bc,ebee184b4434806fa0c75b3f4ac8f0b8822c5cb3586b2fc48d97840aff6b0b2c,https://single-runs-api.open-meteo.com/v1/forecast,ecmwf_ifs,2026-02-11 19:00:00+00:00,43.643198,78.538828,43.620384,78.47891,2026-02-12 05:00:00+05:00
2026-02-11 19:00:00+00:00,2026-02-11 12:00:00+00:00,2026-02-12 01:00:00+00:00,1,6,0.1433808379592509,7a9f78e7185f367e,b40652708580c61c98bc,ebee184b4434806fa0c75b3f4ac8f0b8822c5cb3586b2fc48d97840aff6b0b2c,https://single-runs-api.open-meteo.com/v1/forecast,ecmwf_ifs,2026-02-11 19:00:00+00:00,43.64515,78.535604,43.620384,78.47891,2026-02-12 06:00:00+05:00
2026-02-11 19:00:00+00:00,2026-02-11 12:00:00+00:00,2026-02-12 01:00:00+00:00,2,6,0.1396826388736278,7a9f78e7185f367e,b40652708580c61c98bc,ebee184b4434806fa0c75b3f4ac8f0b8822c5cb3586b2fc48d97840aff6b0b2c,https://single-runs-api.open-meteo.com/v1/forecast,ecmwf_ifs,2026-02-11 19:00:00+00:00,43.643198,78.538828,43.620384,78.47891,2026-02-12 06:00:00+05:00
2026-02-11 19:00:00+00:00,2026-02-11 12:00:00+00:00,2026-02-12 02:00:00+00:00,1,7,0.0522286609736682,7a9f78e7185f367e,b40652708580c61c98bc,ebee184b4434806fa0c75b3f4ac8f0b8822c5cb3586b2fc48d97840aff6b0b2c,https://single-runs-api.open-meteo.com/v1/forecast,ecmwf_ifs,2026-02-11 19:00:00+00:00,43.64515,78.535604,43.620384,78.47891,2026-02-12 07:00:00+05:00
2026-02-11 19:00:00+00:00,2026-02-11 12:00:00+00:00,2026-02-12 02:00:00+00:00,2,7,0.0496997446017753,7a9f78e7185f367e,b40652708580c61c98bc,ebee184b4434806fa0c75b3f4ac8f0b8822c5cb3586b2fc48d97840aff6b0b2c,https://single-runs-api.open-meteo.com/v1/forecast,ecmwf_ifs,2026-02-11 19:00:00+00:00,43.643198,78.538828,43.620384,78.47891,2026-02-12 07:00:00+05:00
2026-02-11 19:00:00+00:00,2026-02-11 12:00:00+00:00,2026-02-12 03:00:00+00:00,1,8,0.0178054668805687,7a9f78e7185f367e,b40652708580c61c98bc,ebee184b4434806fa0c75b3f4ac8f0b8822c5cb3586b2fc48d97840aff6b0b2c,https://single-runs-api.open-meteo.com/v1/forecast,ecmwf_ifs,2026-02-11 19:00:00+00:00,43.64515,78.535604,43.620384,78.47891,2026-02-12 08:00:00+05:00
2026-02-11 19:00:00+00:00,2026-02-11 12:00:00+00:00,2026-02-12 03:00:00+00:00,2,8,0.0159750467811228,7a9f78e7185f367e,b40652708580c61c98bc,ebee184b4434806fa0c75b3f4ac8f0b8822c5cb3586b2fc48d97840aff6b0b2c,https://single-runs-api.open-meteo.com/v1/forecast,ecmwf_ifs,2026-02-11 19:00:00+00:00,43.643198,78.538828,43.620384,78.47891,2026-02-12 08:00:00+05:00
2026-02-11 19:00:00+00:00,2026-02-11 12:00:00+00:00,2026-02-12 04:00:00+00:00,1,9,0.0150562901228925,7a9f78e7185f367e,b40652708580c61c98bc,ebee184b4434806fa0c75b3f4ac8f0b8822c5cb3586b2fc48d97840aff6b0b2c,https://single-runs-api.open-meteo.com/v1/forecast,ecmwf_ifs,2026-02-11 19:00:00+00:00,43.64515,78.535604,43.620384,78.47891,2026-02-12 09:00:00+05:00
2026-02-11 19:00:00+00:00,2026-02-11 12:00:00+00:00,2026-02-12 04:00:00+00:00,2,9,0.0137374863197875,7a9f78e7185f367e,b40652708580c61c98bc,ebee184b4434806fa0c75b3f4ac8f0b8822c5cb3586b2fc48d97840aff6b0b2c,https://single-runs-api.open-meteo.com/v1/forecast,ecmwf_ifs,2026-02-11 19:00:00+00:00,43.643198,78.538828,43.620384,78.47891,2026-02-12 09:00:00+05:00
2026-02-11 19:00:00+00:00,2026-02-11 12:00:00+00:00,2026-02-12 05:00:00+00:00,1,10,0.004415361963839,7a9f78e7185f367e,b40652708580c61c98bc,ebee184b4434806fa0c75b3f4ac8f0b8822c5cb3586b2fc48d97840aff6b0b2c,https://single-runs-api.open-meteo.com/v1/forecast,ecmwf_ifs,2026-02-11 19:00:00+00:00,43.64515,78.535604,43.620384,78.47891,2026-02-12 10:00:00+05:00
2026-02-11 19:00:00+00:00,2026-02-11 12:00:00+00:00,2026-02-12 05:00:00+00:00,2,10,0.0029084666069996,7a9f78e7185f367e,b40652708580c61c98bc,ebee184b4434806fa0c75b3f4ac8f0b8822c5cb3586b2fc48d97840aff6b0b2c,https://single-runs-api.open-meteo.com/v1/forecast,ecmwf_ifs,2026-02-11 19:00:00+00:00,43.643198,78.538828,43.620384,78.47891,2026-02-12 10:00:00+05:00
2026-02-11 19:00:00+00:00,2026-02-11 12:00:00+00:00,2026-02-12 06:00:00+00:00,1,11,0.0080202013163473,7a9f78e7185f367e,b40652708580c61c98bc,ebee184b4434806fa0c75b3f4ac8f0b8822c5cb3586b2fc48d97840aff6b0b2c,https://single-runs-api.open-meteo.com/v1/forecast,ecmwf_ifs,2026-02-11 19:00:00+00:00,43.64515,78.535604,43.620384,78.47891,2026-02-12 11:00:00+05:00
2026-02-11 19:00:00+00:00,2026-02-11 12:00:00+00:00,2026-02-12 06:00:00+00:00,2,11,0.0065133059595079,7a9f78e7185f367e,b40652708580c61c98bc,ebee184b4434806fa0c75b3f4ac8f0b8822c5cb3586b2fc48d97840aff6b0b2c,https://single-runs-api.open-meteo.com/v1/forecast,ecmwf_ifs,2026-02-11 19:00:00+00:00,43.643198,78.538828,43.620384,78.47891,2026-02-12 11:00:00+05:00
2026-02-11 19:00:00+00:00,2026-02-11 12:00:00+00:00,2026-02-12 07:00:00+00:00,1,12,0.006889478338032,7a9f78e7185f367e,b40652708580c61c98bc,ebee184b4434806fa0c75b3f4ac8f0b8822c5cb3586b2fc48d97840aff6b0b2c,https://single-runs-api.open-meteo.com/v1/forecast,ecmwf_ifs,2026-02-11 19:00:00+00:00,43.64515,78.535604,43.620384,78.47891,2026-02-12 12:00:00+05:00
2026-02-11 19:00:00+00:00,2026-02-11 12:00:00+00:00,2026-02-12 07:00:00+00:00,2,12,0.0054661974041261,7a9f78e7185f367e,b40652708580c61c98bc,ebee184b4434806fa0c75b3f4ac8f0b8822c5cb3586b2fc48d97840aff6b0b2c,https://single-runs-api.open-meteo.com/v1/forecast,ecmwf_ifs,2026-02-11 19:00:00+00:00,43.643198,78.538828,43.620384,78.47891,2026-02-12 12:00:00+05:00
2026-02-11 19:00:00+00:00,2026-02-11 12:00:00+00:00,2026-02-12 08:00:00+00:00,1,13,0.0133197480943152,7a9f78e7185f367e,b40652708580c61c98bc,ebee184b4434806fa0c75b3f4ac8f0b8822c5cb3586b2fc48d97840aff6b0b2c,https://single-runs-api.open-meteo.com/v1/forecast,ecmwf_ifs,2026-02-11 19:00:00+00:00,43.64515,78.535604,43.620384,78.47891,2026-02-12 13:00:00+05:00
2026-02-11 19:00:00+00:00,2026-02-11 12:00:00+00:00,2026-02-12 08:00:00+00:00,2,13,0.011801641111029,7a9f78e7185f367e,b40652708580c61c98bc,ebee184b4434806fa0c75b3f4ac8f0b8822c5cb3586b2fc48d97840aff6b0b2c,https://single-runs-api.open-meteo.com/v1/forecast,ecmwf_ifs,2026-02-11 19:00:00+00:00,43.643198,78.538828,43.620384,78.47891,2026-02-12 13:00:00+05:00
2026-02-11 19:00:00+00:00,2026-02-11 12:00:00+00:00,2026-02-12 09:00:00+00:00,1,14,0.0137260987284708,7a9f78e7185f367e,b40652708580c61c98bc,ebee184b4434806fa0c75b3f4ac8f0b8822c5cb3586b2fc48d97840aff6b0b2c,https://single-runs-api.open-meteo.com/v1/forecast,ecmwf_ifs,2026-02-11 19:00:00+00:00,43.64515,78.535604,43.620384,78.47891,2026-02-12 14:00:00+05:00
2026-02-11 19:00:00+00:00,2026-02-11 12:00:00+00:00,2026-02-12 09:00:00+00:00,2,14,0.0123345755764177,7a9f78e7185f367e,b40652708580c61c98bc,ebee184b4434806fa0c75b3f4ac8f0b8822c5cb3586b2fc48d97840aff6b0b2c,https://single-runs-api.open-meteo.com/v1/forecast,ecmwf_ifs,2026-02-11 19:00:00+00:00,43.643198,78.538828,43.620384,78.47891,2026-02-12 14:00:00+05:00
2026-02-11 19:00:00+00:00,2026-02-11 12:00:00+00:00,2026-02-12 10:00:00+00:00,1,15,0.0095925845399148,7a9f78e7185f367e,b40652708580c61c98bc,ebee184b4434806fa0c75b3f4ac8f0b8822c5cb3586b2fc48d97840aff6b0b2c,https://single-runs-api.open-meteo.com/v1/forecast,ecmwf_ifs,2026-02-11 19:00:00+00:00,43.64515,78.535604,43.620384,78.47891,2026-02-12 15:00:00+05:00
2026-02-11 19:00:00+00:00,2026-02-11 12:00:00+00:00,2026-02-12 10:00:00+00:00,2,15,0.0080474616475053,7a9f78e7185f367e,b40652708580c61c98bc,ebee184b4434806fa0c75b3f4ac8f0b8822c5cb3586b2fc48d97840aff6b0b2c,https://single-runs-api.open-meteo.com/v1/forecast,ecmwf_ifs,2026-02-11 19:00:00+00:00,43.643198,78.538828,43.620384,78.47891,2026-02-12 15:00:00+05:00
2026-02-11 19:00:00+00:00,2026-02-11 12:00:00+00:00,2026-02-12 11:00:00+00:00,1,16,0.0262188737101795,7a9f78e7185f367e,b40652708580c61c98bc,ebee184b4434806fa0c75b3f4ac8f0b8822c5cb3586b2fc48d97840aff6b0b2c,https://single-runs-api.open-meteo.com/v1/forecast,ecmwf_ifs,2026-02-11 19:00:00+00:00,43.64515,78.535604,43.620384,78.47891,2026-02-12 16:00:00+05:00
2026-02-11 19:00:00+00:00,2026-02-11 12:00:00+00:00,2026-02-12 11:00:00+00:00,2,16,0.0247707299568377,7a9f78e7185f367e,b40652708580c61c98bc,ebee184b4434806fa0c75b3f4ac8f0b8822c5cb3586b2fc48d97840aff6b0b2c,https://single-runs-api.open-meteo.com/v1/forecast,ecmwf_ifs,2026-02-11 19:00:00+00:00,43.643198,78.538828,43.620384,78.47891,2026-02-12 16:00:00+05:00
2026-02-11 19:00:00+00:00,2026-02-11 12:00:00+00:00,2026-02-12 12:00:00+00:00,1,17,0.0634514179001698,7a9f78e7185f367e,b40652708580c61c98bc,ebee184b4434806fa0c75b3f4ac8f0b8822c5cb3586b2fc48d97840aff6b0b2c,https://single-runs-api.open-meteo.com/v1/forecast,ecmwf_ifs,2026-02-11 19:00:00+00:00,43.64515,78.535604,43.620384,78.47891,2026-02-12 17:00:00+05:00
2026-02-11 19:00:00+00:00,2026-02-11 12:00:00+00:00,2026-02-12 12:00:00+00:00,2,17,0.0610919074715806,7a9f78e7185f367e,b40652708580c61c98bc,ebee184b4434806fa0c75b3f4ac8f0b8822c5cb3586b2fc48d97840aff6b0b2c,https://single-runs-api.open-meteo.com/v1/forecast,ecmwf_ifs,2026-02-11 19:00:00+00:00,43.643198,78.538828,43.620384,78.47891,2026-02-12 17:00:00+05:00
2026-02-11 19:00:00+00:00,2026-02-11 12:00:00+00:00,2026-02-12 13:00:00+00:00,1,18,0.0762608977315927,7a9f78e7185f367e,b40652708580c61c98bc,ebee184b4434806fa0c75b3f4ac8f0b8822c5cb3586b2fc48d97840aff6b0b2c,https://single-runs-api.open-meteo.com/v1/forecast,ecmwf_ifs,2026-02-11 19:00:00+00:00,43.64515,78.535604,43.620384,78.47891,2026-02-12 18:00:00+05:00
2026-02-11 19:00:00+00:00,2026-02-11 12:00:00+00:00,2026-02-12 13:00:00+00:00,2,18,0.0739514811873948,7a9f78e7185f367e,b40652708580c61c98bc,ebee184b4434806fa0c75b3f4ac8f0b8822c5cb3586b2fc48d97840aff6b0b2c,https://single-runs-api.open-meteo.com/v1/forecast,ecmwf_ifs,2026-02-11 19:00:00+00:00,43.643198,78.538828,43.620384,78.47891,2026-02-12 18:00:00+05:00
2026-02-11 19:00:00+00:00,2026-02-11 12:00:00+00:00,2026-02-12 14:00:00+00:00,1,19,0.0624852225326284,7a9f78e7185f367e,b40652708580c61c98bc,ebee184b4434806fa0c75b3f4ac8f0b8822c5cb3586b2fc48d97840aff6b0b2c,https://single-runs-api.open-meteo.com/v1/forecast,ecmwf_ifs,2026-02-11 19:00:00+00:00,43.64515,78.535604,43.620384,78.47891,2026-02-12 19:00:00+05:00
2026-02-11 19:00:00+00:00,2026-02-11 12:00:00+00:00,2026-02-12 14:00:00+00:00,2,19,0.0599755513732032,7a9f78e7185f367e,b40652708580c61c98bc,ebee184b4434806fa0c75b3f4ac8f0b8822c5cb3586b2fc48d97840aff6b0b2c,https://single-runs-api.open-meteo.com/v1/forecast,ecmwf_ifs,2026-02-11 19:00:00+00:00,43.643198,78.538828,43.620384,78.47891,2026-02-12 19:00:00+05:00
2026-02-11 19:00:00+00:00,2026-02-11 12:00:00+00:00,2026-02-12 15:00:00+00:00,1,20,0.0853704818803345,7a9f78e7185f367e,b40652708580c61c98bc,ebee184b4434806fa0c75b3f4ac8f0b8822c5cb3586b2fc48d97840aff6b0b2c,https://single-runs-api.open-meteo.com/v1/forecast,ecmwf_ifs,2026-02-11 19:00:00+00:00,43.64515,78.535604,43.620384,78.47891,2026-02-12 20:00:00+05:00
2026-02-11 19:00:00+00:00,2026-02-11 12:00:00+00:00,2026-02-12 15:00:00+00:00,2,20,0.0833026677210426,7a9f78e7185f367e,b40652708580c61c98bc,ebee184b4434806fa0c75b3f4ac8f0b8822c5cb3586b2fc48d97840aff6b0b2c,https://single-runs-api.open-meteo.com/v1/forecast,ecmwf_ifs,2026-02-11 19:00:00+00:00,43.643198,78.538828,43.620384,78.47891,2026-02-12 20:00:00+05:00
2026-02-11 19:00:00+00:00,2026-02-11 12:00:00+00:00,2026-02-12 16:00:00+00:00,1,21,0.0660884176208889,7a9f78e7185f367e,b40652708580c61c98bc,ebee184b4434806fa0c75b3f4ac8f0b8822c5cb3586b2fc48d97840aff6b0b2c,https://single-runs-api.open-meteo.com/v1/forecast,ecmwf_ifs,2026-02-11 19:00:00+00:00,43.64515,78.535604,43.620384,78.47891,2026-02-12 21:00:00+05:00
2026-02-11 19:00:00+00:00,2026-02-11 12:00:00+00:00,2026-02-12 16:00:00+00:00,2,21,0.0635684627978247,7a9f78e7185f367e,b40652708580c61c98bc,ebee184b4434806fa0c75b3f4ac8f0b8822c5cb3586b2fc48d97840aff6b0b2c,https://single-runs-api.open-meteo.com/v1/forecast,ecmwf_ifs,2026-02-11 19:00:00+00:00,43.643198,78.538828,43.620384,78.47891,2026-02-12 21:00:00+05:00
2026-02-11 19:00:00+00:00,2026-02-11 12:00:00+00:00,2026-02-12 17:00:00+00:00,1,22,0.0483644529608025,7a9f78e7185f367e,b40652708580c61c98bc,ebee184b4434806fa0c75b3f4ac8f0b8822c5cb3586b2fc48d97840aff6b0b2c,https://single-runs-api.open-meteo.com/v1/forecast,ecmwf_ifs,2026-02-11 19:00:00+00:00,43.64515,78.535604,43.620384,78.47891,2026-02-12 22:00:00+05:00
2026-02-11 19:00:00+00:00,2026-02-11 12:00:00+00:00,2026-02-12 17:00:00+00:00,2,22,0.046547691264565,7a9f78e7185f367e,b40652708580c61c98bc,ebee184b4434806fa0c75b3f4ac8f0b8822c5cb3586b2fc48d97840aff6b0b2c,https://single-runs-api.open-meteo.com/v1/forecast,ecmwf_ifs,2026-02-11 19:00:00+00:00,43.643198,78.538828,43.620384,78.47891,2026-02-12 22:00:00+05:00
2026-02-11 19:00:00+00:00,2026-02-11 12:00:00+00:00,2026-02-12 18:00:00+00:00,1,23,0.0154904513129982,7a9f78e7185f367e,b40652708580c61c98bc,ebee184b4434806fa0c75b3f4ac8f0b8822c5cb3586b2fc48d97840aff6b0b2c,https://single-runs-api.open-meteo.com/v1/forecast,ecmwf_ifs,2026-02-11 19:00:00+00:00,43.64515,78.535604,43.620384,78.47891,2026-02-12 23:00:00+05:00
2026-02-11 19:00:00+00:00,2026-02-11 12:00:00+00:00,2026-02-12 18:00:00+00:00,2,23,0.0137739258285773,7a9f78e7185f367e,b40652708580c61c98bc,ebee184b4434806fa0c75b3f4ac8f0b8822c5cb3586b2fc48d97840aff6b0b2c,https://single-runs-api.open-meteo.com/v1/forecast,ecmwf_ifs,2026-02-11 19:00:00+00:00,43.643198,78.538828,43.620384,78.47891,2026-02-12 23:00:00+05:00
2026-02-11 19:00:00+00:00,2026-02-11 12:00:00+00:00,2026-02-12 19:00:00+00:00,1,24,0.0135343965547251,7a9f78e7185f367e,b40652708580c61c98bc,ebee184b4434806fa0c75b3f4ac8f0b8822c5cb3586b2fc48d97840aff6b0b2c,https://single-runs-api.open-meteo.com/v1/forecast,ecmwf_ifs,2026-02-11 19:00:00+00:00,43.64515,78.535604,43.620384,78.47891,2026-02-13 00:00:00+05:00
2026-02-11 19:00:00+00:00,2026-02-11 12:00:00+00:00,2026-02-12 19:00:00+00:00,2,24,0.0117325662387279,7a9f78e7185f367e,b40652708580c61c98bc,ebee184b4434806fa0c75b3f4ac8f0b8822c5cb3586b2fc48d97840aff6b0b2c,https://single-runs-api.open-meteo.com/v1/forecast,ecmwf_ifs,2026-02-11 19:00:00+00:00,43.643198,78.538828,43.620384,78.47891,2026-02-13 00:00:00+05:00
2026-02-12 19:00:00+00:00,2026-02-12 12:00:00+00:00,2026-02-12 20:00:00+00:00,1,1,0.0134364980580883,7a9f78e7185f367e,1d93dbecc68238d9cb03,e595a18f9734aa9b08efd330ca0c8c531ebdce8297f9c51d6a1a5f09a96990d5,https://single-runs-api.open-meteo.com/v1/forecast,ecmwf_ifs,2026-02-12 19:00:00+00:00,43.64515,78.535604,43.620384,78.47891,2026-02-13 01:00:00+05:00
2026-02-12 19:00:00+00:00,2026-02-12 12:00:00+00:00,2026-02-12 20:00:00+00:00,2,1,0.0116741593122869,7a9f78e7185f367e,1d93dbecc68238d9cb03,e595a18f9734aa9b08efd330ca0c8c531ebdce8297f9c51d6a1a5f09a96990d5,https://single-runs-api.open-meteo.com/v1/forecast,ecmwf_ifs,2026-02-12 19:00:00+00:00,43.643198,78.538828,43.620384,78.47891,2026-02-13 01:00:00+05:00
2026-02-12 19:00:00+00:00,2026-02-12 12:00:00+00:00,2026-02-12 21:00:00+00:00,1,2,0.0112341827565085,7a9f78e7185f367e,1d93dbecc68238d9cb03,e595a18f9734aa9b08efd330ca0c8c531ebdce8297f9c51d6a1a5f09a96990d5,https://single-runs-api.open-meteo.com/v1/forecast,ecmwf_ifs,2026-02-12 19:00:00+00:00,43.64515,78.535604,43.620384,78.47891,2026-02-13 02:00:00+05:00
2026-02-12 19:00:00+00:00,2026-02-12 12:00:00+00:00,2026-02-12 21:00:00+00:00,2,2,0.0092412742148003,7a9f78e7185f367e,1d93dbecc68238d9cb03,e595a18f9734aa9b08efd330ca0c8c531ebdce8297f9c51d6a1a5f09a96990d5,https://single-runs-api.open-meteo.com/v1/forecast,ecmwf_ifs,2026-02-12 19:00:00+00:00,43.643198,78.538828,43.620384,78.47891,2026-02-13 02:00:00+05:00
2026-02-12 19:00:00+00:00,2026-02-12 12:00:00+00:00,2026-02-12 22:00:00+00:00,1,3,0.0104384716138312,7a9f78e7185f367e,1d93dbecc68238d9cb03,e595a18f9734aa9b08efd330ca0c8c531ebdce8297f9c51d6a1a5f09a96990d5,https://single-runs-api.open-meteo.com/v1/forecast,ecmwf_ifs,2026-02-12 19:00:00+00:00,43.64515,78.535604,43.620384,78.47891,2026-02-13 03:00:00+05:00
2026-02-12 19:00:00+00:00,2026-02-12 12:00:00+00:00,2026-02-12 22:00:00+00:00,2,3,0.0080551407575966,7a9f78e7185f367e,1d93dbecc68238d9cb03,e595a18f9734aa9b08efd330ca0c8c531ebdce8297f9c51d6a1a5f09a96990d5,https://single-runs-api.open-meteo.com/v1/forecast,ecmwf_ifs,2026-02-12 19:00:00+00:00,43.643198,78.538828,43.620384,78.47891,2026-02-13 03:00:00+05:00
2026-02-12 19:00:00+00:00,2026-02-12 12:00:00+00:00,2026-02-12 23:00:00+00:00,1,4,0.009781821162337,7a9f78e7185f367e,1d93dbecc68238d9cb03,e595a18f9734aa9b08efd330ca0c8c531ebdce8297f9c51d6a1a5f09a96990d5,https://single-runs-api.open-meteo.com/v1/forecast,ecmwf_ifs,2026-02-12 19:00:00+00:00,43.64515,78.535604,43.620384,78.47891,2026-02-13 04:00:00+05:00
2026-02-12 19:00:00+00:00,2026-02-12 12:00:00+00:00,2026-02-12 23:00:00+00:00,2,4,0.0076317401095505,7a9f78e7185f367e,1d93dbecc68238d9cb03,e595a18f9734aa9b08efd330ca0c8c531ebdce8297f9c51d6a1a5f09a96990d5,https://single-runs-api.open-meteo.com/v1/forecast,ecmwf_ifs,2026-02-12 19:00:00+00:00,43.643198,78.538828,43.620384,78.47891,2026-02-13 04:00:00+05:00
2026-02-12 19:00:00+00:00,2026-02-12 12:00:00+00:00,2026-02-13 00:00:00+00:00,1,5,0.0076702533989091,7a9f78e7185f367e,1d93dbecc68238d9cb03,e595a18f9734aa9b08efd330ca0c8c531ebdce8297f9c51d6a1a5f09a96990d5,https://single-runs-api.open-meteo.com/v1/forecast,ecmwf_ifs,2026-02-12 19:00:00+00:00,43.64515,78.535604,43.620384,78.47891,2026-02-13 05:00:00+05:00
2026-02-12 19:00:00+00:00,2026-02-12 12:00:00+00:00,2026-02-13 00:00:00+00:00,2,5,0.0055462116724533,7a9f78e7185f367e,1d93dbecc68238d9cb03,e595a18f9734aa9b08efd330ca0c8c531ebdce8297f9c51d6a1a5f09a96990d5,https://single-runs-api.open-meteo.com/v1/forecast,ecmwf_ifs,2026-02-12 19:00:00+00:00,43.643198,78.538828,43.620384,78.47891,2026-02-13 05:00:00+05:00
2026-02-12 19:00:00+00:00,2026-02-12 12:00:00+00:00,2026-02-13 01:00:00+00:00,1,6,0.0072739543179054,7a9f78e7185f367e,1d93dbecc68238d9cb03,e595a18f9734aa9b08efd330ca0c8c531ebdce8297f9c51d6a1a5f09a96990d5,https://single-runs-api.open-meteo.com/v1/forecast,ecmwf_ifs,2026-02-12 19:00:00+00:00,43.64515,78.535604,43.620384,78.47891,2026-02-13 06:00:00+05:00
2026-02-12 19:00:00+00:00,2026-02-12 12:00:00+00:00,2026-02-13 01:00:00+00:00,2,6,0.0051499125914496,7a9f78e7185f367e,1d93dbecc68238d9cb03,e595a18f9734aa9b08efd330ca0c8c531ebdce8297f9c51d6a1a5f09a96990d5,https://single-runs-api.open-meteo.com/v1/forecast,ecmwf_ifs,2026-02-12 19:00:00+00:00,43.643198,78.538828,43.620384,78.47891,2026-02-13 06:00:00+05:00
2026-02-12 19:00:00+00:00,2026-02-12 12:00:00+00:00,2026-02-13 02:00:00+00:00,1,7,0.0078252462535781,7a9f78e7185f367e,1d93dbecc68238d9cb03,e595a18f9734aa9b08efd330ca0c8c531ebdce8297f9c51d6a1a5f09a96990d5,https://single-runs-api.open-meteo.com/v1/forecast,ecmwf_ifs,2026-02-12 19:00:00+00:00,43.64515,78.535604,43.620384,78.47891,2026-02-13 07:00:00+05:00
2026-02-12 19:00:00+00:00,2026-02-12 12:00:00+00:00,2026-02-13 02:00:00+00:00,2,7,0.0061269424857867,7a9f78e7185f367e,1d93dbecc68238d9cb03,e595a18f9734aa9b08efd330ca0c8c531ebdce8297f9c51d6a1a5f09a96990d5,https://single-runs-api.open-meteo.com/v1/forecast,ecmwf_ifs,2026-02-12 19:00:00+00:00,43.643198,78.538828,43.620384,78.47891,2026-02-13 07:00:00+05:00
2026-02-12 19:00:00+00:00,2026-02-12 12:00:00+00:00,2026-02-13 03:00:00+00:00,1,8,0.0078564407024651,7a9f78e7185f367e,1d93dbecc68238d9cb03,e595a18f9734aa9b08efd330ca0c8c531ebdce8297f9c51d6a1a5f09a96990d5,https://single-runs-api.open-meteo.com/v1/forecast,ecmwf_ifs,2026-02-12 19:00:00+00:00,43.64515,78.535604,43.620384,78.47891,2026-02-13 08:00:00+05:00
2026-02-12 19:00:00+00:00,2026-02-12 12:00:00+00:00,2026-02-13 03:00:00+00:00,2,8,0.0063051712930765,7a9f78e7185f367e,1d93dbecc68238d9cb03,e595a18f9734aa9b08efd330ca0c8c531ebdce8297f9c51d6a1a5f09a96990d5,https://single-runs-api.open-meteo.com/v1/forecast,ecmwf_ifs,2026-02-12 19:00:00+00:00,43.643198,78.538828,43.620384,78.47891,2026-02-13 08:00:00+05:00
2026-02-12 19:00:00+00:00,2026-02-12 12:00:00+00:00,2026-02-13 04:00:00+00:00,1,9,0.009196804330688,7a9f78e7185f367e,1d93dbecc68238d9cb03,e595a18f9734aa9b08efd330ca0c8c531ebdce8297f9c51d6a1a5f09a96990d5,https://single-runs-api.open-meteo.com/v1/forecast,ecmwf_ifs,2026-02-12 19:00:00+00:00,43.64515,78.535604,43.620384,78.47891,2026-02-13 09:00:00+05:00
2026-02-12 19:00:00+00:00,2026-02-12 12:00:00+00:00,2026-02-13 04:00:00+00:00,2,9,0.0076258534561019,7a9f78e7185f367e,1d93dbecc68238d9cb03,e595a18f9734aa9b08efd330ca0c8c531ebdce8297f9c51d6a1a5f09a96990d5,https://single-runs-api.open-meteo.com/v1/forecast,ecmwf_ifs,2026-02-12 19:00:00+00:00,43.643198,78.538828,43.620384,78.47891,2026-02-13 09:00:00+05:00
2026-02-12 19:00:00+00:00,2026-02-12 12:00:00+00:00,2026-02-13 05:00:00+00:00,1,10,0.0075096364538476,7a9f78e7185f367e,1d93dbecc68238d9cb03,e595a18f9734aa9b08efd330ca0c8c531ebdce8297f9c51d6a1a5f09a96990d5,https://single-runs-api.open-meteo.com/v1/forecast,ecmwf_ifs,2026-02-12 19:00:00+00:00,43.64515,78.535604,43.620384,78.47891,2026-02-13 10:00:00+05:00
2026-02-12 19:00:00+00:00,2026-02-12 12:00:00+00:00,2026-02-13 05:00:00+00:00,2,10,0.0062295217500614,7a9f78e7185f367e,1d93dbecc68238d9cb03,e595a18f9734aa9b08efd330ca0c8c531ebdce8297f9c51d6a1a5f09a96990d5,https://single-runs-api.open-meteo.com/v1/forecast,ecmwf_ifs,2026-02-12 19:00:00+00:00,43.643198,78.538828,43.620384,78.47891,2026-02-13 10:00:00+05:00
2026-02-12 19:00:00+00:00,2026-02-12 12:00:00+00:00,2026-02-13 06:00:00+00:00,1,11,0.0083021035760431,7a9f78e7185f367e,1d93dbecc68238d9cb03,e595a18f9734aa9b08efd330ca0c8c531ebdce8297f9c51d6a1a5f09a96990d5,https://single-runs-api.open-meteo.com/v1/forecast,ecmwf_ifs,2026-02-12 19:00:00+00:00,43.64515,78.535604,43.620384,78.47891,2026-02-13 11:00:00+05:00
2026-02-12 19:00:00+00:00,2026-02-12 12:00:00+00:00,2026-02-13 06:00:00+00:00,2,11,0.0070015103029286,7a9f78e7185f367e,1d93dbecc68238d9cb03,e595a18f9734aa9b08efd330ca0c8c531ebdce8297f9c51d6a1a5f09a96990d5,https://single-runs-api.open-meteo.com/v1/forecast,ecmwf_ifs,2026-02-12 19:00:00+00:00,43.643198,78.538828,43.620384,78.47891,2026-02-13 11:00:00+05:00
2026-02-12 19:00:00+00:00,2026-02-12 12:00:00+00:00,2026-02-13 07:00:00+00:00,1,12,0.0215636821091299,7a9f78e7185f367e,1d93dbecc68238d9cb03,e595a18f9734aa9b08efd330ca0c8c531ebdce8297f9c51d6a1a5f09a96990d5,https://single-runs-api.open-meteo.com/v1/forecast,ecmwf_ifs,2026-02-12 19:00:00+00:00,43.64515,78.535604,43.620384,78.47891,2026-02-13 12:00:00+05:00
2026-02-12 19:00:00+00:00,2026-02-12 12:00:00+00:00,2026-02-13 07:00:00+00:00,2,12,0.0198462005973328,7a9f78e7185f367e,1d93dbecc68238d9cb03,e595a18f9734aa9b08efd330ca0c8c531ebdce8297f9c51d6a1a5f09a96990d5,https://single-runs-api.open-meteo.com/v1/forecast,ecmwf_ifs,2026-02-12 19:00:00+00:00,43.643198,78.538828,43.620384,78.47891,2026-02-13 12:00:00+05:00
2026-02-12 19:00:00+00:00,2026-02-12 12:00:00+00:00,2026-02-13 08:00:00+00:00,1,13,0.0164101206463217,7a9f78e7185f367e,1d93dbecc68238d9cb03,e595a18f9734aa9b08efd330ca0c8c531ebdce8297f9c51d6a1a5f09a96990d5,https://single-runs-api.open-meteo.com/v1/forecast,ecmwf_ifs,2026-02-12 19:00:00+00:00,43.64515,78.535604,43.620384,78.47891,2026-02-13 13:00:00+05:00
2026-02-12 19:00:00+00:00,2026-02-12 12:00:00+00:00,2026-02-13 08:00:00+00:00,2,13,0.0147753321433031,7a9f78e7185f367e,1d93dbecc68238d9cb03,e595a18f9734aa9b08efd330ca0c8c531ebdce8297f9c51d6a1a5f09a96990d5,https://single-runs-api.open-meteo.com/v1/forecast,ecmwf_ifs,2026-02-12 19:00:00+00:00,43.643198,78.538828,43.620384,78.47891,2026-02-13 13:00:00+05:00
2026-02-12 19:00:00+00:00,2026-02-12 12:00:00+00:00,2026-02-13 09:00:00+00:00,1,14,0.030515669585802,7a9f78e7185f367e,1d93dbecc68238d9cb03,e595a18f9734aa9b08efd330ca0c8c531ebdce8297f9c51d6a1a5f09a96990d5,https://single-runs-api.open-meteo.com/v1/forecast,ecmwf_ifs,2026-02-12 19:00:00+00:00,43.64515,78.535604,43.620384,78.47891,2026-02-13 14:00:00+05:00
2026-02-12 19:00:00+00:00,2026-02-12 12:00:00+00:00,2026-02-13 09:00:00+00:00,2,14,0.0287605396470224,7a9f78e7185f367e,1d93dbecc68238d9cb03,e595a18f9734aa9b08efd330ca0c8c531ebdce8297f9c51d6a1a5f09a96990d5,https://single-runs-api.open-meteo.com/v1/forecast,ecmwf_ifs,2026-02-12 19:00:00+00:00,43.643198,78.538828,43.620384,78.47891,2026-02-13 14:00:00+05:00
2026-02-12 19:00:00+00:00,2026-02-12 12:00:00+00:00,2026-02-13 10:00:00+00:00,1,15,0.0356244718395882,7a9f78e7185f367e,1d93dbecc68238d9cb03,e595a18f9734aa9b08efd330ca0c8c531ebdce8297f9c51d6a1a5f09a96990d5,https://single-runs-api.open-meteo.com/v1/forecast,ecmwf_ifs,2026-02-12 19:00:00+00:00,43.64515,78.535604,43.620384,78.47891,2026-02-13 15:00:00+05:00
2026-02-12 19:00:00+00:00,2026-02-12 12:00:00+00:00,2026-02-13 10:00:00+00:00,2,15,0.0338492554316633,7a9f78e7185f367e,1d93dbecc68238d9cb03,e595a18f9734aa9b08efd330ca0c8c531ebdce8297f9c51d6a1a5f09a96990d5,https://single-runs-api.open-meteo.com/v1/forecast,ecmwf_ifs,2026-02-12 19:00:00+00:00,43.643198,78.538828,43.620384,78.47891,2026-02-13 15:00:00+05:00
2026-02-12 19:00:00+00:00,2026-02-12 12:00:00+00:00,2026-02-13 11:00:00+00:00,1,16,0.0310237268792923,7a9f78e7185f367e,1d93dbecc68238d9cb03,e595a18f9734aa9b08efd330ca0c8c531ebdce8297f9c51d6a1a5f09a96990d5,https://single-runs-api.open-meteo.com/v1/forecast,ecmwf_ifs,2026-02-12 19:00:00+00:00,43.64515,78.535604,43.620384,78.47891,2026-02-13 16:00:00+05:00
2026-02-12 19:00:00+00:00,2026-02-12 12:00:00+00:00,2026-02-13 11:00:00+00:00,2,16,0.0293107119162485,7a9f78e7185f367e,1d93dbecc68238d9cb03,e595a18f9734aa9b08efd330ca0c8c531ebdce8297f9c51d6a1a5f09a96990d5,https://single-runs-api.open-meteo.com/v1/forecast,ecmwf_ifs,2026-02-12 19:00:00+00:00,43.643198,78.538828,43.620384,78.47891,2026-02-13 16:00:00+05:00
2026-02-12 19:00:00+00:00,2026-02-12 12:00:00+00:00,2026-02-13 12:00:00+00:00,1,17,0.0345618071306665,7a9f78e7185f367e,1d93dbecc68238d9cb03,e595a18f9734aa9b08efd330ca0c8c531ebdce8297f9c51d6a1a5f09a96990d5,https://single-runs-api.open-meteo.com/v1/forecast,ecmwf_ifs,2026-02-12 19:00:00+00:00,43.64515,78.535604,43.620384,78.47891,2026-02-13 17:00:00+05:00
2026-02-12 19:00:00+00:00,2026-02-12 12:00:00+00:00,2026-02-13 12:00:00+00:00,2,17,0.0323163521620006,7a9f78e7185f367e,1d93dbecc68238d9cb03,e595a18f9734aa9b08efd330ca0c8c531ebdce8297f9c51d6a1a5f09a96990d5,https://single-runs-api.open-meteo.com/v1/forecast,ecmwf_ifs,2026-02-12 19:00:00+00:00,43.643198,78.538828,43.620384,78.47891,2026-02-13 17:00:00+05:00
2026-02-12 19:00:00+00:00,2026-02-12 12:00:00+00:00,2026-02-13 13:00:00+00:00,1,18,0.0306381357155329,7a9f78e7185f367e,1d93dbecc68238d9cb03,e595a18f9734aa9b08efd330ca0c8c531ebdce8297f9c51d6a1a5f09a96990d5,https://single-runs-api.open-meteo.com/v1/forecast,ecmwf_ifs,2026-02-12 19:00:00+00:00,43.64515,78.535604,43.620384,78.47891,2026-02-13 18:00:00+05:00
2026-02-12 19:00:00+00:00,2026-02-12 12:00:00+00:00,2026-02-13 13:00:00+00:00,2,18,0.0275488763749755,7a9f78e7185f367e,1d93dbecc68238d9cb03,e595a18f9734aa9b08efd330ca0c8c531ebdce8297f9c51d6a1a5f09a96990d5,https://single-runs-api.open-meteo.com/v1/forecast,ecmwf_ifs,2026-02-12 19:00:00+00:00,43.643198,78.538828,43.620384,78.47891,2026-02-13 18:00:00+05:00
2026-02-12 19:00:00+00:00,2026-02-12 12:00:00+00:00,2026-02-13 14:00:00+00:00,1,19,0.0625087772399226,7a9f78e7185f367e,1d93dbecc68238d9cb03,e595a18f9734aa9b08efd330ca0c8c531ebdce8297f9c51d6a1a5f09a96990d5,https://single-runs-api.open-meteo.com/v1/forecast,ecmwf_ifs,2026-02-12 19:00:00+00:00,43.64515,78.535604,43.620384,78.47891,2026-02-13 19:00:00+05:00
2026-02-12 19:00:00+00:00,2026-02-12 12:00:00+00:00,2026-02-13 14:00:00+00:00,2,19,0.058375103588245,7a9f78e7185f367e,1d93dbecc68238d9cb03,e595a18f9734aa9b08efd330ca0c8c531ebdce8297f9c51d6a1a5f09a96990d5,https://single-runs-api.open-meteo.com/v1/forecast,ecmwf_ifs,2026-02-12 19:00:00+00:00,43.643198,78.538828,43.620384,78.47891,2026-02-13 19:00:00+05:00
2026-02-12 19:00:00+00:00,2026-02-12 12:00:00+00:00,2026-02-13 15:00:00+00:00,1,20,0.2472907145758824,7a9f78e7185f367e,1d93dbecc68238d9cb03,e595a18f9734aa9b08efd330ca0c8c531ebdce8297f9c51d6a1a5f09a96990d5,https://single-runs-api.open-meteo.com/v1/forecast,ecmwf_ifs,2026-02-12 19:00:00+00:00,43.64515,78.535604,43.620384,78.47891,2026-02-13 20:00:00+05:00
2026-02-12 19:00:00+00:00,2026-02-12 12:00:00+00:00,2026-02-13 15:00:00+00:00,2,20,0.2431018060391992,7a9f78e7185f367e,1d93dbecc68238d9cb03,e595a18f9734aa9b08efd330ca0c8c531ebdce8297f9c51d6a1a5f09a96990d5,https://single-runs-api.open-meteo.com/v1/forecast,ecmwf_ifs,2026-02-12 19:00:00+00:00,43.643198,78.538828,43.620384,78.47891,2026-02-13 20:00:00+05:00
2026-02-12 19:00:00+00:00,2026-02-12 12:00:00+00:00,2026-02-13 16:00:00+00:00,1,21,0.4918324309274445,7a9f78e7185f367e,1d93dbecc68238d9cb03,e595a18f9734aa9b08efd330ca0c8c531ebdce8297f9c51d6a1a5f09a96990d5,https://single-runs-api.open-meteo.com/v1/forecast,ecmwf_ifs,2026-02-12 19:00:00+00:00,43.64515,78.535604,43.620384,78.47891,2026-02-13 21:00:00+05:00
2026-02-12 19:00:00+00:00,2026-02-12 12:00:00+00:00,2026-02-13 16:00:00+00:00,2,21,0.488091865062369,7a9f78e7185f367e,1d93dbecc68238d9cb03,e595a18f9734aa9b08efd330ca0c8c531ebdce8297f9c51d6a1a5f09a96990d5,https://single-runs-api.open-meteo.com/v1/forecast,ecmwf_ifs,2026-02-12 19:00:00+00:00,43.643198,78.538828,43.620384,78.47891,2026-02-13 21:00:00+05:00
2026-02-12 19:00:00+00:00,2026-02-12 12:00:00+00:00,2026-02-13 17:00:00+00:00,1,22,0.6929793003970881,7a9f78e7185f367e,1d93dbecc68238d9cb03,e595a18f9734aa9b08efd330ca0c8c531ebdce8297f9c51d6a1a5f09a96990d5,https://single-runs-api.open-meteo.com/v1/forecast,ecmwf_ifs,2026-02-12 19:00:00+00:00,43.64515,78.535604,43.620384,78.47891,2026-02-13 22:00:00+05:00
2026-02-12 19:00:00+00:00,2026-02-12 12:00:00+00:00,2026-02-13 17:00:00+00:00,2,22,0.6890899113677929,7a9f78e7185f367e,1d93dbecc68238d9cb03,e595a18f9734aa9b08efd330ca0c8c531ebdce8297f9c51d6a1a5f09a96990d5,https://single-runs-api.open-meteo.com/v1/forecast,ecmwf_ifs,2026-02-12 19:00:00+00:00,43.643198,78.538828,43.620384,78.47891,2026-02-13 22:00:00+05:00
2026-02-12 19:00:00+00:00,2026-02-12 12:00:00+00:00,2026-02-13 18:00:00+00:00,1,23,0.7649405291863841,7a9f78e7185f367e,1d93dbecc68238d9cb03,e595a18f9734aa9b08efd330ca0c8c531ebdce8297f9c51d6a1a5f09a96990d5,https://single-runs-api.open-meteo.com/v1/forecast,ecmwf_ifs,2026-02-12 19:00:00+00:00,43.64515,78.535604,43.620384,78.47891,2026-02-13 23:00:00+05:00
2026-02-12 19:00:00+00:00,2026-02-12 12:00:00+00:00,2026-02-13 18:00:00+00:00,2,23,0.7608804538001064,7a9f78e7185f367e,1d93dbecc68238d9cb03,e595a18f9734aa9b08efd330ca0c8c531ebdce8297f9c51d6a1a5f09a96990d5,https://single-runs-api.open-meteo.com/v1/forecast,ecmwf_ifs,2026-02-12 19:00:00+00:00,43.643198,78.538828,43.620384,78.47891,2026-02-13 23:00:00+05:00
2026-02-12 19:00:00+00:00,2026-02-12 12:00:00+00:00,2026-02-13 19:00:00+00:00,1,24,0.8287932229592047,7a9f78e7185f367e,1d93dbecc68238d9cb03,e595a18f9734aa9b08efd330ca0c8c531ebdce8297f9c51d6a1a5f09a96990d5,https://single-runs-api.open-meteo.com/v1/forecast,ecmwf_ifs,2026-02-12 19:00:00+00:00,43.64515,78.535604,43.620384,78.47891,2026-02-14 00:00:00+05:00
2026-02-12 19:00:00+00:00,2026-02-12 12:00:00+00:00,2026-02-13 19:00:00+00:00,2,24,0.8241931333153515,7a9f78e7185f367e,1d93dbecc68238d9cb03,e595a18f9734aa9b08efd330ca0c8c531ebdce8297f9c51d6a1a5f09a96990d5,https://single-runs-api.open-meteo.com/v1/forecast,ecmwf_ifs,2026-02-12 19:00:00+00:00,43.643198,78.538828,43.620384,78.47891,2026-02-14 00:00:00+05:00
2026-02-13 19:00:00+00:00,2026-02-13 12:00:00+00:00,2026-02-13 20:00:00+00:00,1,1,0.8147665091151732,7a9f78e7185f367e,cdd696de100c784e4edf,053c3cf0d03300ad733bfa072fb8b6ee4cc377c03a7cce9ff2e3e1c6460bf1e6,https://single-runs-api.open-meteo.com/v1/forecast,ecmwf_ifs,2026-02-13 19:00:00+00:00,43.64515,78.535604,43.620384,78.47891,2026-02-14 01:00:00+05:00
2026-02-13 19:00:00+00:00,2026-02-13 12:00:00+00:00,2026-02-13 20:00:00+00:00,2,1,0.8108665658159936,7a9f78e7185f367e,cdd696de100c784e4edf,053c3cf0d03300ad733bfa072fb8b6ee4cc377c03a7cce9ff2e3e1c6460bf1e6,https://single-runs-api.open-meteo.com/v1/forecast,ecmwf_ifs,2026-02-13 19:00:00+00:00,43.643198,78.538828,43.620384,78.47891,2026-02-14 01:00:00+05:00
2026-02-13 19:00:00+00:00,2026-02-13 12:00:00+00:00,2026-02-13 21:00:00+00:00,1,2,0.8293558652723592,7a9f78e7185f367e,cdd696de100c784e4edf,053c3cf0d03300ad733bfa072fb8b6ee4cc377c03a7cce9ff2e3e1c6460bf1e6,https://single-runs-api.open-meteo.com/v1/forecast,ecmwf_ifs,2026-02-13 19:00:00+00:00,43.64515,78.535604,43.620384,78.47891,2026-02-14 02:00:00+05:00
2026-02-13 19:00:00+00:00,2026-02-13 12:00:00+00:00,2026-02-13 21:00:00+00:00,2,2,0.8241820531435371,7a9f78e7185f367e,cdd696de100c784e4edf,053c3cf0d03300ad733bfa072fb8b6ee4cc377c03a7cce9ff2e3e1c6460bf1e6,https://single-runs-api.open-meteo.com/v1/forecast,ecmwf_ifs,2026-02-13 19:00:00+00:00,43.643198,78.538828,43.620384,78.47891,2026-02-14 02:00:00+05:00
2026-02-13 19:00:00+00:00,2026-02-13 12:00:00+00:00,2026-02-13 22:00:00+00:00,1,3,0.6870965053702021,7a9f78e7185f367e,cdd696de100c784e4edf,053c3cf0d03300ad733bfa072fb8b6ee4cc377c03a7cce9ff2e3e1c6460bf1e6,https://single-runs-api.open-meteo.com/v1/forecast,ecmwf_ifs,2026-02-13 19:00:00+00:00,43.64515,78.535604,43.620384,78.47891,2026-02-14 03:00:00+05:00
2026-02-13 19:00:00+00:00,2026-02-13 12:00:00+00:00,2026-02-13 22:00:00+00:00,2,3,0.6819919835998012,7a9f78e7185f367e,cdd696de100c784e4edf,053c3cf0d03300ad733bfa072fb8b6ee4cc377c03a7cce9ff2e3e1c6460bf1e6,https://single-runs-api.open-meteo.com/v1/forecast,ecmwf_ifs,2026-02-13 19:00:00+00:00,43.643198,78.538828,43.620384,78.47891,2026-02-14 03:00:00+05:00
2026-02-13 19:00:00+00:00,2026-02-13 12:00:00+00:00,2026-02-13 23:00:00+00:00,1,4,0.7287572387815971,7a9f78e7185f367e,cdd696de100c784e4edf,053c3cf0d03300ad733bfa072fb8b6ee4cc377c03a7cce9ff2e3e1c6460bf1e6,https://single-runs-api.open-meteo.com/v1/forecast,ecmwf_ifs,2026-02-13 19:00:00+00:00,43.64515,78.535604,43.620384,78.47891,2026-02-14 04:00:00+05:00
2026-02-13 19:00:00+00:00,2026-02-13 12:00:00+00:00,2026-02-13 23:00:00+00:00,2,4,0.7225001624854405,7a9f78e7185f367e,cdd696de100c784e4edf,053c3cf0d03300ad733bfa072fb8b6ee4cc377c03a7cce9ff2e3e1c6460bf1e6,https://single-runs-api.open-meteo.com/v1/forecast,ecmwf_ifs,2026-02-13 19:00:00+00:00,43.643198,78.538828,43.620384,78.47891,2026-02-14 04:00:00+05:00
2026-02-13 19:00:00+00:00,2026-02-13 12:00:00+00:00,2026-02-14 00:00:00+00:00,1,5,0.5756663523617307,7a9f78e7185f367e,cdd696de100c784e4edf,053c3cf0d03300ad733bfa072fb8b6ee4cc377c03a7cce9ff2e3e1c6460bf1e6,https://single-runs-api.open-meteo.com/v1/forecast,ecmwf_ifs,2026-02-13 19:00:00+00:00,43.64515,78.535604,43.620384,78.47891,2026-02-14 05:00:00+05:00
2026-02-13 19:00:00+00:00,2026-02-13 12:00:00+00:00,2026-02-14 00:00:00+00:00,2,5,0.5705016708156163,7a9f78e7185f367e,cdd696de100c784e4edf,053c3cf0d03300ad733bfa072fb8b6ee4cc377c03a7cce9ff2e3e1c6460bf1e6,https://single-runs-api.open-meteo.com/v1/forecast,ecmwf_ifs,2026-02-13 19:00:00+00:00,43.643198,78.538828,43.620384,78.47891,2026-02-14 05:00:00+05:00
2026-02-13 19:00:00+00:00,2026-02-13 12:00:00+00:00,2026-02-14 01:00:00+00:00,1,6,0.4534839140731034,7a9f78e7185f367e,cdd696de100c784e4edf,053c3cf0d03300ad733bfa072fb8b6ee4cc377c03a7cce9ff2e3e1c6460bf1e6,https://single-runs-api.open-meteo.com/v1/forecast,ecmwf_ifs,2026-02-13 19:00:00+00:00,43.64515,78.535604,43.620384,78.47891,2026-02-14 06:00:00+05:00
2026-02-13 19:00:00+00:00,2026-02-13 12:00:00+00:00,2026-02-14 01:00:00+00:00,2,6,0.4480779037943356,7a9f78e7185f367e,cdd696de100c784e4edf,053c3cf0d03300ad733bfa072fb8b6ee4cc377c03a7cce9ff2e3e1c6460bf1e6,https://single-runs-api.open-meteo.com/v1/forecast,ecmwf_ifs,2026-02-13 19:00:00+00:00,43.643198,78.538828,43.620384,78.47891,2026-02-14 06:00:00+05:00
2026-02-13 19:00:00+00:00,2026-02-13 12:00:00+00:00,2026-02-14 02:00:00+00:00,1,7,0.2259758198822497,7a9f78e7185f367e,cdd696de100c784e4edf,053c3cf0d03300ad733bfa072fb8b6ee4cc377c03a7cce9ff2e3e1c6460bf1e6,https://single-runs-api.open-meteo.com/v1/forecast,ecmwf_ifs,2026-02-13 19:00:00+00:00,43.64515,78.535604,43.620384,78.47891,2026-02-14 07:00:00+05:00
2026-02-13 19:00:00+00:00,2026-02-13 12:00:00+00:00,2026-02-14 02:00:00+00:00,2,7,0.2217195490311775,7a9f78e7185f367e,cdd696de100c784e4edf,053c3cf0d03300ad733bfa072fb8b6ee4cc377c03a7cce9ff2e3e1c6460bf1e6,https://single-runs-api.open-meteo.com/v1/forecast,ecmwf_ifs,2026-02-13 19:00:00+00:00,43.643198,78.538828,43.620384,78.47891,2026-02-14 07:00:00+05:00
2026-02-13 19:00:00+00:00,2026-02-13 12:00:00+00:00,2026-02-14 03:00:00+00:00,1,8,0.1109058959738349,7a9f78e7185f367e,cdd696de100c784e4edf,053c3cf0d03300ad733bfa072fb8b6ee4cc377c03a7cce9ff2e3e1c6460bf1e6,https://single-runs-api.open-meteo.com/v1/forecast,ecmwf_ifs,2026-02-13 19:00:00+00:00,43.64515,78.535604,43.620384,78.47891,2026-02-14 08:00:00+05:00
2026-02-13 19:00:00+00:00,2026-02-13 12:00:00+00:00,2026-02-14 03:00:00+00:00,2,8,0.1064564411054169,7a9f78e7185f367e,cdd696de100c784e4edf,053c3cf0d03300ad733bfa072fb8b6ee4cc377c03a7cce9ff2e3e1c6460bf1e6,https://single-runs-api.open-meteo.com/v1/forecast,ecmwf_ifs,2026-02-13 19:00:00+00:00,43.643198,78.538828,43.620384,78.47891,2026-02-14 08:00:00+05:00
2026-02-13 19:00:00+00:00,2026-02-13 12:00:00+00:00,2026-02-14 04:00:00+00:00,1,9,0.0442024200061806,7a9f78e7185f367e,cdd696de100c784e4edf,053c3cf0d03300ad733bfa072fb8b6ee4cc377c03a7cce9ff2e3e1c6460bf1e6,https://single-runs-api.open-meteo.com/v1/forecast,ecmwf_ifs,2026-02-13 19:00:00+00:00,43.64515,78.535604,43.620384,78.47891,2026-02-14 09:00:00+05:00
2026-02-13 19:00:00+00:00,2026-02-13 12:00:00+00:00,2026-02-14 04:00:00+00:00,2,9,0.041835704609583,7a9f78e7185f367e,cdd696de100c784e4edf,053c3cf0d03300ad733bfa072fb8b6ee4cc377c03a7cce9ff2e3e1c6460bf1e6,https://single-runs-api.open-meteo.com/v1/forecast,ecmwf_ifs,2026-02-13 19:00:00+00:00,43.643198,78.538828,43.620384,78.47891,2026-02-14 09:00:00+05:00
2026-02-13 19:00:00+00:00,2026-02-13 12:00:00+00:00,2026-02-14 05:00:00+00:00,1,10,0.0096443799375375,7a9f78e7185f367e,cdd696de100c784e4edf,053c3cf0d03300ad733bfa072fb8b6ee4cc377c03a7cce9ff2e3e1c6460bf1e6,https://single-runs-api.open-meteo.com/v1/forecast,ecmwf_ifs,2026-02-13 19:00:00+00:00,43.64515,78.535604,43.620384,78.47891,2026-02-14 10:00:00+05:00
2026-02-13 19:00:00+00:00,2026-02-13 12:00:00+00:00,2026-02-14 05:00:00+00:00,2,10,0.0085316472228064,7a9f78e7185f367e,cdd696de100c784e4edf,053c3cf0d03300ad733bfa072fb8b6ee4cc377c03a7cce9ff2e3e1c6460bf1e6,https://single-runs-api.open-meteo.com/v1/forecast,ecmwf_ifs,2026-02-13 19:00:00+00:00,43.643198,78.538828,43.620384,78.47891,2026-02-14 10:00:00+05:00
2026-02-13 19:00:00+00:00,2026-02-13 12:00:00+00:00,2026-02-14 06:00:00+00:00,1,11,0.0098211581643116,7a9f78e7185f367e,cdd696de100c784e4edf,053c3cf0d03300ad733bfa072fb8b6ee4cc377c03a7cce9ff2e3e1c6460bf1e6,https://single-runs-api.open-meteo.com/v1/forecast,ecmwf_ifs,2026-02-13 19:00:00+00:00,43.64515,78.535604,43.620384,78.47891,2026-02-14 11:00:00+05:00
2026-02-13 19:00:00+00:00,2026-02-13 12:00:00+00:00,2026-02-14 06:00:00+00:00,2,11,0.0079884136918638,7a9f78e7185f367e,cdd696de100c784e4edf,053c3cf0d03300ad733bfa072fb8b6ee4cc377c03a7cce9ff2e3e1c6460bf1e6,https://single-runs-api.open-meteo.com/v1/forecast,ecmwf_ifs,2026-02-13 19:00:00+00:00,43.643198,78.538828,43.620384,78.47891,2026-02-14 11:00:00+05:00
2026-02-13 19:00:00+00:00,2026-02-13 12:00:00+00:00,2026-02-14 07:00:00+00:00,1,12,0.0099062506803936,7a9f78e7185f367e,cdd696de100c784e4edf,053c3cf0d03300ad733bfa072fb8b6ee4cc377c03a7cce9ff2e3e1c6460bf1e6,https://single-runs-api.open-meteo.com/v1/forecast,ecmwf_ifs,2026-02-13 19:00:00+00:00,43.64515,78.535604,43.620384,78.47891,2026-02-14 12:00:00+05:00
2026-02-13 19:00:00+00:00,2026-02-13 12:00:00+00:00,2026-02-14 07:00:00+00:00,2,12,0.0085030749704321,7a9f78e7185f367e,cdd696de100c784e4edf,053c3cf0d03300ad733bfa072fb8b6ee4cc377c03a7cce9ff2e3e1c6460bf1e6,https://single-runs-api.open-meteo.com/v1/forecast,ecmwf_ifs,2026-02-13 19:00:00+00:00,43.643198,78.538828,43.620384,78.47891,2026-02-14 12:00:00+05:00
2026-02-13 19:00:00+00:00,2026-02-13 12:00:00+00:00,2026-02-14 08:00:00+00:00,1,13,0.010566889232942,7a9f78e7185f367e,cdd696de100c784e4edf,053c3cf0d03300ad733bfa072fb8b6ee4cc377c03a7cce9ff2e3e1c6460bf1e6,https://single-runs-api.open-meteo.com/v1/forecast,ecmwf_ifs,2026-02-13 19:00:00+00:00,43.64515,78.535604,43.620384,78.47891,2026-02-14 13:00:00+05:00
2026-02-13 19:00:00+00:00,2026-02-13 12:00:00+00:00,2026-02-14 08:00:00+00:00,2,13,0.0090791711372394,7a9f78e7185f367e,cdd696de100c784e4edf,053c3cf0d03300ad733bfa072fb8b6ee4cc377c03a7cce9ff2e3e1c6460bf1e6,https://single-runs-api.open-meteo.com/v1/forecast,ecmwf_ifs,2026-02-13 19:00:00+00:00,43.643198,78.538828,43.620384,78.47891,2026-02-14 13:00:00+05:00
2026-02-13 19:00:00+00:00,2026-02-13 12:00:00+00:00,2026-02-14 09:00:00+00:00,1,14,0.0132950940299564,7a9f78e7185f367e,cdd696de100c784e4edf,053c3cf0d03300ad733bfa072fb8b6ee4cc377c03a7cce9ff2e3e1c6460bf1e6,https://single-runs-api.open-meteo.com/v1/forecast,ecmwf_ifs,2026-02-13 19:00:00+00:00,43.64515,78.535604,43.620384,78.47891,2026-02-14 14:00:00+05:00
2026-02-13 19:00:00+00:00,2026-02-13 12:00:00+00:00,2026-02-14 09:00:00+00:00,2,14,0.0118073759342538,7a9f78e7185f367e,cdd696de100c784e4edf,053c3cf0d03300ad733bfa072fb8b6ee4cc377c03a7cce9ff2e3e1c6460bf1e6,https://single-runs-api.open-meteo.com/v1/forecast,ecmwf_ifs,2026-02-13 19:00:00+00:00,43.643198,78.538828,43.620384,78.47891,2026-02-14 14:00:00+05:00
2026-02-13 19:00:00+00:00,2026-02-13 12:00:00+00:00,2026-02-14 10:00:00+00:00,1,15,0.0126264063737709,7a9f78e7185f367e,cdd696de100c784e4edf,053c3cf0d03300ad733bfa072fb8b6ee4cc377c03a7cce9ff2e3e1c6460bf1e6,https://single-runs-api.open-meteo.com/v1/forecast,ecmwf_ifs,2026-02-13 19:00:00+00:00,43.64515,78.535604,43.620384,78.47891,2026-02-14 15:00:00+05:00
2026-02-13 19:00:00+00:00,2026-02-13 12:00:00+00:00,2026-02-14 10:00:00+00:00,2,15,0.0112935040707302,7a9f78e7185f367e,cdd696de100c784e4edf,053c3cf0d03300ad733bfa072fb8b6ee4cc377c03a7cce9ff2e3e1c6460bf1e6,https://single-runs-api.open-meteo.com/v1/forecast,ecmwf_ifs,2026-02-13 19:00:00+00:00,43.643198,78.538828,43.620384,78.47891,2026-02-14 15:00:00+05:00
2026-02-13 19:00:00+00:00,2026-02-13 12:00:00+00:00,2026-02-14 11:00:00+00:00,1,16,0.0142852771264533,7a9f78e7185f367e,cdd696de100c784e4edf,053c3cf0d03300ad733bfa072fb8b6ee4cc377c03a7cce9ff2e3e1c6460bf1e6,https://single-runs-api.open-meteo.com/v1/forecast,ecmwf_ifs,2026-02-13 19:00:00+00:00,43.64515,78.535604,43.620384,78.47891,2026-02-14 16:00:00+05:00
2026-02-13 19:00:00+00:00,2026-02-13 12:00:00+00:00,2026-02-14 11:00:00+00:00,2,16,0.0125442168937353,7a9f78e7185f367e,cdd696de100c784e4edf,053c3cf0d03300ad733bfa072fb8b6ee4cc377c03a7cce9ff2e3e1c6460bf1e6,https://single-runs-api.open-meteo.com/v1/forecast,ecmwf_ifs,2026-02-13 19:00:00+00:00,43.643198,78.538828,43.620384,78.47891,2026-02-14 16:00:00+05:00
2026-02-13 19:00:00+00:00,2026-02-13 12:00:00+00:00,2026-02-14 12:00:00+00:00,1,17,0.0183592620348787,7a9f78e7185f367e,cdd696de100c784e4edf,053c3cf0d03300ad733bfa072fb8b6ee4cc377c03a7cce9ff2e3e1c6460bf1e6,https://single-runs-api.open-meteo.com/v1/forecast,ecmwf_ifs,2026-02-13 19:00:00+00:00,43.64515,78.535604,43.620384,78.47891,2026-02-14 17:00:00+05:00
2026-02-13 19:00:00+00:00,2026-02-13 12:00:00+00:00,2026-02-14 12:00:00+00:00,2,17,0.0168859674509287,7a9f78e7185f367e,cdd696de100c784e4edf,053c3cf0d03300ad733bfa072fb8b6ee4cc377c03a7cce9ff2e3e1c6460bf1e6,https://single-runs-api.open-meteo.com/v1/forecast,ecmwf_ifs,2026-02-13 19:00:00+00:00,43.643198,78.538828,43.620384,78.47891,2026-02-14 17:00:00+05:00
2026-02-13 19:00:00+00:00,2026-02-13 12:00:00+00:00,2026-02-14 13:00:00+00:00,1,18,0.0177558714572858,7a9f78e7185f367e,cdd696de100c784e4edf,053c3cf0d03300ad733bfa072fb8b6ee4cc377c03a7cce9ff2e3e1c6460bf1e6,https://single-runs-api.open-meteo.com/v1/forecast,ecmwf_ifs,2026-02-13 19:00:00+00:00,43.64515,78.535604,43.620384,78.47891,2026-02-14 18:00:00+05:00
2026-02-13 19:00:00+00:00,2026-02-13 12:00:00+00:00,2026-02-14 13:00:00+00:00,2,18,0.0163652597598025,7a9f78e7185f367e,cdd696de100c784e4edf,053c3cf0d03300ad733bfa072fb8b6ee4cc377c03a7cce9ff2e3e1c6460bf1e6,https://single-runs-api.open-meteo.com/v1/forecast,ecmwf_ifs,2026-02-13 19:00:00+00:00,43.643198,78.538828,43.620384,78.47891,2026-02-14 18:00:00+05:00
2026-02-13 19:00:00+00:00,2026-02-13 12:00:00+00:00,2026-02-14 14:00:00+00:00,1,19,0.0148834974580821,7a9f78e7185f367e,cdd696de100c784e4edf,053c3cf0d03300ad733bfa072fb8b6ee4cc377c03a7cce9ff2e3e1c6460bf1e6,https://single-runs-api.open-meteo.com/v1/forecast,ecmwf_ifs,2026-02-13 19:00:00+00:00,43.64515,78.535604,43.620384,78.47891,2026-02-14 19:00:00+05:00
2026-02-13 19:00:00+00:00,2026-02-13 12:00:00+00:00,2026-02-14 14:00:00+00:00,2,19,0.0127866421871552,7a9f78e7185f367e,cdd696de100c784e4edf,053c3cf0d03300ad733bfa072fb8b6ee4cc377c03a7cce9ff2e3e1c6460bf1e6,https://single-runs-api.open-meteo.com/v1/forecast,ecmwf_ifs,2026-02-13 19:00:00+00:00,43.643198,78.538828,43.620384,78.47891,2026-02-14 19:00:00+05:00
2026-02-13 19:00:00+00:00,2026-02-13 12:00:00+00:00,2026-02-14 15:00:00+00:00,1,20,0.0245485580287503,7a9f78e7185f367e,cdd696de100c784e4edf,053c3cf0d03300ad733bfa072fb8b6ee4cc377c03a7cce9ff2e3e1c6460bf1e6,https://single-runs-api.open-meteo.com/v1/forecast,ecmwf_ifs,2026-02-13 19:00:00+00:00,43.64515,78.535604,43.620384,78.47891,2026-02-14 20:00:00+05:00
2026-02-13 19:00:00+00:00,2026-02-13 12:00:00+00:00,2026-02-14 15:00:00+00:00,2,20,0.0222843157087763,7a9f78e7185f367e,cdd696de100c784e4edf,053c3cf0d03300ad733bfa072fb8b6ee4cc377c03a7cce9ff2e3e1c6460bf1e6,https://single-runs-api.open-meteo.com/v1/forecast,ecmwf_ifs,2026-02-13 19:00:00+00:00,43.643198,78.538828,43.620384,78.47891,2026-02-14 20:00:00+05:00
2026-02-13 19:00:00+00:00,2026-02-13 12:00:00+00:00,2026-02-14 16:00:00+00:00,1,21,0.0182198866103119,7a9f78e7185f367e,cdd696de100c784e4edf,053c3cf0d03300ad733bfa072fb8b6ee4cc377c03a7cce9ff2e3e1c6460bf1e6,https://single-runs-api.open-meteo.com/v1/forecast,ecmwf_ifs,2026-02-13 19:00:00+00:00,43.64515,78.535604,43.620384,78.47891,2026-02-14 21:00:00+05:00
2026-02-13 19:00:00+00:00,2026-02-13 12:00:00+00:00,2026-02-14 16:00:00+00:00,2,21,0.0158727529898911,7a9f78e7185f367e,cdd696de100c784e4edf,053c3cf0d03300ad733bfa072fb8b6ee4cc377c03a7cce9ff2e3e1c6460bf1e6,https://single-runs-api.open-meteo.com/v1/forecast,ecmwf_ifs,2026-02-13 19:00:00+00:00,43.643198,78.538828,43.620384,78.47891,2026-02-14 21:00:00+05:00
2026-02-13 19:00:00+00:00,2026-02-13 12:00:00+00:00,2026-02-14 17:00:00+00:00,1,22,0.0301746535893295,7a9f78e7185f367e,cdd696de100c784e4edf,053c3cf0d03300ad733bfa072fb8b6ee4cc377c03a7cce9ff2e3e1c6460bf1e6,https://single-runs-api.open-meteo.com/v1/forecast,ecmwf_ifs,2026-02-13 19:00:00+00:00,43.64515,78.535604,43.620384,78.47891,2026-02-14 22:00:00+05:00
2026-02-13 19:00:00+00:00,2026-02-13 12:00:00+00:00,2026-02-14 17:00:00+00:00,2,22,0.0280173694655588,7a9f78e7185f367e,cdd696de100c784e4edf,053c3cf0d03300ad733bfa072fb8b6ee4cc377c03a7cce9ff2e3e1c6460bf1e6,https://single-runs-api.open-meteo.com/v1/forecast,ecmwf_ifs,2026-02-13 19:00:00+00:00,43.643198,78.538828,43.620384,78.47891,2026-02-14 22:00:00+05:00
2026-02-13 19:00:00+00:00,2026-02-13 12:00:00+00:00,2026-02-14 18:00:00+00:00,1,23,0.0176949567743953,7a9f78e7185f367e,cdd696de100c784e4edf,053c3cf0d03300ad733bfa072fb8b6ee4cc377c03a7cce9ff2e3e1c6460bf1e6,https://single-runs-api.open-meteo.com/v1/forecast,ecmwf_ifs,2026-02-13 19:00:00+00:00,43.64515,78.535604,43.620384,78.47891,2026-02-14 23:00:00+05:00
2026-02-13 19:00:00+00:00,2026-02-13 12:00:00+00:00,2026-02-14 18:00:00+00:00,2,23,0.0155672773427899,7a9f78e7185f367e,cdd696de100c784e4edf,053c3cf0d03300ad733bfa072fb8b6ee4cc377c03a7cce9ff2e3e1c6460bf1e6,https://single-runs-api.open-meteo.com/v1/forecast,ecmwf_ifs,2026-02-13 19:00:00+00:00,43.643198,78.538828,43.620384,78.47891,2026-02-14 23:00:00+05:00
2026-02-13 19:00:00+00:00,2026-02-13 12:00:00+00:00,2026-02-14 19:00:00+00:00,1,24,0.0180700263403208,7a9f78e7185f367e,cdd696de100c784e4edf,053c3cf0d03300ad733bfa072fb8b6ee4cc377c03a7cce9ff2e3e1c6460bf1e6,https://single-runs-api.open-meteo.com/v1/forecast,ecmwf_ifs,2026-02-13 19:00:00+00:00,43.64515,78.535604,43.620384,78.47891,2026-02-15 00:00:00+05:00
2026-02-13 19:00:00+00:00,2026-02-13 12:00:00+00:00,2026-02-14 19:00:00+00:00,2,24,0.0155075440733136,7a9f78e7185f367e,cdd696de100c784e4edf,053c3cf0d03300ad733bfa072fb8b6ee4cc377c03a7cce9ff2e3e1c6460bf1e6,https://single-runs-api.open-meteo.com/v1/forecast,ecmwf_ifs,2026-02-13 19:00:00+00:00,43.643198,78.538828,43.620384,78.47891,2026-02-15 00:00:00+05:00
2026-02-14 19:00:00+00:00,2026-02-14 12:00:00+00:00,2026-02-14 20:00:00+00:00,1,1,0.0280317987081283,7a9f78e7185f367e,ec4294a0b9cb5f1ae684,644901264ea09c4acf6611cde01bfd027067a9b8f3902f03c7fb0826d1a8e7db,https://single-runs-api.open-meteo.com/v1/forecast,ecmwf_ifs,2026-02-14 19:00:00+00:00,43.64515,78.535604,43.620384,78.47891,2026-02-15 01:00:00+05:00
2026-02-14 19:00:00+00:00,2026-02-14 12:00:00+00:00,2026-02-14 20:00:00+00:00,2,1,0.0253110572698718,7a9f78e7185f367e,ec4294a0b9cb5f1ae684,644901264ea09c4acf6611cde01bfd027067a9b8f3902f03c7fb0826d1a8e7db,https://single-runs-api.open-meteo.com/v1/forecast,ecmwf_ifs,2026-02-14 19:00:00+00:00,43.643198,78.538828,43.620384,78.47891,2026-02-15 01:00:00+05:00
2026-02-14 19:00:00+00:00,2026-02-14 12:00:00+00:00,2026-02-14 21:00:00+00:00,1,2,0.0310573143118456,7a9f78e7185f367e,ec4294a0b9cb5f1ae684,644901264ea09c4acf6611cde01bfd027067a9b8f3902f03c7fb0826d1a8e7db,https://single-runs-api.open-meteo.com/v1/forecast,ecmwf_ifs,2026-02-14 19:00:00+00:00,43.64515,78.535604,43.620384,78.47891,2026-02-15 02:00:00+05:00
2026-02-14 19:00:00+00:00,2026-02-14 12:00:00+00:00,2026-02-14 21:00:00+00:00,2,2,0.02832628920995,7a9f78e7185f367e,ec4294a0b9cb5f1ae684,644901264ea09c4acf6611cde01bfd027067a9b8f3902f03c7fb0826d1a8e7db,https://single-runs-api.open-meteo.com/v1/forecast,ecmwf_ifs,2026-02-14 19:00:00+00:00,43.643198,78.538828,43.620384,78.47891,2026-02-15 02:00:00+05:00
2026-02-14 19:00:00+00:00,2026-02-14 12:00:00+00:00,2026-02-14 22:00:00+00:00,1,3,0.0274230934923824,7a9f78e7185f367e,ec4294a0b9cb5f1ae684,644901264ea09c4acf6611cde01bfd027067a9b8f3902f03c7fb0826d1a8e7db,https://single-runs-api.open-meteo.com/v1/forecast,ecmwf_ifs,2026-02-14 19:00:00+00:00,43.64515,78.535604,43.620384,78.47891,2026-02-15 03:00:00+05:00
2026-02-14 19:00:00+00:00,2026-02-14 12:00:00+00:00,2026-02-14 22:00:00+00:00,2,3,0.0245046231309491,7a9f78e7185f367e,ec4294a0b9cb5f1ae684,644901264ea09c4acf6611cde01bfd027067a9b8f3902f03c7fb0826d1a8e7db,https://single-runs-api.open-meteo.com/v1/forecast,ecmwf_ifs,2026-02-14 19:00:00+00:00,43.643198,78.538828,43.620384,78.47891,2026-02-15 03:00:00+05:00
2026-02-14 19:00:00+00:00,2026-02-14 12:00:00+00:00,2026-02-14 23:00:00+00:00,1,4,0.0136964545035412,7a9f78e7185f367e,ec4294a0b9cb5f1ae684,644901264ea09c4acf6611cde01bfd027067a9b8f3902f03c7fb0826d1a8e7db,https://single-runs-api.open-meteo.com/v1/forecast,ecmwf_ifs,2026-02-14 19:00:00+00:00,43.64515,78.535604,43.620384,78.47891,2026-02-15 04:00:00+05:00
2026-02-14 19:00:00+00:00,2026-02-14 12:00:00+00:00,2026-02-14 23:00:00+00:00,2,4,0.011132296759902,7a9f78e7185f367e,ec4294a0b9cb5f1ae684,644901264ea09c4acf6611cde01bfd027067a9b8f3902f03c7fb0826d1a8e7db,https://single-runs-api.open-meteo.com/v1/forecast,ecmwf_ifs,2026-02-14 19:00:00+00:00,43.643198,78.538828,43.620384,78.47891,2026-02-15 04:00:00+05:00
2026-02-14 19:00:00+00:00,2026-02-14 12:00:00+00:00,2026-02-15 00:00:00+00:00,1,5,0.0603332560312722,7a9f78e7185f367e,ec4294a0b9cb5f1ae684,644901264ea09c4acf6611cde01bfd027067a9b8f3902f03c7fb0826d1a8e7db,https://single-runs-api.open-meteo.com/v1/forecast,ecmwf_ifs,2026-02-14 19:00:00+00:00,43.64515,78.535604,43.620384,78.47891,2026-02-15 05:00:00+05:00
2026-02-14 19:00:00+00:00,2026-02-14 12:00:00+00:00,2026-02-15 00:00:00+00:00,2,5,0.0563562789286775,7a9f78e7185f367e,ec4294a0b9cb5f1ae684,644901264ea09c4acf6611cde01bfd027067a9b8f3902f03c7fb0826d1a8e7db,https://single-runs-api.open-meteo.com/v1/forecast,ecmwf_ifs,2026-02-14 19:00:00+00:00,43.643198,78.538828,43.620384,78.47891,2026-02-15 05:00:00+05:00
2026-02-14 19:00:00+00:00,2026-02-14 12:00:00+00:00,2026-02-15 01:00:00+00:00,1,6,0.1081506318691122,7a9f78e7185f367e,ec4294a0b9cb5f1ae684,644901264ea09c4acf6611cde01bfd027067a9b8f3902f03c7fb0826d1a8e7db,https://single-runs-api.open-meteo.com/v1/forecast,ecmwf_ifs,2026-02-14 19:00:00+00:00,43.64515,78.535604,43.620384,78.47891,2026-02-15 06:00:00+05:00
2026-02-14 19:00:00+00:00,2026-02-14 12:00:00+00:00,2026-02-15 01:00:00+00:00,2,6,0.1029727056217445,7a9f78e7185f367e,ec4294a0b9cb5f1ae684,644901264ea09c4acf6611cde01bfd027067a9b8f3902f03c7fb0826d1a8e7db,https://single-runs-api.open-meteo.com/v1/forecast,ecmwf_ifs,2026-02-14 19:00:00+00:00,43.643198,78.538828,43.620384,78.47891,2026-02-15 06:00:00+05:00
2026-02-14 19:00:00+00:00,2026-02-14 12:00:00+00:00,2026-02-15 02:00:00+00:00,1,7,0.1953536890115202,7a9f78e7185f367e,ec4294a0b9cb5f1ae684,644901264ea09c4acf6611cde01bfd027067a9b8f3902f03c7fb0826d1a8e7db,https://single-runs-api.open-meteo.com/v1/forecast,ecmwf_ifs,2026-02-14 19:00:00+00:00,43.64515,78.535604,43.620384,78.47891,2026-02-15 07:00:00+05:00
2026-02-14 19:00:00+00:00,2026-02-14 12:00:00+00:00,2026-02-15 02:00:00+00:00,2,7,0.1905082966549011,7a9f78e7185f367e,ec4294a0b9cb5f1ae684,644901264ea09c4acf6611cde01bfd027067a9b8f3902f03c7fb0826d1a8e7db,https://single-runs-api.open-meteo.com/v1/forecast,ecmwf_ifs,2026-02-14 19:00:00+00:00,43.643198,78.538828,43.620384,78.47891,2026-02-15 07:00:00+05:00
2026-02-14 19:00:00+00:00,2026-02-14 12:00:00+00:00,2026-02-15 03:00:00+00:00,1,8,0.3247616004505055,7a9f78e7185f367e,ec4294a0b9cb5f1ae684,644901264ea09c4acf6611cde01bfd027067a9b8f3902f03c7fb0826d1a8e7db,https://single-runs-api.open-meteo.com/v1/forecast,ecmwf_ifs,2026-02-14 19:00:00+00:00,43.64515,78.535604,43.620384,78.47891,2026-02-15 08:00:00+05:00
2026-02-14 19:00:00+00:00,2026-02-14 12:00:00+00:00,2026-02-15 03:00:00+00:00,2,8,0.3202493277032844,7a9f78e7185f367e,ec4294a0b9cb5f1ae684,644901264ea09c4acf6611cde01bfd027067a9b8f3902f03c7fb0826d1a8e7db,https://single-runs-api.open-meteo.com/v1/forecast,ecmwf_ifs,2026-02-14 19:00:00+00:00,43.643198,78.538828,43.620384,78.47891,2026-02-15 08:00:00+05:00
2026-02-14 19:00:00+00:00,2026-02-14 12:00:00+00:00,2026-02-15 04:00:00+00:00,1,9,0.5467002045260878,7a9f78e7185f367e,ec4294a0b9cb5f1ae684,644901264ea09c4acf6611cde01bfd027067a9b8f3902f03c7fb0826d1a8e7db,https://single-runs-api.open-meteo.com/v1/forecast,ecmwf_ifs,2026-02-14 19:00:00+00:00,43.64515,78.535604,43.620384,78.47891,2026-02-15 09:00:00+05:00
2026-02-14 19:00:00+00:00,2026-02-14 12:00:00+00:00,2026-02-15 04:00:00+00:00,2,9,0.5426224268307906,7a9f78e7185f367e,ec4294a0b9cb5f1ae684,644901264ea09c4acf6611cde01bfd027067a9b8f3902f03c7fb0826d1a8e7db,https://single-runs-api.open-meteo.com/v1/forecast,ecmwf_ifs,2026-02-14 19:00:00+00:00,43.643198,78.538828,43.620384,78.47891,2026-02-15 09:00:00+05:00
2026-02-14 19:00:00+00:00,2026-02-14 12:00:00+00:00,2026-02-15 05:00:00+00:00,1,10,0.7751957992485802,7a9f78e7185f367e,ec4294a0b9cb5f1ae684,644901264ea09c4acf6611cde01bfd027067a9b8f3902f03c7fb0826d1a8e7db,https://single-runs-api.open-meteo.com/v1/forecast,ecmwf_ifs,2026-02-14 19:00:00+00:00,43.64515,78.535604,43.620384,78.47891,2026-02-15 10:00:00+05:00
2026-02-14 19:00:00+00:00,2026-02-14 12:00:00+00:00,2026-02-15 05:00:00+00:00,2,10,0.7711123728317014,7a9f78e7185f367e,ec4294a0b9cb5f1ae684,644901264ea09c4acf6611cde01bfd027067a9b8f3902f03c7fb0826d1a8e7db,https://single-runs-api.open-meteo.com/v1/forecast,ecmwf_ifs,2026-02-14 19:00:00+00:00,43.643198,78.538828,43.620384,78.47891,2026-02-15 10:00:00+05:00
2026-02-14 19:00:00+00:00,2026-02-14 12:00:00+00:00,2026-02-15 06:00:00+00:00,1,11,0.8895558879134197,7a9f78e7185f367e,ec4294a0b9cb5f1ae684,644901264ea09c4acf6611cde01bfd027067a9b8f3902f03c7fb0826d1a8e7db,https://single-runs-api.open-meteo.com/v1/forecast,ecmwf_ifs,2026-02-14 19:00:00+00:00,43.64515,78.535604,43.620384,78.47891,2026-02-15 11:00:00+05:00
2026-02-14 19:00:00+00:00,2026-02-14 12:00:00+00:00,2026-02-15 06:00:00+00:00,2,11,0.8846159150087021,7a9f78e7185f367e,ec4294a0b9cb5f1ae684,644901264ea09c4acf6611cde01bfd027067a9b8f3902f03c7fb0826d1a8e7db,https://single-runs-api.open-meteo.com/v1/forecast,ecmwf_ifs,2026-02-14 19:00:00+00:00,43.643198,78.538828,43.620384,78.47891,2026-02-15 11:00:00+05:00
2026-02-14 19:00:00+00:00,2026-02-14 12:00:00+00:00,2026-02-15 07:00:00+00:00,1,12,0.9573897013748146,7a9f78e7185f367e,ec4294a0b9cb5f1ae684,644901264ea09c4acf6611cde01bfd027067a9b8f3902f03c7fb0826d1a8e7db,https://single-runs-api.open-meteo.com/v1/forecast,ecmwf_ifs,2026-02-14 19:00:00+00:00,43.64515,78.535604,43.620384,78.47891,2026-02-15 12:00:00+05:00
2026-02-14 19:00:00+00:00,2026-02-14 12:00:00+00:00,2026-02-15 07:00:00+00:00,2,12,0.9514669671739086,7a9f78e7185f367e,ec4294a0b9cb5f1ae684,644901264ea09c4acf6611cde01bfd027067a9b8f3902f03c7fb0826d1a8e7db,https://single-runs-api.open-meteo.com/v1/forecast,ecmwf_ifs,2026-02-14 19:00:00+00:00,43.643198,78.538828,43.620384,78.47891,2026-02-15 12:00:00+05:00
2026-02-14 19:00:00+00:00,2026-02-14 12:00:00+00:00,2026-02-15 08:00:00+00:00,1,13,0.9760681248528948,7a9f78e7185f367e,ec4294a0b9cb5f1ae684,644901264ea09c4acf6611cde01bfd027067a9b8f3902f03c7fb0826d1a8e7db,https://single-runs-api.open-meteo.com/v1/forecast,ecmwf_ifs,2026-02-14 19:00:00+00:00,43.64515,78.535604,43.620384,78.47891,2026-02-15 13:00:00+05:00
2026-02-14 19:00:00+00:00,2026-02-14 12:00:00+00:00,2026-02-15 08:00:00+00:00,2,13,0.9693043342303836,7a9f78e7185f367e,ec4294a0b9cb5f1ae684,644901264ea09c4acf6611cde01bfd027067a9b8f3902f03c7fb0826d1a8e7db,https://single-runs-api.open-meteo.com/v1/forecast,ecmwf_ifs,2026-02-14 19:00:00+00:00,43.643198,78.538828,43.620384,78.47891,2026-02-15 13:00:00+05:00
2026-02-14 19:00:00+00:00,2026-02-14 12:00:00+00:00,2026-02-15 09:00:00+00:00,1,14,0.9782417734209006,7a9f78e7185f367e,ec4294a0b9cb5f1ae684,644901264ea09c4acf6611cde01bfd027067a9b8f3902f03c7fb0826d1a8e7db,https://single-runs-api.open-meteo.com/v1/forecast,ecmwf_ifs,2026-02-14 19:00:00+00:00,43.64515,78.535604,43.620384,78.47891,2026-02-15 14:00:00+05:00
2026-02-14 19:00:00+00:00,2026-02-14 12:00:00+00:00,2026-02-15 09:00:00+00:00,2,14,0.9725596617876536,7a9f78e7185f367e,ec4294a0b9cb5f1ae684,644901264ea09c4acf6611cde01bfd027067a9b8f3902f03c7fb0826d1a8e7db,https://single-runs-api.open-meteo.com/v1/forecast,ecmwf_ifs,2026-02-14 19:00:00+00:00,43.643198,78.538828,43.620384,78.47891,2026-02-15 14:00:00+05:00
2026-02-14 19:00:00+00:00,2026-02-14 12:00:00+00:00,2026-02-15 10:00:00+00:00,1,15,0.9717747415362004,7a9f78e7185f367e,ec4294a0b9cb5f1ae684,644901264ea09c4acf6611cde01bfd027067a9b8f3902f03c7fb0826d1a8e7db,https://single-runs-api.open-meteo.com/v1/forecast,ecmwf_ifs,2026-02-14 19:00:00+00:00,43.64515,78.535604,43.620384,78.47891,2026-02-15 15:00:00+05:00
2026-02-14 19:00:00+00:00,2026-02-14 12:00:00+00:00,2026-02-15 10:00:00+00:00,2,15,0.9663170874824546,7a9f78e7185f367e,ec4294a0b9cb5f1ae684,644901264ea09c4acf6611cde01bfd027067a9b8f3902f03c7fb0826d1a8e7db,https://single-runs-api.open-meteo.com/v1/forecast,ecmwf_ifs,2026-02-14 19:00:00+00:00,43.643198,78.538828,43.620384,78.47891,2026-02-15 15:00:00+05:00
2026-02-14 19:00:00+00:00,2026-02-14 12:00:00+00:00,2026-02-15 11:00:00+00:00,1,16,0.9392960273303064,7a9f78e7185f367e,ec4294a0b9cb5f1ae684,644901264ea09c4acf6611cde01bfd027067a9b8f3902f03c7fb0826d1a8e7db,https://single-runs-api.open-meteo.com/v1/forecast,ecmwf_ifs,2026-02-14 19:00:00+00:00,43.64515,78.535604,43.620384,78.47891,2026-02-15 16:00:00+05:00
2026-02-14 19:00:00+00:00,2026-02-14 12:00:00+00:00,2026-02-15 11:00:00+00:00,2,16,0.9337304914912732,7a9f78e7185f367e,ec4294a0b9cb5f1ae684,644901264ea09c4acf6611cde01bfd027067a9b8f3902f03c7fb0826d1a8e7db,https://single-runs-api.open-meteo.com/v1/forecast,ecmwf_ifs,2026-02-14 19:00:00+00:00,43.643198,78.538828,43.620384,78.47891,2026-02-15 16:00:00+05:00
2026-02-14 19:00:00+00:00,2026-02-14 12:00:00+00:00,2026-02-15 12:00:00+00:00,1,17,0.9145595095541468,7a9f78e7185f367e,ec4294a0b9cb5f1ae684,644901264ea09c4acf6611cde01bfd027067a9b8f3902f03c7fb0826d1a8e7db,https://single-runs-api.open-meteo.com/v1/forecast,ecmwf_ifs,2026-02-14 19:00:00+00:00,43.64515,78.535604,43.620384,78.47891,2026-02-15 17:00:00+05:00
2026-02-14 19:00:00+00:00,2026-02-14 12:00:00+00:00,2026-02-15 12:00:00+00:00,2,17,0.908725297082494,7a9f78e7185f367e,ec4294a0b9cb5f1ae684,644901264ea09c4acf6611cde01bfd027067a9b8f3902f03c7fb0826d1a8e7db,https://single-runs-api.open-meteo.com/v1/forecast,ecmwf_ifs,2026-02-14 19:00:00+00:00,43.643198,78.538828,43.620384,78.47891,2026-02-15 17:00:00+05:00
2026-02-14 19:00:00+00:00,2026-02-14 12:00:00+00:00,2026-02-15 13:00:00+00:00,1,18,0.8764454092477822,7a9f78e7185f367e,ec4294a0b9cb5f1ae684,644901264ea09c4acf6611cde01bfd027067a9b8f3902f03c7fb0826d1a8e7db,https://single-runs-api.open-meteo.com/v1/forecast,ecmwf_ifs,2026-02-14 19:00:00+00:00,43.64515,78.535604,43.620384,78.47891,2026-02-15 18:00:00+05:00
2026-02-14 19:00:00+00:00,2026-02-14 12:00:00+00:00,2026-02-15 13:00:00+00:00,2,18,0.8712058933250207,7a9f78e7185f367e,ec4294a0b9cb5f1ae684,644901264ea09c4acf6611cde01bfd027067a9b8f3902f03c7fb0826d1a8e7db,https://single-runs-api.open-meteo.com/v1/forecast,ecmwf_ifs,2026-02-14 19:00:00+00:00,43.643198,78.538828,43.620384,78.47891,2026-02-15 18:00:00+05:00
2026-02-14 19:00:00+00:00,2026-02-14 12:00:00+00:00,2026-02-15 14:00:00+00:00,1,19,0.8494381943802015,7a9f78e7185f367e,ec4294a0b9cb5f1ae684,644901264ea09c4acf6611cde01bfd027067a9b8f3902f03c7fb0826d1a8e7db,https://single-runs-api.open-meteo.com/v1/forecast,ecmwf_ifs,2026-02-14 19:00:00+00:00,43.64515,78.535604,43.620384,78.47891,2026-02-15 19:00:00+05:00
2026-02-14 19:00:00+00:00,2026-02-14 12:00:00+00:00,2026-02-15 14:00:00+00:00,2,19,0.8443562915469504,7a9f78e7185f367e,ec4294a0b9cb5f1ae684,644901264ea09c4acf6611cde01bfd027067a9b8f3902f03c7fb0826d1a8e7db,https://single-runs-api.open-meteo.com/v1/forecast,ecmwf_ifs,2026-02-14 19:00:00+00:00,43.643198,78.538828,43.620384,78.47891,2026-02-15 19:00:00+05:00
2026-02-14 19:00:00+00:00,2026-02-14 12:00:00+00:00,2026-02-15 15:00:00+00:00,1,20,0.8493732043413895,7a9f78e7185f367e,ec4294a0b9cb5f1ae684,644901264ea09c4acf6611cde01bfd027067a9b8f3902f03c7fb0826d1a8e7db,https://single-runs-api.open-meteo.com/v1/forecast,ecmwf_ifs,2026-02-14 19:00:00+00:00,43.64515,78.535604,43.620384,78.47891,2026-02-15 20:00:00+05:00
2026-02-14 19:00:00+00:00,2026-02-14 12:00:00+00:00,2026-02-15 15:00:00+00:00,2,20,0.8441709600723776,7a9f78e7185f367e,ec4294a0b9cb5f1ae684,644901264ea09c4acf6611cde01bfd027067a9b8f3902f03c7fb0826d1a8e7db,https://single-runs-api.open-meteo.com/v1/forecast,ecmwf_ifs,2026-02-14 19:00:00+00:00,43.643198,78.538828,43.620384,78.47891,2026-02-15 20:00:00+05:00
2026-02-14 19:00:00+00:00,2026-02-14 12:00:00+00:00,2026-02-15 16:00:00+00:00,1,21,0.7862035628929649,7a9f78e7185f367e,ec4294a0b9cb5f1ae684,644901264ea09c4acf6611cde01bfd027067a9b8f3902f03c7fb0826d1a8e7db,https://single-runs-api.open-meteo.com/v1/forecast,ecmwf_ifs,2026-02-14 19:00:00+00:00,43.64515,78.535604,43.620384,78.47891,2026-02-15 21:00:00+05:00
2026-02-14 19:00:00+00:00,2026-02-14 12:00:00+00:00,2026-02-15 16:00:00+00:00,2,21,0.7805216606453296,7a9f78e7185f367e,ec4294a0b9cb5f1ae684,644901264ea09c4acf6611cde01bfd027067a9b8f3902f03c7fb0826d1a8e7db,https://single-runs-api.open-meteo.com/v1/forecast,ecmwf_ifs,2026-02-14 19:00:00+00:00,43.643198,78.538828,43.620384,78.47891,2026-02-15 21:00:00+05:00
2026-02-14 19:00:00+00:00,2026-02-14 12:00:00+00:00,2026-02-15 17:00:00+00:00,1,22,0.5805330852121318,7a9f78e7185f367e,ec4294a0b9cb5f1ae684,644901264ea09c4acf6611cde01bfd027067a9b8f3902f03c7fb0826d1a8e7db,https://single-runs-api.open-meteo.com/v1/forecast,ecmwf_ifs,2026-02-14 19:00:00+00:00,43.64515,78.535604,43.620384,78.47891,2026-02-15 22:00:00+05:00
2026-02-14 19:00:00+00:00,2026-02-14 12:00:00+00:00,2026-02-15 17:00:00+00:00,2,22,0.5746236540688592,7a9f78e7185f367e,ec4294a0b9cb5f1ae684,644901264ea09c4acf6611cde01bfd027067a9b8f3902f03c7fb0826d1a8e7db,https://single-runs-api.open-meteo.com/v1/forecast,ecmwf_ifs,2026-02-14 19:00:00+00:00,43.643198,78.538828,43.620384,78.47891,2026-02-15 22:00:00+05:00
2026-02-14 19:00:00+00:00,2026-02-14 12:00:00+00:00,2026-02-15 18:00:00+00:00,1,23,0.4869788784541761,7a9f78e7185f367e,ec4294a0b9cb5f1ae684,644901264ea09c4acf6611cde01bfd027067a9b8f3902f03c7fb0826d1a8e7db,https://single-runs-api.open-meteo.com/v1/forecast,ecmwf_ifs,2026-02-14 19:00:00+00:00,43.64515,78.535604,43.620384,78.47891,2026-02-15 23:00:00+05:00
2026-02-14 19:00:00+00:00,2026-02-14 12:00:00+00:00,2026-02-15 18:00:00+00:00,2,23,0.481439508807287,7a9f78e7185f367e,ec4294a0b9cb5f1ae684,644901264ea09c4acf6611cde01bfd027067a9b8f3902f03c7fb0826d1a8e7db,https://single-runs-api.open-meteo.com/v1/forecast,ecmwf_ifs,2026-02-14 19:00:00+00:00,43.643198,78.538828,43.620384,78.47891,2026-02-15 23:00:00+05:00
2026-02-14 19:00:00+00:00,2026-02-14 12:00:00+00:00,2026-02-15 19:00:00+00:00,1,24,0.4349372920739699,7a9f78e7185f367e,ec4294a0b9cb5f1ae684,644901264ea09c4acf6611cde01bfd027067a9b8f3902f03c7fb0826d1a8e7db,https://single-runs-api.open-meteo.com/v1/forecast,ecmwf_ifs,2026-02-14 19:00:00+00:00,43.64515,78.535604,43.620384,78.47891,2026-02-16 00:00:00+05:00
2026-02-14 19:00:00+00:00,2026-02-14 12:00:00+00:00,2026-02-15 19:00:00+00:00,2,24,0.4296547367633324,7a9f78e7185f367e,ec4294a0b9cb5f1ae684,644901264ea09c4acf6611cde01bfd027067a9b8f3902f03c7fb0826d1a8e7db,https://single-runs-api.open-meteo.com/v1/forecast,ecmwf_ifs,2026-02-14 19:00:00+00:00,43.643198,78.538828,43.620384,78.47891,2026-02-16 00:00:00+05:00
2026-02-15 19:00:00+00:00,2026-02-15 12:00:00+00:00,2026-02-15 20:00:00+00:00,1,1,0.2400018824314875,7a9f78e7185f367e,8784b733d1ae6403bf96,9f6d66b06920c8bfa0ce59ebb85afd47c87eec1c401bbde4d50c801d138f0693,https://single-runs-api.open-meteo.com/v1/forecast,ecmwf_ifs,2026-02-15 19:00:00+00:00,43.64515,78.535604,43.620384,78.47891,2026-02-16 01:00:00+05:00
2026-02-15 19:00:00+00:00,2026-02-15 12:00:00+00:00,2026-02-15 20:00:00+00:00,2,1,0.2344057964733278,7a9f78e7185f367e,8784b733d1ae6403bf96,9f6d66b06920c8bfa0ce59ebb85afd47c87eec1c401bbde4d50c801d138f0693,https://single-runs-api.open-meteo.com/v1/forecast,ecmwf_ifs,2026-02-15 19:00:00+00:00,43.643198,78.538828,43.620384,78.47891,2026-02-16 01:00:00+05:00
2026-02-15 19:00:00+00:00,2026-02-15 12:00:00+00:00,2026-02-15 21:00:00+00:00,1,2,0.2577420321516248,7a9f78e7185f367e,8784b733d1ae6403bf96,9f6d66b06920c8bfa0ce59ebb85afd47c87eec1c401bbde4d50c801d138f0693,https://single-runs-api.open-meteo.com/v1/forecast,ecmwf_ifs,2026-02-15 19:00:00+00:00,43.64515,78.535604,43.620384,78.47891,2026-02-16 02:00:00+05:00
2026-02-15 19:00:00+00:00,2026-02-15 12:00:00+00:00,2026-02-15 21:00:00+00:00,2,2,0.2532338312473081,7a9f78e7185f367e,8784b733d1ae6403bf96,9f6d66b06920c8bfa0ce59ebb85afd47c87eec1c401bbde4d50c801d138f0693,https://single-runs-api.open-meteo.com/v1/forecast,ecmwf_ifs,2026-02-15 19:00:00+00:00,43.643198,78.538828,43.620384,78.47891,2026-02-16 02:00:00+05:00
2026-02-15 19:00:00+00:00,2026-02-15 12:00:00+00:00,2026-02-15 22:00:00+00:00,1,3,0.308570331171223,7a9f78e7185f367e,8784b733d1ae6403bf96,9f6d66b06920c8bfa0ce59ebb85afd47c87eec1c401bbde4d50c801d138f0693,https://single-runs-api.open-meteo.com/v1/forecast,ecmwf_ifs,2026-02-15 19:00:00+00:00,43.64515,78.535604,43.620384,78.47891,2026-02-16 03:00:00+05:00
2026-02-15 19:00:00+00:00,2026-02-15 12:00:00+00:00,2026-02-15 22:00:00+00:00,2,3,0.3041130408967303,7a9f78e7185f367e,8784b733d1ae6403bf96,9f6d66b06920c8bfa0ce59ebb85afd47c87eec1c401bbde4d50c801d138f0693,https://single-runs-api.open-meteo.com/v1/forecast,ecmwf_ifs,2026-02-15 19:00:00+00:00,43.643198,78.538828,43.620384,78.47891,2026-02-16 03:00:00+05:00
2026-02-15 19:00:00+00:00,2026-02-15 12:00:00+00:00,2026-02-15 23:00:00+00:00,1,4,0.4284169517167177,7a9f78e7185f367e,8784b733d1ae6403bf96,9f6d66b06920c8bfa0ce59ebb85afd47c87eec1c401bbde4d50c801d138f0693,https://single-runs-api.open-meteo.com/v1/forecast,ecmwf_ifs,2026-02-15 19:00:00+00:00,43.64515,78.535604,43.620384,78.47891,2026-02-16 04:00:00+05:00
2026-02-15 19:00:00+00:00,2026-02-15 12:00:00+00:00,2026-02-15 23:00:00+00:00,2,4,0.423978102097944,7a9f78e7185f367e,8784b733d1ae6403bf96,9f6d66b06920c8bfa0ce59ebb85afd47c87eec1c401bbde4d50c801d138f0693,https://single-runs-api.open-meteo.com/v1/forecast,ecmwf_ifs,2026-02-15 19:00:00+00:00,43.643198,78.538828,43.620384,78.47891,2026-02-16 04:00:00+05:00
2026-02-15 19:00:00+00:00,2026-02-15 12:00:00+00:00,2026-02-16 00:00:00+00:00,1,5,0.5586116242511676,7a9f78e7185f367e,8784b733d1ae6403bf96,9f6d66b06920c8bfa0ce59ebb85afd47c87eec1c401bbde4d50c801d138f0693,https://single-runs-api.open-meteo.com/v1/forecast,ecmwf_ifs,2026-02-15 19:00:00+00:00,43.64515,78.535604,43.620384,78.47891,2026-02-16 05:00:00+05:00
2026-02-15 19:00:00+00:00,2026-02-15 12:00:00+00:00,2026-02-16 00:00:00+00:00,2,5,0.5541826605846313,7a9f78e7185f367e,8784b733d1ae6403bf96,9f6d66b06920c8bfa0ce59ebb85afd47c87eec1c401bbde4d50c801d138f0693,https://single-runs-api.open-meteo.com/v1/forecast,ecmwf_ifs,2026-02-15 19:00:00+00:00,43.643198,78.538828,43.620384,78.47891,2026-02-16 05:00:00+05:00
2026-02-15 19:00:00+00:00,2026-02-15 12:00:00+00:00,2026-02-16 01:00:00+00:00,1,6,0.4639949680378733,7a9f78e7185f367e,8784b733d1ae6403bf96,9f6d66b06920c8bfa0ce59ebb85afd47c87eec1c401bbde4d50c801d138f0693,https://single-runs-api.open-meteo.com/v1/forecast,ecmwf_ifs,2026-02-15 19:00:00+00:00,43.64515,78.535604,43.620384,78.47891,2026-02-16 06:00:00+05:00
2026-02-15 19:00:00+00:00,2026-02-15 12:00:00+00:00,2026-02-16 01:00:00+00:00,2,6,0.4597971804663753,7a9f78e7185f367e,8784b733d1ae6403bf96,9f6d66b06920c8bfa0ce59ebb85afd47c87eec1c401bbde4d50c801d138f0693,https://single-runs-api.open-meteo.com/v1/forecast,ecmwf_ifs,2026-02-15 19:00:00+00:00,43.643198,78.538828,43.620384,78.47891,2026-02-16 06:00:00+05:00
2026-02-15 19:00:00+00:00,2026-02-15 12:00:00+00:00,2026-02-16 02:00:00+00:00,1,7,0.4769523514708223,7a9f78e7185f367e,8784b733d1ae6403bf96,9f6d66b06920c8bfa0ce59ebb85afd47c87eec1c401bbde4d50c801d138f0693,https://single-runs-api.open-meteo.com/v1/forecast,ecmwf_ifs,2026-02-15 19:00:00+00:00,43.64515,78.535604,43.620384,78.47891,2026-02-16 07:00:00+05:00
2026-02-15 19:00:00+00:00,2026-02-15 12:00:00+00:00,2026-02-16 02:00:00+00:00,2,7,0.4727366443616477,7a9f78e7185f367e,8784b733d1ae6403bf96,9f6d66b06920c8bfa0ce59ebb85afd47c87eec1c401bbde4d50c801d138f0693,https://single-runs-api.open-meteo.com/v1/forecast,ecmwf_ifs,2026-02-15 19:00:00+00:00,43.643198,78.538828,43.620384,78.47891,2026-02-16 07:00:00+05:00
2026-02-15 19:00:00+00:00,2026-02-15 12:00:00+00:00,2026-02-16 03:00:00+00:00,1,8,0.4619754042101182,7a9f78e7185f367e,8784b733d1ae6403bf96,9f6d66b06920c8bfa0ce59ebb85afd47c87eec1c401bbde4d50c801d138f0693,https://single-runs-api.open-meteo.com/v1/forecast,ecmwf_ifs,2026-02-15 19:00:00+00:00,43.64515,78.535604,43.620384,78.47891,2026-02-16 08:00:00+05:00
2026-02-15 19:00:00+00:00,2026-02-15 12:00:00+00:00,2026-02-16 03:00:00+00:00,2,8,0.4576964046815041,7a9f78e7185f367e,8784b733d1ae6403bf96,9f6d66b06920c8bfa0ce59ebb85afd47c87eec1c401bbde4d50c801d138f0693,https://single-runs-api.open-meteo.com/v1/forecast,ecmwf_ifs,2026-02-15 19:00:00+00:00,43.643198,78.538828,43.620384,78.47891,2026-02-16 08:00:00+05:00
2026-02-15 19:00:00+00:00,2026-02-15 12:00:00+00:00,2026-02-16 04:00:00+00:00,1,9,0.4009449311620551,7a9f78e7185f367e,8784b733d1ae6403bf96,9f6d66b06920c8bfa0ce59ebb85afd47c87eec1c401bbde4d50c801d138f0693,https://single-runs-api.open-meteo.com/v1/forecast,ecmwf_ifs,2026-02-15 19:00:00+00:00,43.64515,78.535604,43.620384,78.47891,2026-02-16 09:00:00+05:00
2026-02-15 19:00:00+00:00,2026-02-15 12:00:00+00:00,2026-02-16 04:00:00+00:00,2,9,0.3969358406628225,7a9f78e7185f367e,8784b733d1ae6403bf96,9f6d66b06920c8bfa0ce59ebb85afd47c87eec1c401bbde4d50c801d138f0693,https://single-runs-api.open-meteo.com/v1/forecast,ecmwf_ifs,2026-02-15 19:00:00+00:00,43.643198,78.538828,43.620384,78.47891,2026-02-16 09:00:00+05:00
2026-02-15 19:00:00+00:00,2026-02-15 12:00:00+00:00,2026-02-16 05:00:00+00:00,1,10,0.3742651159087388,7a9f78e7185f367e,8784b733d1ae6403bf96,9f6d66b06920c8bfa0ce59ebb85afd47c87eec1c401bbde4d50c801d138f0693,https://single-runs-api.open-meteo.com/v1/forecast,ecmwf_ifs,2026-02-15 19:00:00+00:00,43.64515,78.535604,43.620384,78.47891,2026-02-16 10:00:00+05:00
2026-02-15 19:00:00+00:00,2026-02-15 12:00:00+00:00,2026-02-16 05:00:00+00:00,2,10,0.371285679491569,7a9f78e7185f367e,8784b733d1ae6403bf96,9f6d66b06920c8bfa0ce59ebb85afd47c87eec1c401bbde4d50c801d138f0693,https://single-runs-api.open-meteo.com/v1/forecast,ecmwf_ifs,2026-02-15 19:00:00+00:00,43.643198,78.538828,43.620384,78.47891,2026-02-16 10:00:00+05:00
2026-02-15 19:00:00+00:00,2026-02-15 12:00:00+00:00,2026-02-16 06:00:00+00:00,1,11,0.3082208444690647,7a9f78e7185f367e,8784b733d1ae6403bf96,9f6d66b06920c8bfa0ce59ebb85afd47c87eec1c401bbde4d50c801d138f0693,https://single-runs-api.open-meteo.com/v1/forecast,ecmwf_ifs,2026-02-15 19:00:00+00:00,43.64515,78.535604,43.620384,78.47891,2026-02-16 11:00:00+05:00
2026-02-15 19:00:00+00:00,2026-02-15 12:00:00+00:00,2026-02-16 06:00:00+00:00,2,11,0.3051920974711805,7a9f78e7185f367e,8784b733d1ae6403bf96,9f6d66b06920c8bfa0ce59ebb85afd47c87eec1c401bbde4d50c801d138f0693,https://single-runs-api.open-meteo.com/v1/forecast,ecmwf_ifs,2026-02-15 19:00:00+00:00,43.643198,78.538828,43.620384,78.47891,2026-02-16 11:00:00+05:00
2026-02-15 19:00:00+00:00,2026-02-15 12:00:00+00:00,2026-02-16 07:00:00+00:00,1,12,0.2760507148420655,7a9f78e7185f367e,8784b733d1ae6403bf96,9f6d66b06920c8bfa0ce59ebb85afd47c87eec1c401bbde4d50c801d138f0693,https://single-runs-api.open-meteo.com/v1/forecast,ecmwf_ifs,2026-02-15 19:00:00+00:00,43.64515,78.535604,43.620384,78.47891,2026-02-16 12:00:00+05:00
2026-02-15 19:00:00+00:00,2026-02-15 12:00:00+00:00,2026-02-16 07:00:00+00:00,2,12,0.273714311456158,7a9f78e7185f367e,8784b733d1ae6403bf96,9f6d66b06920c8bfa0ce59ebb85afd47c87eec1c401bbde4d50c801d138f0693,https://single-runs-api.open-meteo.com/v1/forecast,ecmwf_ifs,2026-02-15 19:00:00+00:00,43.643198,78.538828,43.620384,78.47891,2026-02-16 12:00:00+05:00
2026-02-15 19:00:00+00:00,2026-02-15 12:00:00+00:00,2026-02-16 08:00:00+00:00,1,13,0.2861715985619339,7a9f78e7185f367e,8784b733d1ae6403bf96,9f6d66b06920c8bfa0ce59ebb85afd47c87eec1c401bbde4d50c801d138f0693,https://single-runs-api.open-meteo.com/v1/forecast,ecmwf_ifs,2026-02-15 19:00:00+00:00,43.64515,78.535604,43.620384,78.47891,2026-02-16 13:00:00+05:00
2026-02-15 19:00:00+00:00,2026-02-15 12:00:00+00:00,2026-02-16 08:00:00+00:00,2,13,0.2835730867428293,7a9f78e7185f367e,8784b733d1ae6403bf96,9f6d66b06920c8bfa0ce59ebb85afd47c87eec1c401bbde4d50c801d138f0693,https://single-runs-api.open-meteo.com/v1/forecast,ecmwf_ifs,2026-02-15 19:00:00+00:00,43.643198,78.538828,43.620384,78.47891,2026-02-16 13:00:00+05:00
2026-02-15 19:00:00+00:00,2026-02-15 12:00:00+00:00,2026-02-16 09:00:00+00:00,1,14,0.2557149739690922,7a9f78e7185f367e,8784b733d1ae6403bf96,9f6d66b06920c8bfa0ce59ebb85afd47c87eec1c401bbde4d50c801d138f0693,https://single-runs-api.open-meteo.com/v1/forecast,ecmwf_ifs,2026-02-15 19:00:00+00:00,43.64515,78.535604,43.620384,78.47891,2026-02-16 14:00:00+05:00
2026-02-15 19:00:00+00:00,2026-02-15 12:00:00+00:00,2026-02-16 09:00:00+00:00,2,14,0.2527497371419738,7a9f78e7185f367e,8784b733d1ae6403bf96,9f6d66b06920c8bfa0ce59ebb85afd47c87eec1c401bbde4d50c801d138f0693,https://single-runs-api.open-meteo.com/v1/forecast,ecmwf_ifs,2026-02-15 19:00:00+00:00,43.643198,78.538828,43.620384,78.47891,2026-02-16 14:00:00+05:00
2026-02-15 19:00:00+00:00,2026-02-15 12:00:00+00:00,2026-02-16 10:00:00+00:00,1,15,0.3145784866347134,7a9f78e7185f367e,8784b733d1ae6403bf96,9f6d66b06920c8bfa0ce59ebb85afd47c87eec1c401bbde4d50c801d138f0693,https://single-runs-api.open-meteo.com/v1/forecast,ecmwf_ifs,2026-02-15 19:00:00+00:00,43.64515,78.535604,43.620384,78.47891,2026-02-16 15:00:00+05:00
2026-02-15 19:00:00+00:00,2026-02-15 12:00:00+00:00,2026-02-16 10:00:00+00:00,2,15,0.3123889036053294,7a9f78e7185f367e,8784b733d1ae6403bf96,9f6d66b06920c8bfa0ce59ebb85afd47c87eec1c401bbde4d50c801d138f0693,https://single-runs-api.open-meteo.com/v1/forecast,ecmwf_ifs,2026-02-15 19:00:00+00:00,43.643198,78.538828,43.620384,78.47891,2026-02-16 15:00:00+05:00
2026-02-15 19:00:00+00:00,2026-02-15 12:00:00+00:00,2026-02-16 11:00:00+00:00,1,16,0.3010520246307676,7a9f78e7185f367e,8784b733d1ae6403bf96,9f6d66b06920c8bfa0ce59ebb85afd47c87eec1c401bbde4d50c801d138f0693,https://single-runs-api.open-meteo.com/v1/forecast,ecmwf_ifs,2026-02-15 19:00:00+00:00,43.64515,78.535604,43.620384,78.47891,2026-02-16 16:00:00+05:00
2026-02-15 19:00:00+00:00,2026-02-15 12:00:00+00:00,2026-02-16 11:00:00+00:00,2,16,0.2980909994092562,7a9f78e7185f367e,8784b733d1ae6403bf96,9f6d66b06920c8bfa0ce59ebb85afd47c87eec1c401bbde4d50c801d138f0693,https://single-runs-api.open-meteo.com/v1/forecast,ecmwf_ifs,2026-02-15 19:00:00+00:00,43.643198,78.538828,43.620384,78.47891,2026-02-16 16:00:00+05:00
2026-02-15 19:00:00+00:00,2026-02-15 12:00:00+00:00,2026-02-16 12:00:00+00:00,1,17,0.1885712978367401,7a9f78e7185f367e,8784b733d1ae6403bf96,9f6d66b06920c8bfa0ce59ebb85afd47c87eec1c401bbde4d50c801d138f0693,https://single-runs-api.open-meteo.com/v1/forecast,ecmwf_ifs,2026-02-15 19:00:00+00:00,43.64515,78.535604,43.620384,78.47891,2026-02-16 17:00:00+05:00
2026-02-15 19:00:00+00:00,2026-02-15 12:00:00+00:00,2026-02-16 12:00:00+00:00,2,17,0.1847690112906203,7a9f78e7185f367e,8784b733d1ae6403bf96,9f6d66b06920c8bfa0ce59ebb85afd47c87eec1c401bbde4d50c801d138f0693,https://single-runs-api.open-meteo.com/v1/forecast,ecmwf_ifs,2026-02-15 19:00:00+00:00,43.643198,78.538828,43.620384,78.47891,2026-02-16 17:00:00+05:00
2026-02-15 19:00:00+00:00,2026-02-15 12:00:00+00:00,2026-02-16 13:00:00+00:00,1,18,0.2994418094853003,7a9f78e7185f367e,8784b733d1ae6403bf96,9f6d66b06920c8bfa0ce59ebb85afd47c87eec1c401bbde4d50c801d138f0693,https://single-runs-api.open-meteo.com/v1/forecast,ecmwf_ifs,2026-02-15 19:00:00+00:00,43.64515,78.535604,43.620384,78.47891,2026-02-16 18:00:00+05:00
2026-02-15 19:00:00+00:00,2026-02-15 12:00:00+00:00,2026-02-16 13:00:00+00:00,2,18,0.2942076918404264,7a9f78e7185f367e,8784b733d1ae6403bf96,9f6d66b06920c8bfa0ce59ebb85afd47c87eec1c401bbde4d50c801d138f0693,https://single-runs-api.open-meteo.com/v1/forecast,ecmwf_ifs,2026-02-15 19:00:00+00:00,43.643198,78.538828,43.620384,78.47891,2026-02-16 18:00:00+05:00
2026-02-15 19:00:00+00:00,2026-02-15 12:00:00+00:00,2026-02-16 14:00:00+00:00,1,19,0.279284508671116,7a9f78e7185f367e,8784b733d1ae6403bf96,9f6d66b06920c8bfa0ce59ebb85afd47c87eec1c401bbde4d50c801d138f0693,https://single-runs-api.open-meteo.com/v1/forecast,ecmwf_ifs,2026-02-15 19:00:00+00:00,43.64515,78.535604,43.620384,78.47891,2026-02-16 19:00:00+05:00
2026-02-15 19:00:00+00:00,2026-02-15 12:00:00+00:00,2026-02-16 14:00:00+00:00,2,19,0.2739238610824963,7a9f78e7185f367e,8784b733d1ae6403bf96,9f6d66b06920c8bfa0ce59ebb85afd47c87eec1c401bbde4d50c801d138f0693,https://single-runs-api.open-meteo.com/v1/forecast,ecmwf_ifs,2026-02-15 19:00:00+00:00,43.643198,78.538828,43.620384,78.47891,2026-02-16 19:00:00+05:00
2026-02-15 19:00:00+00:00,2026-02-15 12:00:00+00:00,2026-02-16 15:00:00+00:00,1,20,0.1982479133674265,7a9f78e7185f367e,8784b733d1ae6403bf96,9f6d66b06920c8bfa0ce59ebb85afd47c87eec1c401bbde4d50c801d138f0693,https://single-runs-api.open-meteo.com/v1/forecast,ecmwf_ifs,2026-02-15 19:00:00+00:00,43.64515,78.535604,43.620384,78.47891,2026-02-16 20:00:00+05:00
2026-02-15 19:00:00+00:00,2026-02-15 12:00:00+00:00,2026-02-16 15:00:00+00:00,2,20,0.1923254092803163,7a9f78e7185f367e,8784b733d1ae6403bf96,9f6d66b06920c8bfa0ce59ebb85afd47c87eec1c401bbde4d50c801d138f0693,https://single-runs-api.open-meteo.com/v1/forecast,ecmwf_ifs,2026-02-15 19:00:00+00:00,43.643198,78.538828,43.620384,78.47891,2026-02-16 20:00:00+05:00
2026-02-15 19:00:00+00:00,2026-02-15 12:00:00+00:00,2026-02-16 16:00:00+00:00,1,21,0.2633084618931812,7a9f78e7185f367e,8784b733d1ae6403bf96,9f6d66b06920c8bfa0ce59ebb85afd47c87eec1c401bbde4d50c801d138f0693,https://single-runs-api.open-meteo.com/v1/forecast,ecmwf_ifs,2026-02-15 19:00:00+00:00,43.64515,78.535604,43.620384,78.47891,2026-02-16 21:00:00+05:00
2026-02-15 19:00:00+00:00,2026-02-15 12:00:00+00:00,2026-02-16 16:00:00+00:00,2,21,0.2579832169930157,7a9f78e7185f367e,8784b733d1ae6403bf96,9f6d66b06920c8bfa0ce59ebb85afd47c87eec1c401bbde4d50c801d138f0693,https://single-runs-api.open-meteo.com/v1/forecast,ecmwf_ifs,2026-02-15 19:00:00+00:00,43.643198,78.538828,43.620384,78.47891,2026-02-16 21:00:00+05:00
2026-02-15 19:00:00+00:00,2026-02-15 12:00:00+00:00,2026-02-16 17:00:00+00:00,1,22,0.2025005590571541,7a9f78e7185f367e,8784b733d1ae6403bf96,9f6d66b06920c8bfa0ce59ebb85afd47c87eec1c401bbde4d50c801d138f0693,https://single-runs-api.open-meteo.com/v1/forecast,ecmwf_ifs,2026-02-15 19:00:00+00:00,43.64515,78.535604,43.620384,78.47891,2026-02-16 22:00:00+05:00
2026-02-15 19:00:00+00:00,2026-02-15 12:00:00+00:00,2026-02-16 17:00:00+00:00,2,22,0.1980842104951241,7a9f78e7185f367e,8784b733d1ae6403bf96,9f6d66b06920c8bfa0ce59ebb85afd47c87eec1c401bbde4d50c801d138f0693,https://single-runs-api.open-meteo.com/v1/forecast,ecmwf_ifs,2026-02-15 19:00:00+00:00,43.643198,78.538828,43.620384,78.47891,2026-02-16 22:00:00+05:00
2026-02-15 19:00:00+00:00,2026-02-15 12:00:00+00:00,2026-02-16 18:00:00+00:00,1,23,0.1806823557025798,7a9f78e7185f367e,8784b733d1ae6403bf96,9f6d66b06920c8bfa0ce59ebb85afd47c87eec1c401bbde4d50c801d138f0693,https://single-runs-api.open-meteo.com/v1/forecast,ecmwf_ifs,2026-02-15 19:00:00+00:00,43.64515,78.535604,43.620384,78.47891,2026-02-16 23:00:00+05:00
2026-02-15 19:00:00+00:00,2026-02-15 12:00:00+00:00,2026-02-16 18:00:00+00:00,2,23,0.1755124910810266,7a9f78e7185f367e,8784b733d1ae6403bf96,9f6d66b06920c8bfa0ce59ebb85afd47c87eec1c401bbde4d50c801d138f0693,https://single-runs-api.open-meteo.com/v1/forecast,ecmwf_ifs,2026-02-15 19:00:00+00:00,43.643198,78.538828,43.620384,78.47891,2026-02-16 23:00:00+05:00
2026-02-15 19:00:00+00:00,2026-02-15 12:00:00+00:00,2026-02-16 19:00:00+00:00,1,24,0.1969568946885035,7a9f78e7185f367e,8784b733d1ae6403bf96,9f6d66b06920c8bfa0ce59ebb85afd47c87eec1c401bbde4d50c801d138f0693,https://single-runs-api.open-meteo.com/v1/forecast,ecmwf_ifs,2026-02-15 19:00:00+00:00,43.64515,78.535604,43.620384,78.47891,2026-02-17 00:00:00+05:00
2026-02-15 19:00:00+00:00,2026-02-15 12:00:00+00:00,2026-02-16 19:00:00+00:00,2,24,0.1917363533708,7a9f78e7185f367e,8784b733d1ae6403bf96,9f6d66b06920c8bfa0ce59ebb85afd47c87eec1c401bbde4d50c801d138f0693,https://single-runs-api.open-meteo.com/v1/forecast,ecmwf_ifs,2026-02-15 19:00:00+00:00,43.643198,78.538828,43.620384,78.47891,2026-02-17 00:00:00+05:00
2026-02-16 19:00:00+00:00,2026-02-16 12:00:00+00:00,2026-02-16 20:00:00+00:00,1,1,0.1628899010348442,7a9f78e7185f367e,03b59d78a3f9d2bf2cfc,cf701a81c93a8ebd7d6e4c2ace03b7b968dca3d4ec2c77cc413ac5cfef0411b8,https://single-runs-api.open-meteo.com/v1/forecast,ecmwf_ifs,2026-02-16 19:00:00+00:00,43.64515,78.535604,43.620384,78.47891,2026-02-17 01:00:00+05:00
2026-02-16 19:00:00+00:00,2026-02-16 12:00:00+00:00,2026-02-16 20:00:00+00:00,2,1,0.1570057571324485,7a9f78e7185f367e,03b59d78a3f9d2bf2cfc,cf701a81c93a8ebd7d6e4c2ace03b7b968dca3d4ec2c77cc413ac5cfef0411b8,https://single-runs-api.open-meteo.com/v1/forecast,ecmwf_ifs,2026-02-16 19:00:00+00:00,43.643198,78.538828,43.620384,78.47891,2026-02-17 01:00:00+05:00
2026-02-16 19:00:00+00:00,2026-02-16 12:00:00+00:00,2026-02-16 21:00:00+00:00,1,2,0.1339500283380762,7a9f78e7185f367e,03b59d78a3f9d2bf2cfc,cf701a81c93a8ebd7d6e4c2ace03b7b968dca3d4ec2c77cc413ac5cfef0411b8,https://single-runs-api.open-meteo.com/v1/forecast,ecmwf_ifs,2026-02-16 19:00:00+00:00,43.64515,78.535604,43.620384,78.47891,2026-02-17 02:00:00+05:00
2026-02-16 19:00:00+00:00,2026-02-16 12:00:00+00:00,2026-02-16 21:00:00+00:00,2,2,0.1283136739397364,7a9f78e7185f367e,03b59d78a3f9d2bf2cfc,cf701a81c93a8ebd7d6e4c2ace03b7b968dca3d4ec2c77cc413ac5cfef0411b8,https://single-runs-api.open-meteo.com/v1/forecast,ecmwf_ifs,2026-02-16 19:00:00+00:00,43.643198,78.538828,43.620384,78.47891,2026-02-17 02:00:00+05:00
2026-02-16 19:00:00+00:00,2026-02-16 12:00:00+00:00,2026-02-16 22:00:00+00:00,1,3,0.0770980071458415,7a9f78e7185f367e,03b59d78a3f9d2bf2cfc,cf701a81c93a8ebd7d6e4c2ace03b7b968dca3d4ec2c77cc413ac5cfef0411b8,https://single-runs-api.open-meteo.com/v1/forecast,ecmwf_ifs,2026-02-16 19:00:00+00:00,43.64515,78.535604,43.620384,78.47891,2026-02-17 03:00:00+05:00
2026-02-16 19:00:00+00:00,2026-02-16 12:00:00+00:00,2026-02-16 22:00:00+00:00,2,3,0.0721685721412683,7a9f78e7185f367e,03b59d78a3f9d2bf2cfc,cf701a81c93a8ebd7d6e4c2ace03b7b968dca3d4ec2c77cc413ac5cfef0411b8,https://single-runs-api.open-meteo.com/v1/forecast,ecmwf_ifs,2026-02-16 19:00:00+00:00,43.643198,78.538828,43.620384,78.47891,2026-02-17 03:00:00+05:00
2026-02-16 19:00:00+00:00,2026-02-16 12:00:00+00:00,2026-02-16 23:00:00+00:00,1,4,0.1354380268295522,7a9f78e7185f367e,03b59d78a3f9d2bf2cfc,cf701a81c93a8ebd7d6e4c2ace03b7b968dca3d4ec2c77cc413ac5cfef0411b8,https://single-runs-api.open-meteo.com/v1/forecast,ecmwf_ifs,2026-02-16 19:00:00+00:00,43.64515,78.535604,43.620384,78.47891,2026-02-17 04:00:00+05:00
2026-02-16 19:00:00+00:00,2026-02-16 12:00:00+00:00,2026-02-16 23:00:00+00:00,2,4,0.1315242099134015,7a9f78e7185f367e,03b59d78a3f9d2bf2cfc,cf701a81c93a8ebd7d6e4c2ace03b7b968dca3d4ec2c77cc413ac5cfef0411b8,https://single-runs-api.open-meteo.com/v1/forecast,ecmwf_ifs,2026-02-16 19:00:00+00:00,43.643198,78.538828,43.620384,78.47891,2026-02-17 04:00:00+05:00
2026-02-16 19:00:00+00:00,2026-02-16 12:00:00+00:00,2026-02-17 00:00:00+00:00,1,5,0.0819040526481528,7a9f78e7185f367e,03b59d78a3f9d2bf2cfc,cf701a81c93a8ebd7d6e4c2ace03b7b968dca3d4ec2c77cc413ac5cfef0411b8,https://single-runs-api.open-meteo.com/v1/forecast,ecmwf_ifs,2026-02-16 19:00:00+00:00,43.64515,78.535604,43.620384,78.47891,2026-02-17 05:00:00+05:00
2026-02-16 19:00:00+00:00,2026-02-16 12:00:00+00:00,2026-02-17 00:00:00+00:00,2,5,0.0779448151310534,7a9f78e7185f367e,03b59d78a3f9d2bf2cfc,cf701a81c93a8ebd7d6e4c2ace03b7b968dca3d4ec2c77cc413ac5cfef0411b8,https://single-runs-api.open-meteo.com/v1/forecast,ecmwf_ifs,2026-02-16 19:00:00+00:00,43.643198,78.538828,43.620384,78.47891,2026-02-17 05:00:00+05:00
2026-02-16 19:00:00+00:00,2026-02-16 12:00:00+00:00,2026-02-17 01:00:00+00:00,1,6,0.0404983722008386,7a9f78e7185f367e,03b59d78a3f9d2bf2cfc,cf701a81c93a8ebd7d6e4c2ace03b7b968dca3d4ec2c77cc413ac5cfef0411b8,https://single-runs-api.open-meteo.com/v1/forecast,ecmwf_ifs,2026-02-16 19:00:00+00:00,43.64515,78.535604,43.620384,78.47891,2026-02-17 06:00:00+05:00
2026-02-16 19:00:00+00:00,2026-02-16 12:00:00+00:00,2026-02-17 01:00:00+00:00,2,6,0.036775562738034,7a9f78e7185f367e,03b59d78a3f9d2bf2cfc,cf701a81c93a8ebd7d6e4c2ace03b7b968dca3d4ec2c77cc413ac5cfef0411b8,https://single-runs-api.open-meteo.com/v1/forecast,ecmwf_ifs,2026-02-16 19:00:00+00:00,43.643198,78.538828,43.620384,78.47891,2026-02-17 06:00:00+05:00
2026-02-16 19:00:00+00:00,2026-02-16 12:00:00+00:00,2026-02-17 02:00:00+00:00,1,7,0.0521807763362047,7a9f78e7185f367e,03b59d78a3f9d2bf2cfc,cf701a81c93a8ebd7d6e4c2ace03b7b968dca3d4ec2c77cc413ac5cfef0411b8,https://single-runs-api.open-meteo.com/v1/forecast,ecmwf_ifs,2026-02-16 19:00:00+00:00,43.64515,78.535604,43.620384,78.47891,2026-02-17 07:00:00+05:00
2026-02-16 19:00:00+00:00,2026-02-16 12:00:00+00:00,2026-02-17 02:00:00+00:00,2,7,0.0486354812132459,7a9f78e7185f367e,03b59d78a3f9d2bf2cfc,cf701a81c93a8ebd7d6e4c2ace03b7b968dca3d4ec2c77cc413ac5cfef0411b8,https://single-runs-api.open-meteo.com/v1/forecast,ecmwf_ifs,2026-02-16 19:00:00+00:00,43.643198,78.538828,43.620384,78.47891,2026-02-17 07:00:00+05:00
2026-02-16 19:00:00+00:00,2026-02-16 12:00:00+00:00,2026-02-17 03:00:00+00:00,1,8,0.0916870253814252,7a9f78e7185f367e,03b59d78a3f9d2bf2cfc,cf701a81c93a8ebd7d6e4c2ace03b7b968dca3d4ec2c77cc413ac5cfef0411b8,https://single-runs-api.open-meteo.com/v1/forecast,ecmwf_ifs,2026-02-16 19:00:00+00:00,43.64515,78.535604,43.620384,78.47891,2026-02-17 08:00:00+05:00
2026-02-16 19:00:00+00:00,2026-02-16 12:00:00+00:00,2026-02-17 03:00:00+00:00,2,8,0.0880774643726716,7a9f78e7185f367e,03b59d78a3f9d2bf2cfc,cf701a81c93a8ebd7d6e4c2ace03b7b968dca3d4ec2c77cc413ac5cfef0411b8,https://single-runs-api.open-meteo.com/v1/forecast,ecmwf_ifs,2026-02-16 19:00:00+00:00,43.643198,78.538828,43.620384,78.47891,2026-02-17 08:00:00+05:00
2026-02-16 19:00:00+00:00,2026-02-16 12:00:00+00:00,2026-02-17 04:00:00+00:00,1,9,0.0640170398253827,7a9f78e7185f367e,03b59d78a3f9d2bf2cfc,cf701a81c93a8ebd7d6e4c2ace03b7b968dca3d4ec2c77cc413ac5cfef0411b8,https://single-runs-api.open-meteo.com/v1/forecast,ecmwf_ifs,2026-02-16 19:00:00+00:00,43.64515,78.535604,43.620384,78.47891,2026-02-17 09:00:00+05:00
2026-02-16 19:00:00+00:00,2026-02-16 12:00:00+00:00,2026-02-17 04:00:00+00:00,2,9,0.0605581684146934,7a9f78e7185f367e,03b59d78a3f9d2bf2cfc,cf701a81c93a8ebd7d6e4c2ace03b7b968dca3d4ec2c77cc413ac5cfef0411b8,https://single-runs-api.open-meteo.com/v1/forecast,ecmwf_ifs,2026-02-16 19:00:00+00:00,43.643198,78.538828,43.620384,78.47891,2026-02-17 09:00:00+05:00
2026-02-16 19:00:00+00:00,2026-02-16 12:00:00+00:00,2026-02-17 05:00:00+00:00,1,10,0.0614739911867108,7a9f78e7185f367e,03b59d78a3f9d2bf2cfc,cf701a81c93a8ebd7d6e4c2ace03b7b968dca3d4ec2c77cc413ac5cfef0411b8,https://single-runs-api.open-meteo.com/v1/forecast,ecmwf_ifs,2026-02-16 19:00:00+00:00,43.64515,78.535604,43.620384,78.47891,2026-02-17 10:00:00+05:00
2026-02-16 19:00:00+00:00,2026-02-16 12:00:00+00:00,2026-02-17 05:00:00+00:00,2,10,0.0590628571368179,7a9f78e7185f367e,03b59d78a3f9d2bf2cfc,cf701a81c93a8ebd7d6e4c2ace03b7b968dca3d4ec2c77cc413ac5cfef0411b8,https://single-runs-api.open-meteo.com/v1/forecast,ecmwf_ifs,2026-02-16 19:00:00+00:00,43.643198,78.538828,43.620384,78.47891,2026-02-17 10:00:00+05:00
2026-02-16 19:00:00+00:00,2026-02-16 12:00:00+00:00,2026-02-17 06:00:00+00:00,1,11,0.1154640111838028,7a9f78e7185f367e,03b59d78a3f9d2bf2cfc,cf701a81c93a8ebd7d6e4c2ace03b7b968dca3d4ec2c77cc413ac5cfef0411b8,https://single-runs-api.open-meteo.com/v1/forecast,ecmwf_ifs,2026-02-16 19:00:00+00:00,43.64515,78.535604,43.620384,78.47891,2026-02-17 11:00:00+05:00
2026-02-16 19:00:00+00:00,2026-02-16 12:00:00+00:00,2026-02-17 06:00:00+00:00,2,11,0.1132800048629391,7a9f78e7185f367e,03b59d78a3f9d2bf2cfc,cf701a81c93a8ebd7d6e4c2ace03b7b968dca3d4ec2c77cc413ac5cfef0411b8,https://single-runs-api.open-meteo.com/v1/forecast,ecmwf_ifs,2026-02-16 19:00:00+00:00,43.643198,78.538828,43.620384,78.47891,2026-02-17 11:00:00+05:00
2026-02-16 19:00:00+00:00,2026-02-16 12:00:00+00:00,2026-02-17 07:00:00+00:00,1,12,0.134671820762265,7a9f78e7185f367e,03b59d78a3f9d2bf2cfc,cf701a81c93a8ebd7d6e4c2ace03b7b968dca3d4ec2c77cc413ac5cfef0411b8,https://single-runs-api.open-meteo.com/v1/forecast,ecmwf_ifs,2026-02-16 19:00:00+00:00,43.64515,78.535604,43.620384,78.47891,2026-02-17 12:00:00+05:00
2026-02-16 19:00:00+00:00,2026-02-16 12:00:00+00:00,2026-02-17 07:00:00+00:00,2,12,0.1311470563402511,7a9f78e7185f367e,03b59d78a3f9d2bf2cfc,cf701a81c93a8ebd7d6e4c2ace03b7b968dca3d4ec2c77cc413ac5cfef0411b8,https://single-runs-api.open-meteo.com/v1/forecast,ecmwf_ifs,2026-02-16 19:00:00+00:00,43.643198,78.538828,43.620384,78.47891,2026-02-17 12:00:00+05:00
2026-02-16 19:00:00+00:00,2026-02-16 12:00:00+00:00,2026-02-17 08:00:00+00:00,1,13,0.141043297879485,7a9f78e7185f367e,03b59d78a3f9d2bf2cfc,cf701a81c93a8ebd7d6e4c2ace03b7b968dca3d4ec2c77cc413ac5cfef0411b8,https://single-runs-api.open-meteo.com/v1/forecast,ecmwf_ifs,2026-02-16 19:00:00+00:00,43.64515,78.535604,43.620384,78.47891,2026-02-17 13:00:00+05:00
2026-02-16 19:00:00+00:00,2026-02-16 12:00:00+00:00,2026-02-17 08:00:00+00:00,2,13,0.1384777607894816,7a9f78e7185f367e,03b59d78a3f9d2bf2cfc,cf701a81c93a8ebd7d6e4c2ace03b7b968dca3d4ec2c77cc413ac5cfef0411b8,https://single-runs-api.open-meteo.com/v1/forecast,ecmwf_ifs,2026-02-16 19:00:00+00:00,43.643198,78.538828,43.620384,78.47891,2026-02-17 13:00:00+05:00
2026-02-16 19:00:00+00:00,2026-02-16 12:00:00+00:00,2026-02-17 09:00:00+00:00,1,14,0.1745916947684985,7a9f78e7185f367e,03b59d78a3f9d2bf2cfc,cf701a81c93a8ebd7d6e4c2ace03b7b968dca3d4ec2c77cc413ac5cfef0411b8,https://single-runs-api.open-meteo.com/v1/forecast,ecmwf_ifs,2026-02-16 19:00:00+00:00,43.64515,78.535604,43.620384,78.47891,2026-02-17 14:00:00+05:00
2026-02-16 19:00:00+00:00,2026-02-16 12:00:00+00:00,2026-02-17 09:00:00+00:00,2,14,0.1721400594087878,7a9f78e7185f367e,03b59d78a3f9d2bf2cfc,cf701a81c93a8ebd7d6e4c2ace03b7b968dca3d4ec2c77cc413ac5cfef0411b8,https://single-runs-api.open-meteo.com/v1/forecast,ecmwf_ifs,2026-02-16 19:00:00+00:00,43.643198,78.538828,43.620384,78.47891,2026-02-17 14:00:00+05:00
2026-02-16 19:00:00+00:00,2026-02-16 12:00:00+00:00,2026-02-17 10:00:00+00:00,1,15,0.2202421032252804,7a9f78e7185f367e,03b59d78a3f9d2bf2cfc,cf701a81c93a8ebd7d6e4c2ace03b7b968dca3d4ec2c77cc413ac5cfef0411b8,https://single-runs-api.open-meteo.com/v1/forecast,ecmwf_ifs,2026-02-16 19:00:00+00:00,43.64515,78.535604,43.620384,78.47891,2026-02-17 15:00:00+05:00
2026-02-16 19:00:00+00:00,2026-02-16 12:00:00+00:00,2026-02-17 10:00:00+00:00,2,15,0.2178706656516791,7a9f78e7185f367e,03b59d78a3f9d2bf2cfc,cf701a81c93a8ebd7d6e4c2ace03b7b968dca3d4ec2c77cc413ac5cfef0411b8,https://single-runs-api.open-meteo.com/v1/forecast,ecmwf_ifs,2026-02-16 19:00:00+00:00,43.643198,78.538828,43.620384,78.47891,2026-02-17 15:00:00+05:00
2026-02-16 19:00:00+00:00,2026-02-16 12:00:00+00:00,2026-02-17 11:00:00+00:00,1,16,0.2335474836660272,7a9f78e7185f367e,03b59d78a3f9d2bf2cfc,cf701a81c93a8ebd7d6e4c2ace03b7b968dca3d4ec2c77cc413ac5cfef0411b8,https://single-runs-api.open-meteo.com/v1/forecast,ecmwf_ifs,2026-02-16 19:00:00+00:00,43.64515,78.535604,43.620384,78.47891,2026-02-17 16:00:00+05:00
2026-02-16 19:00:00+00:00,2026-02-16 12:00:00+00:00,2026-02-17 11:00:00+00:00,2,16,0.2309706395504243,7a9f78e7185f367e,03b59d78a3f9d2bf2cfc,cf701a81c93a8ebd7d6e4c2ace03b7b968dca3d4ec2c77cc413ac5cfef0411b8,https://single-runs-api.open-meteo.com/v1/forecast,ecmwf_ifs,2026-02-16 19:00:00+00:00,43.643198,78.538828,43.620384,78.47891,2026-02-17 16:00:00+05:00
2026-02-16 19:00:00+00:00,2026-02-16 12:00:00+00:00,2026-02-17 12:00:00+00:00,1,17,0.3268059323185232,7a9f78e7185f367e,03b59d78a3f9d2bf2cfc,cf701a81c93a8ebd7d6e4c2ace03b7b968dca3d4ec2c77cc413ac5cfef0411b8,https://single-runs-api.open-meteo.com/v1/forecast,ecmwf_ifs,2026-02-16 19:00:00+00:00,43.64515,78.535604,43.620384,78.47891,2026-02-17 17:00:00+05:00
2026-02-16 19:00:00+00:00,2026-02-16 12:00:00+00:00,2026-02-17 12:00:00+00:00,2,17,0.3232408253338588,7a9f78e7185f367e,03b59d78a3f9d2bf2cfc,cf701a81c93a8ebd7d6e4c2ace03b7b968dca3d4ec2c77cc413ac5cfef0411b8,https://single-runs-api.open-meteo.com/v1/forecast,ecmwf_ifs,2026-02-16 19:00:00+00:00,43.643198,78.538828,43.620384,78.47891,2026-02-17 17:00:00+05:00
2026-02-16 19:00:00+00:00,2026-02-16 12:00:00+00:00,2026-02-17 13:00:00+00:00,1,18,0.5005424206865474,7a9f78e7185f367e,03b59d78a3f9d2bf2cfc,cf701a81c93a8ebd7d6e4c2ace03b7b968dca3d4ec2c77cc413ac5cfef0411b8,https://single-runs-api.open-meteo.com/v1/forecast,ecmwf_ifs,2026-02-16 19:00:00+00:00,43.64515,78.535604,43.620384,78.47891,2026-02-17 18:00:00+05:00
2026-02-16 19:00:00+00:00,2026-02-16 12:00:00+00:00,2026-02-17 13:00:00+00:00,2,18,0.4956132459586883,7a9f78e7185f367e,03b59d78a3f9d2bf2cfc,cf701a81c93a8ebd7d6e4c2ace03b7b968dca3d4ec2c77cc413ac5cfef0411b8,https://single-runs-api.open-meteo.com/v1/forecast,ecmwf_ifs,2026-02-16 19:00:00+00:00,43.643198,78.538828,43.620384,78.47891,2026-02-17 18:00:00+05:00
2026-02-16 19:00:00+00:00,2026-02-16 12:00:00+00:00,2026-02-17 14:00:00+00:00,1,19,0.5806135993855563,7a9f78e7185f367e,03b59d78a3f9d2bf2cfc,cf701a81c93a8ebd7d6e4c2ace03b7b968dca3d4ec2c77cc413ac5cfef0411b8,https://single-runs-api.open-meteo.com/v1/forecast,ecmwf_ifs,2026-02-16 19:00:00+00:00,43.64515,78.535604,43.620384,78.47891,2026-02-17 19:00:00+05:00
2026-02-16 19:00:00+00:00,2026-02-16 12:00:00+00:00,2026-02-17 14:00:00+00:00,2,19,0.5757698560845304,7a9f78e7185f367e,03b59d78a3f9d2bf2cfc,cf701a81c93a8ebd7d6e4c2ace03b7b968dca3d4ec2c77cc413ac5cfef0411b8,https://single-runs-api.open-meteo.com/v1/forecast,ecmwf_ifs,2026-02-16 19:00:00+00:00,43.643198,78.538828,43.620384,78.47891,2026-02-17 19:00:00+05:00
2026-02-16 19:00:00+00:00,2026-02-16 12:00:00+00:00,2026-02-17 15:00:00+00:00,1,20,0.7611259169861153,7a9f78e7185f367e,03b59d78a3f9d2bf2cfc,cf701a81c93a8ebd7d6e4c2ace03b7b968dca3d4ec2c77cc413ac5cfef0411b8,https://single-runs-api.open-meteo.com/v1/forecast,ecmwf_ifs,2026-02-16 19:00:00+00:00,43.64515,78.535604,43.620384,78.47891,2026-02-17 20:00:00+05:00
2026-02-16 19:00:00+00:00,2026-02-16 12:00:00+00:00,2026-02-17 15:00:00+00:00,2,20,0.7560496269696332,7a9f78e7185f367e,03b59d78a3f9d2bf2cfc,cf701a81c93a8ebd7d6e4c2ace03b7b968dca3d4ec2c77cc413ac5cfef0411b8,https://single-runs-api.open-meteo.com/v1/forecast,ecmwf_ifs,2026-02-16 19:00:00+00:00,43.643198,78.538828,43.620384,78.47891,2026-02-17 20:00:00+05:00
2026-02-16 19:00:00+00:00,2026-02-16 12:00:00+00:00,2026-02-17 16:00:00+00:00,1,21,0.829830817580489,7a9f78e7185f367e,03b59d78a3f9d2bf2cfc,cf701a81c93a8ebd7d6e4c2ace03b7b968dca3d4ec2c77cc413ac5cfef0411b8,https://single-runs-api.open-meteo.com/v1/forecast,ecmwf_ifs,2026-02-16 19:00:00+00:00,43.64515,78.535604,43.620384,78.47891,2026-02-17 21:00:00+05:00
2026-02-16 19:00:00+00:00,2026-02-16 12:00:00+00:00,2026-02-17 16:00:00+00:00,2,21,0.8245237601775433,7a9f78e7185f367e,03b59d78a3f9d2bf2cfc,cf701a81c93a8ebd7d6e4c2ace03b7b968dca3d4ec2c77cc413ac5cfef0411b8,https://single-runs-api.open-meteo.com/v1/forecast,ecmwf_ifs,2026-02-16 19:00:00+00:00,43.643198,78.538828,43.620384,78.47891,2026-02-17 21:00:00+05:00
2026-02-16 19:00:00+00:00,2026-02-16 12:00:00+00:00,2026-02-17 17:00:00+00:00,1,22,0.7646124676275017,7a9f78e7185f367e,03b59d78a3f9d2bf2cfc,cf701a81c93a8ebd7d6e4c2ace03b7b968dca3d4ec2c77cc413ac5cfef0411b8,https://single-runs-api.open-meteo.com/v1/forecast,ecmwf_ifs,2026-02-16 19:00:00+00:00,43.64515,78.535604,43.620384,78.47891,2026-02-17 22:00:00+05:00
2026-02-16 19:00:00+00:00,2026-02-16 12:00:00+00:00,2026-02-17 17:00:00+00:00,2,22,0.7589135809226301,7a9f78e7185f367e,03b59d78a3f9d2bf2cfc,cf701a81c93a8ebd7d6e4c2ace03b7b968dca3d4ec2c77cc413ac5cfef0411b8,https://single-runs-api.open-meteo.com/v1/forecast,ecmwf_ifs,2026-02-16 19:00:00+00:00,43.643198,78.538828,43.620384,78.47891,2026-02-17 22:00:00+05:00
2026-02-16 19:00:00+00:00,2026-02-16 12:00:00+00:00,2026-02-17 18:00:00+00:00,1,23,0.6997920341885459,7a9f78e7185f367e,03b59d78a3f9d2bf2cfc,cf701a81c93a8ebd7d6e4c2ace03b7b968dca3d4ec2c77cc413ac5cfef0411b8,https://single-runs-api.open-meteo.com/v1/forecast,ecmwf_ifs,2026-02-16 19:00:00+00:00,43.64515,78.535604,43.620384,78.47891,2026-02-17 23:00:00+05:00
2026-02-16 19:00:00+00:00,2026-02-16 12:00:00+00:00,2026-02-17 18:00:00+00:00,2,23,0.6940931474836746,7a9f78e7185f367e,03b59d78a3f9d2bf2cfc,cf701a81c93a8ebd7d6e4c2ace03b7b968dca3d4ec2c77cc413ac5cfef0411b8,https://single-runs-api.open-meteo.com/v1/forecast,ecmwf_ifs,2026-02-16 19:00:00+00:00,43.643198,78.538828,43.620384,78.47891,2026-02-17 23:00:00+05:00
2026-02-16 19:00:00+00:00,2026-02-16 12:00:00+00:00,2026-02-17 19:00:00+00:00,1,24,0.7762349987706175,7a9f78e7185f367e,03b59d78a3f9d2bf2cfc,cf701a81c93a8ebd7d6e4c2ace03b7b968dca3d4ec2c77cc413ac5cfef0411b8,https://single-runs-api.open-meteo.com/v1/forecast,ecmwf_ifs,2026-02-16 19:00:00+00:00,43.64515,78.535604,43.620384,78.47891,2026-02-18 00:00:00+05:00
2026-02-16 19:00:00+00:00,2026-02-16 12:00:00+00:00,2026-02-17 19:00:00+00:00,2,24,0.7715859226401867,7a9f78e7185f367e,03b59d78a3f9d2bf2cfc,cf701a81c93a8ebd7d6e4c2ace03b7b968dca3d4ec2c77cc413ac5cfef0411b8,https://single-runs-api.open-meteo.com/v1/forecast,ecmwf_ifs,2026-02-16 19:00:00+00:00,43.643198,78.538828,43.620384,78.47891,2026-02-18 00:00:00+05:00
2026-02-17 19:00:00+00:00,2026-02-17 12:00:00+00:00,2026-02-17 20:00:00+00:00,1,1,0.5752629446217842,7a9f78e7185f367e,e78b2b21b2e68d9a69d9,c90595bbf7189873000a4282d77f4e8b27a493bd1e6df80b23c687b9582f7da2,https://single-runs-api.open-meteo.com/v1/forecast,ecmwf_ifs,2026-02-17 19:00:00+00:00,43.64515,78.535604,43.620384,78.47891,2026-02-18 01:00:00+05:00
2026-02-17 19:00:00+00:00,2026-02-17 12:00:00+00:00,2026-02-17 20:00:00+00:00,2,1,0.5709368238309174,7a9f78e7185f367e,e78b2b21b2e68d9a69d9,c90595bbf7189873000a4282d77f4e8b27a493bd1e6df80b23c687b9582f7da2,https://single-runs-api.open-meteo.com/v1/forecast,ecmwf_ifs,2026-02-17 19:00:00+00:00,43.643198,78.538828,43.620384,78.47891,2026-02-18 01:00:00+05:00
2026-02-17 19:00:00+00:00,2026-02-17 12:00:00+00:00,2026-02-17 21:00:00+00:00,1,2,0.6595802945445487,7a9f78e7185f367e,e78b2b21b2e68d9a69d9,c90595bbf7189873000a4282d77f4e8b27a493bd1e6df80b23c687b9582f7da2,https://single-runs-api.open-meteo.com/v1/forecast,ecmwf_ifs,2026-02-17 19:00:00+00:00,43.64515,78.535604,43.620384,78.47891,2026-02-18 02:00:00+05:00
2026-02-17 19:00:00+00:00,2026-02-17 12:00:00+00:00,2026-02-17 21:00:00+00:00,2,2,0.6549822608348144,7a9f78e7185f367e,e78b2b21b2e68d9a69d9,c90595bbf7189873000a4282d77f4e8b27a493bd1e6df80b23c687b9582f7da2,https://single-runs-api.open-meteo.com/v1/forecast,ecmwf_ifs,2026-02-17 19:00:00+00:00,43.643198,78.538828,43.620384,78.47891,2026-02-18 02:00:00+05:00
2026-02-17 19:00:00+00:00,2026-02-17 12:00:00+00:00,2026-02-17 22:00:00+00:00,1,3,0.6697374967291095,7a9f78e7185f367e,e78b2b21b2e68d9a69d9,c90595bbf7189873000a4282d77f4e8b27a493bd1e6df80b23c687b9582f7da2,https://single-runs-api.open-meteo.com/v1/forecast,ecmwf_ifs,2026-02-17 19:00:00+00:00,43.64515,78.535604,43.620384,78.47891,2026-02-18 03:00:00+05:00
2026-02-17 19:00:00+00:00,2026-02-17 12:00:00+00:00,2026-02-17 22:00:00+00:00,2,3,0.6654028220560717,7a9f78e7185f367e,e78b2b21b2e68d9a69d9,c90595bbf7189873000a4282d77f4e8b27a493bd1e6df80b23c687b9582f7da2,https://single-runs-api.open-meteo.com/v1/forecast,ecmwf_ifs,2026-02-17 19:00:00+00:00,43.643198,78.538828,43.620384,78.47891,2026-02-18 03:00:00+05:00
2026-02-17 19:00:00+00:00,2026-02-17 12:00:00+00:00,2026-02-17 23:00:00+00:00,1,4,0.803780466411632,7a9f78e7185f367e,e78b2b21b2e68d9a69d9,c90595bbf7189873000a4282d77f4e8b27a493bd1e6df80b23c687b9582f7da2,https://single-runs-api.open-meteo.com/v1/forecast,ecmwf_ifs,2026-02-17 19:00:00+00:00,43.64515,78.535604,43.620384,78.47891,2026-02-18 04:00:00+05:00
2026-02-17 19:00:00+00:00,2026-02-17 12:00:00+00:00,2026-02-17 23:00:00+00:00,2,4,0.7989788155553211,7a9f78e7185f367e,e78b2b21b2e68d9a69d9,c90595bbf7189873000a4282d77f4e8b27a493bd1e6df80b23c687b9582f7da2,https://single-runs-api.open-meteo.com/v1/forecast,ecmwf_ifs,2026-02-17 19:00:00+00:00,43.643198,78.538828,43.620384,78.47891,2026-02-18 04:00:00+05:00
2026-02-17 19:00:00+00:00,2026-02-17 12:00:00+00:00,2026-02-18 00:00:00+00:00,1,5,0.6515010134243371,7a9f78e7185f367e,e78b2b21b2e68d9a69d9,c90595bbf7189873000a4282d77f4e8b27a493bd1e6df80b23c687b9582f7da2,https://single-runs-api.open-meteo.com/v1/forecast,ecmwf_ifs,2026-02-17 19:00:00+00:00,43.64515,78.535604,43.620384,78.47891,2026-02-18 05:00:00+05:00
2026-02-17 19:00:00+00:00,2026-02-17 12:00:00+00:00,2026-02-18 00:00:00+00:00,2,5,0.6462197045894025,7a9f78e7185f367e,e78b2b21b2e68d9a69d9,c90595bbf7189873000a4282d77f4e8b27a493bd1e6df80b23c687b9582f7da2,https://single-runs-api.open-meteo.com/v1/forecast,ecmwf_ifs,2026-02-17 19:00:00+00:00,43.643198,78.538828,43.620384,78.47891,2026-02-18 05:00:00+05:00
2026-02-17 19:00:00+00:00,2026-02-17 12:00:00+00:00,2026-02-18 01:00:00+00:00,1,6,0.5083014949162112,7a9f78e7185f367e,e78b2b21b2e68d9a69d9,c90595bbf7189873000a4282d77f4e8b27a493bd1e6df80b23c687b9582f7da2,https://single-runs-api.open-meteo.com/v1/forecast,ecmwf_ifs,2026-02-17 19:00:00+00:00,43.64515,78.535604,43.620384,78.47891,2026-02-18 06:00:00+05:00
2026-02-17 19:00:00+00:00,2026-02-17 12:00:00+00:00,2026-02-18 01:00:00+00:00,2,6,0.5027957499594112,7a9f78e7185f367e,e78b2b21b2e68d9a69d9,c90595bbf7189873000a4282d77f4e8b27a493bd1e6df80b23c687b9582f7da2,https://single-runs-api.open-meteo.com/v1/forecast,ecmwf_ifs,2026-02-17 19:00:00+00:00,43.643198,78.538828,43.620384,78.47891,2026-02-18 06:00:00+05:00
2026-02-17 19:00:00+00:00,2026-02-17 12:00:00+00:00,2026-02-18 02:00:00+00:00,1,7,0.653462075624949,7a9f78e7185f367e,e78b2b21b2e68d9a69d9,c90595bbf7189873000a4282d77f4e8b27a493bd1e6df80b23c687b9582f7da2,https://single-runs-api.open-meteo.com/v1/forecast,ecmwf_ifs,2026-02-17 19:00:00+00:00,43.64515,78.535604,43.620384,78.47891,2026-02-18 07:00:00+05:00
2026-02-17 19:00:00+00:00,2026-02-17 12:00:00+00:00,2026-02-18 02:00:00+00:00,2,7,0.6485789761875261,7a9f78e7185f367e,e78b2b21b2e68d9a69d9,c90595bbf7189873000a4282d77f4e8b27a493bd1e6df80b23c687b9582f7da2,https://single-runs-api.open-meteo.com/v1/forecast,ecmwf_ifs,2026-02-17 19:00:00+00:00,43.643198,78.538828,43.620384,78.47891,2026-02-18 07:00:00+05:00
2026-02-17 19:00:00+00:00,2026-02-17 12:00:00+00:00,2026-02-18 03:00:00+00:00,1,8,0.8297833125968108,7a9f78e7185f367e,e78b2b21b2e68d9a69d9,c90595bbf7189873000a4282d77f4e8b27a493bd1e6df80b23c687b9582f7da2,https://single-runs-api.open-meteo.com/v1/forecast,ecmwf_ifs,2026-02-17 19:00:00+00:00,43.64515,78.535604,43.620384,78.47891,2026-02-18 08:00:00+05:00
2026-02-17 19:00:00+00:00,2026-02-17 12:00:00+00:00,2026-02-18 03:00:00+00:00,2,8,0.8252511251640534,7a9f78e7185f367e,e78b2b21b2e68d9a69d9,c90595bbf7189873000a4282d77f4e8b27a493bd1e6df80b23c687b9582f7da2,https://single-runs-api.open-meteo.com/v1/forecast,ecmwf_ifs,2026-02-17 19:00:00+00:00,43.643198,78.538828,43.620384,78.47891,2026-02-18 08:00:00+05:00
2026-02-17 19:00:00+00:00,2026-02-17 12:00:00+00:00,2026-02-18 04:00:00+00:00,1,9,0.6569315488493342,7a9f78e7185f367e,e78b2b21b2e68d9a69d9,c90595bbf7189873000a4282d77f4e8b27a493bd1e6df80b23c687b9582f7da2,https://single-runs-api.open-meteo.com/v1/forecast,ecmwf_ifs,2026-02-17 19:00:00+00:00,43.64515,78.535604,43.620384,78.47891,2026-02-18 09:00:00+05:00
2026-02-17 19:00:00+00:00,2026-02-17 12:00:00+00:00,2026-02-18 04:00:00+00:00,2,9,0.6518174239740122,7a9f78e7185f367e,e78b2b21b2e68d9a69d9,c90595bbf7189873000a4282d77f4e8b27a493bd1e6df80b23c687b9582f7da2,https://single-runs-api.open-meteo.com/v1/forecast,ecmwf_ifs,2026-02-17 19:00:00+00:00,43.643198,78.538828,43.620384,78.47891,2026-02-18 09:00:00+05:00
2026-02-17 19:00:00+00:00,2026-02-17 12:00:00+00:00,2026-02-18 05:00:00+00:00,1,10,0.8618734345685599,7a9f78e7185f367e,e78b2b21b2e68d9a69d9,c90595bbf7189873000a4282d77f4e8b27a493bd1e6df80b23c687b9582f7da2,https://single-runs-api.open-meteo.com/v1/forecast,ecmwf_ifs,2026-02-17 19:00:00+00:00,43.64515,78.535604,43.620384,78.47891,2026-02-18 10:00:00+05:00
2026-02-17 19:00:00+00:00,2026-02-17 12:00:00+00:00,2026-02-18 05:00:00+00:00,2,10,0.8563697855793604,7a9f78e7185f367e,e78b2b21b2e68d9a69d9,c90595bbf7189873000a4282d77f4e8b27a493bd1e6df80b23c687b9582f7da2,https://single-runs-api.open-meteo.com/v1/forecast,ecmwf_ifs,2026-02-17 19:00:00+00:00,43.643198,78.538828,43.620384,78.47891,2026-02-18 10:00:00+05:00
2026-02-17 19:00:00+00:00,2026-02-17 12:00:00+00:00,2026-02-18 06:00:00+00:00,1,11,0.9773049498497756,7a9f78e7185f367e,e78b2b21b2e68d9a69d9,c90595bbf7189873000a4282d77f4e8b27a493bd1e6df80b23c687b9582f7da2,https://single-runs-api.open-meteo.com/v1/forecast,ecmwf_ifs,2026-02-17 19:00:00+00:00,43.64515,78.535604,43.620384,78.47891,2026-02-18 11:00:00+05:00
2026-02-17 19:00:00+00:00,2026-02-17 12:00:00+00:00,2026-02-18 06:00:00+00:00,2,11,0.9642061468186008,7a9f78e7185f367e,e78b2b21b2e68d9a69d9,c90595bbf7189873000a4282d77f4e8b27a493bd1e6df80b23c687b9582f7da2,https://single-runs-api.open-meteo.com/v1/forecast,ecmwf_ifs,2026-02-17 19:00:00+00:00,43.643198,78.538828,43.620384,78.47891,2026-02-18 11:00:00+05:00
2026-02-17 19:00:00+00:00,2026-02-17 12:00:00+00:00,2026-02-18 07:00:00+00:00,1,12,0.9754027899339562,7a9f78e7185f367e,e78b2b21b2e68d9a69d9,c90595bbf7189873000a4282d77f4e8b27a493bd1e6df80b23c687b9582f7da2,https://single-runs-api.open-meteo.com/v1/forecast,ecmwf_ifs,2026-02-17 19:00:00+00:00,43.64515,78.535604,43.620384,78.47891,2026-02-18 12:00:00+05:00
2026-02-17 19:00:00+00:00,2026-02-17 12:00:00+00:00,2026-02-18 07:00:00+00:00,2,12,0.9613527355620588,7a9f78e7185f367e,e78b2b21b2e68d9a69d9,c90595bbf7189873000a4282d77f4e8b27a493bd1e6df80b23c687b9582f7da2,https://single-runs-api.open-meteo.com/v1/forecast,ecmwf_ifs,2026-02-17 19:00:00+00:00,43.643198,78.538828,43.620384,78.47891,2026-02-18 12:00:00+05:00
2026-02-17 19:00:00+00:00,2026-02-17 12:00:00+00:00,2026-02-18 08:00:00+00:00,1,13,0.9885175647693876,7a9f78e7185f367e,e78b2b21b2e68d9a69d9,c90595bbf7189873000a4282d77f4e8b27a493bd1e6df80b23c687b9582f7da2,https://single-runs-api.open-meteo.com/v1/forecast,ecmwf_ifs,2026-02-17 19:00:00+00:00,43.64515,78.535604,43.620384,78.47891,2026-02-18 13:00:00+05:00
2026-02-17 19:00:00+00:00,2026-02-17 12:00:00+00:00,2026-02-18 08:00:00+00:00,2,13,0.9763312654717514,7a9f78e7185f367e,e78b2b21b2e68d9a69d9,c90595bbf7189873000a4282d77f4e8b27a493bd1e6df80b23c687b9582f7da2,https://single-runs-api.open-meteo.com/v1/forecast,ecmwf_ifs,2026-02-17 19:00:00+00:00,43.643198,78.538828,43.620384,78.47891,2026-02-18 13:00:00+05:00
2026-02-17 19:00:00+00:00,2026-02-17 12:00:00+00:00,2026-02-18 09:00:00+00:00,1,14,0.9867836789514052,7a9f78e7185f367e,e78b2b21b2e68d9a69d9,c90595bbf7189873000a4282d77f4e8b27a493bd1e6df80b23c687b9582f7da2,https://single-runs-api.open-meteo.com/v1/forecast,ecmwf_ifs,2026-02-17 19:00:00+00:00,43.64515,78.535604,43.620384,78.47891,2026-02-18 14:00:00+05:00
2026-02-17 19:00:00+00:00,2026-02-17 12:00:00+00:00,2026-02-18 09:00:00+00:00,2,14,0.9772772106808773,7a9f78e7185f367e,e78b2b21b2e68d9a69d9,c90595bbf7189873000a4282d77f4e8b27a493bd1e6df80b23c687b9582f7da2,https://single-runs-api.open-meteo.com/v1/forecast,ecmwf_ifs,2026-02-17 19:00:00+00:00,43.643198,78.538828,43.620384,78.47891,2026-02-18 14:00:00+05:00
2026-02-17 19:00:00+00:00,2026-02-17 12:00:00+00:00,2026-02-18 10:00:00+00:00,1,15,0.9835295924196376,7a9f78e7185f367e,e78b2b21b2e68d9a69d9,c90595bbf7189873000a4282d77f4e8b27a493bd1e6df80b23c687b9582f7da2,https://single-runs-api.open-meteo.com/v1/forecast,ecmwf_ifs,2026-02-17 19:00:00+00:00,43.64515,78.535604,43.620384,78.47891,2026-02-18 15:00:00+05:00
2026-02-17 19:00:00+00:00,2026-02-17 12:00:00+00:00,2026-02-18 10:00:00+00:00,2,15,0.97559476923251,7a9f78e7185f367e,e78b2b21b2e68d9a69d9,c90595bbf7189873000a4282d77f4e8b27a493bd1e6df80b23c687b9582f7da2,https://single-runs-api.open-meteo.com/v1/forecast,ecmwf_ifs,2026-02-17 19:00:00+00:00,43.643198,78.538828,43.620384,78.47891,2026-02-18 15:00:00+05:00
2026-02-17 19:00:00+00:00,2026-02-17 12:00:00+00:00,2026-02-18 11:00:00+00:00,1,16,0.9543563023608556,7a9f78e7185f367e,e78b2b21b2e68d9a69d9,c90595bbf7189873000a4282d77f4e8b27a493bd1e6df80b23c687b9582f7da2,https://single-runs-api.open-meteo.com/v1/forecast,ecmwf_ifs,2026-02-17 19:00:00+00:00,43.64515,78.535604,43.620384,78.47891,2026-02-18 16:00:00+05:00
2026-02-17 19:00:00+00:00,2026-02-17 12:00:00+00:00,2026-02-18 11:00:00+00:00,2,16,0.9469102228220284,7a9f78e7185f367e,e78b2b21b2e68d9a69d9,c90595bbf7189873000a4282d77f4e8b27a493bd1e6df80b23c687b9582f7da2,https://single-runs-api.open-meteo.com/v1/forecast,ecmwf_ifs,2026-02-17 19:00:00+00:00,43.643198,78.538828,43.620384,78.47891,2026-02-18 16:00:00+05:00
2026-02-17 19:00:00+00:00,2026-02-17 12:00:00+00:00,2026-02-18 12:00:00+00:00,1,17,0.9571218240065064,7a9f78e7185f367e,e78b2b21b2e68d9a69d9,c90595bbf7189873000a4282d77f4e8b27a493bd1e6df80b23c687b9582f7da2,https://single-runs-api.open-meteo.com/v1/forecast,ecmwf_ifs,2026-02-17 19:00:00+00:00,43.64515,78.535604,43.620384,78.47891,2026-02-18 17:00:00+05:00
2026-02-17 19:00:00+00:00,2026-02-17 12:00:00+00:00,2026-02-18 12:00:00+00:00,2,17,0.9502727831971884,7a9f78e7185f367e,e78b2b21b2e68d9a69d9,c90595bbf7189873000a4282d77f4e8b27a493bd1e6df80b23c687b9582f7da2,https://single-runs-api.open-meteo.com/v1/forecast,ecmwf_ifs,2026-02-17 19:00:00+00:00,43.643198,78.538828,43.620384,78.47891,2026-02-18 17:00:00+05:00
2026-02-17 19:00:00+00:00,2026-02-17 12:00:00+00:00,2026-02-18 13:00:00+00:00,1,18,0.815315028350062,7a9f78e7185f367e,e78b2b21b2e68d9a69d9,c90595bbf7189873000a4282d77f4e8b27a493bd1e6df80b23c687b9582f7da2,https://single-runs-api.open-meteo.com/v1/forecast,ecmwf_ifs,2026-02-17 19:00:00+00:00,43.64515,78.535604,43.620384,78.47891,2026-02-18 18:00:00+05:00
2026-02-17 19:00:00+00:00,2026-02-17 12:00:00+00:00,2026-02-18 13:00:00+00:00,2,18,0.8096477647023592,7a9f78e7185f367e,e78b2b21b2e68d9a69d9,c90595bbf7189873000a4282d77f4e8b27a493bd1e6df80b23c687b9582f7da2,https://single-runs-api.open-meteo.com/v1/forecast,ecmwf_ifs,2026-02-17 19:00:00+00:00,43.643198,78.538828,43.620384,78.47891,2026-02-18 18:00:00+05:00
2026-02-17 19:00:00+00:00,2026-02-17 12:00:00+00:00,2026-02-18 14:00:00+00:00,1,19,0.7885210185638984,7a9f78e7185f367e,e78b2b21b2e68d9a69d9,c90595bbf7189873000a4282d77f4e8b27a493bd1e6df80b23c687b9582f7da2,https://single-runs-api.open-meteo.com/v1/forecast,ecmwf_ifs,2026-02-17 19:00:00+00:00,43.64515,78.535604,43.620384,78.47891,2026-02-18 19:00:00+05:00
2026-02-17 19:00:00+00:00,2026-02-17 12:00:00+00:00,2026-02-18 14:00:00+00:00,2,19,0.7819622294418971,7a9f78e7185f367e,e78b2b21b2e68d9a69d9,c90595bbf7189873000a4282d77f4e8b27a493bd1e6df80b23c687b9582f7da2,https://single-runs-api.open-meteo.com/v1/forecast,ecmwf_ifs,2026-02-17 19:00:00+00:00,43.643198,78.538828,43.620384,78.47891,2026-02-18 19:00:00+05:00
2026-02-17 19:00:00+00:00,2026-02-17 12:00:00+00:00,2026-02-18 15:00:00+00:00,1,20,0.6386584842934495,7a9f78e7185f367e,e78b2b21b2e68d9a69d9,c90595bbf7189873000a4282d77f4e8b27a493bd1e6df80b23c687b9582f7da2,https://single-runs-api.open-meteo.com/v1/forecast,ecmwf_ifs,2026-02-17 19:00:00+00:00,43.64515,78.535604,43.620384,78.47891,2026-02-18 20:00:00+05:00
2026-02-17 19:00:00+00:00,2026-02-17 12:00:00+00:00,2026-02-18 15:00:00+00:00,2,20,0.6334404700139946,7a9f78e7185f367e,e78b2b21b2e68d9a69d9,c90595bbf7189873000a4282d77f4e8b27a493bd1e6df80b23c687b9582f7da2,https://single-runs-api.open-meteo.com/v1/forecast,ecmwf_ifs,2026-02-17 19:00:00+00:00,43.643198,78.538828,43.620384,78.47891,2026-02-18 20:00:00+05:00
2026-02-17 19:00:00+00:00,2026-02-17 12:00:00+00:00,2026-02-18 16:00:00+00:00,1,21,0.5641392935136427,7a9f78e7185f367e,e78b2b21b2e68d9a69d9,c90595bbf7189873000a4282d77f4e8b27a493bd1e6df80b23c687b9582f7da2,https://single-runs-api.open-meteo.com/v1/forecast,ecmwf_ifs,2026-02-17 19:00:00+00:00,43.64515,78.535604,43.620384,78.47891,2026-02-18 21:00:00+05:00
2026-02-17 19:00:00+00:00,2026-02-17 12:00:00+00:00,2026-02-18 16:00:00+00:00,2,21,0.5593720663884119,7a9f78e7185f367e,e78b2b21b2e68d9a69d9,c90595bbf7189873000a4282d77f4e8b27a493bd1e6df80b23c687b9582f7da2,https://single-runs-api.open-meteo.com/v1/forecast,ecmwf_ifs,2026-02-17 19:00:00+00:00,43.643198,78.538828,43.620384,78.47891,2026-02-18 21:00:00+05:00
2026-02-17 19:00:00+00:00,2026-02-17 12:00:00+00:00,2026-02-18 17:00:00+00:00,1,22,0.5032079751732779,7a9f78e7185f367e,e78b2b21b2e68d9a69d9,c90595bbf7189873000a4282d77f4e8b27a493bd1e6df80b23c687b9582f7da2,https://single-runs-api.open-meteo.com/v1/forecast,ecmwf_ifs,2026-02-17 19:00:00+00:00,43.64515,78.535604,43.620384,78.47891,2026-02-18 22:00:00+05:00
2026-02-17 19:00:00+00:00,2026-02-17 12:00:00+00:00,2026-02-18 17:00:00+00:00,2,22,0.4983708322419201,7a9f78e7185f367e,e78b2b21b2e68d9a69d9,c90595bbf7189873000a4282d77f4e8b27a493bd1e6df80b23c687b9582f7da2,https://single-runs-api.open-meteo.com/v1/forecast,ecmwf_ifs,2026-02-17 19:00:00+00:00,43.643198,78.538828,43.620384,78.47891,2026-02-18 22:00:00+05:00
2026-02-17 19:00:00+00:00,2026-02-17 12:00:00+00:00,2026-02-18 18:00:00+00:00,1,23,0.3833121167240794,7a9f78e7185f367e,e78b2b21b2e68d9a69d9,c90595bbf7189873000a4282d77f4e8b27a493bd1e6df80b23c687b9582f7da2,https://single-runs-api.open-meteo.com/v1/forecast,ecmwf_ifs,2026-02-17 19:00:00+00:00,43.64515,78.535604,43.620384,78.47891,2026-02-18 23:00:00+05:00
2026-02-17 19:00:00+00:00,2026-02-17 12:00:00+00:00,2026-02-18 18:00:00+00:00,2,23,0.378052193986318,7a9f78e7185f367e,e78b2b21b2e68d9a69d9,c90595bbf7189873000a4282d77f4e8b27a493bd1e6df80b23c687b9582f7da2,https://single-runs-api.open-meteo.com/v1/forecast,ecmwf_ifs,2026-02-17 19:00:00+00:00,43.643198,78.538828,43.620384,78.47891,2026-02-18 23:00:00+05:00
2026-02-17 19:00:00+00:00,2026-02-17 12:00:00+00:00,2026-02-18 19:00:00+00:00,1,24,0.3587137899162601,7a9f78e7185f367e,e78b2b21b2e68d9a69d9,c90595bbf7189873000a4282d77f4e8b27a493bd1e6df80b23c687b9582f7da2,https://single-runs-api.open-meteo.com/v1/forecast,ecmwf_ifs,2026-02-17 19:00:00+00:00,43.64515,78.535604,43.620384,78.47891,2026-02-19 00:00:00+05:00
2026-02-17 19:00:00+00:00,2026-02-17 12:00:00+00:00,2026-02-18 19:00:00+00:00,2,24,0.3531587137706145,7a9f78e7185f367e,e78b2b21b2e68d9a69d9,c90595bbf7189873000a4282d77f4e8b27a493bd1e6df80b23c687b9582f7da2,https://single-runs-api.open-meteo.com/v1/forecast,ecmwf_ifs,2026-02-17 19:00:00+00:00,43.643198,78.538828,43.620384,78.47891,2026-02-19 00:00:00+05:00
2026-02-18 19:00:00+00:00,2026-02-18 12:00:00+00:00,2026-02-18 20:00:00+00:00,1,1,0.1901665758783898,7a9f78e7185f367e,f6344c76f33215f22c98,fc02443abec324dffccbea26fc6a5e28a02636d10f2bc3af76c3b54628e1b5de,https://single-runs-api.open-meteo.com/v1/forecast,ecmwf_ifs,2026-02-18 19:00:00+00:00,43.64515,78.535604,43.620384,78.47891,2026-02-19 01:00:00+05:00
2026-02-18 19:00:00+00:00,2026-02-18 12:00:00+00:00,2026-02-18 20:00:00+00:00,2,1,0.1854193105170501,7a9f78e7185f367e,f6344c76f33215f22c98,fc02443abec324dffccbea26fc6a5e28a02636d10f2bc3af76c3b54628e1b5de,https://single-runs-api.open-meteo.com/v1/forecast,ecmwf_ifs,2026-02-18 19:00:00+00:00,43.643198,78.538828,43.620384,78.47891,2026-02-19 01:00:00+05:00
2026-02-18 19:00:00+00:00,2026-02-18 12:00:00+00:00,2026-02-18 21:00:00+00:00,1,2,0.2113775628163378,7a9f78e7185f367e,f6344c76f33215f22c98,fc02443abec324dffccbea26fc6a5e28a02636d10f2bc3af76c3b54628e1b5de,https://single-runs-api.open-meteo.com/v1/forecast,ecmwf_ifs,2026-02-18 19:00:00+00:00,43.64515,78.535604,43.620384,78.47891,2026-02-19 02:00:00+05:00
2026-02-18 19:00:00+00:00,2026-02-18 12:00:00+00:00,2026-02-18 21:00:00+00:00,2,2,0.2061403802861462,7a9f78e7185f367e,f6344c76f33215f22c98,fc02443abec324dffccbea26fc6a5e28a02636d10f2bc3af76c3b54628e1b5de,https://single-runs-api.open-meteo.com/v1/forecast,ecmwf_ifs,2026-02-18 19:00:00+00:00,43.643198,78.538828,43.620384,78.47891,2026-02-19 02:00:00+05:00
2026-02-18 19:00:00+00:00,2026-02-18 12:00:00+00:00,2026-02-18 22:00:00+00:00,1,3,0.2045259594392522,7a9f78e7185f367e,f6344c76f33215f22c98,fc02443abec324dffccbea26fc6a5e28a02636d10f2bc3af76c3b54628e1b5de,https://single-runs-api.open-meteo.com/v1/forecast,ecmwf_ifs,2026-02-18 19:00:00+00:00,43.64515,78.535604,43.620384,78.47891,2026-02-19 03:00:00+05:00
2026-02-18 19:00:00+00:00,2026-02-18 12:00:00+00:00,2026-02-18 22:00:00+00:00,2,3,0.2000156668712091,7a9f78e7185f367e,f6344c76f33215f22c98,fc02443abec324dffccbea26fc6a5e28a02636d10f2bc3af76c3b54628e1b5de,https://single-runs-api.open-meteo.com/v1/forecast,ecmwf_ifs,2026-02-18 19:00:00+00:00,43.643198,78.538828,43.620384,78.47891,2026-02-19 03:00:00+05:00
2026-02-18 19:00:00+00:00,2026-02-18 12:00:00+00:00,2026-02-18 23:00:00+00:00,1,4,0.1946921623047963,7a9f78e7185f367e,f6344c76f33215f22c98,fc02443abec324dffccbea26fc6a5e28a02636d10f2bc3af76c3b54628e1b5de,https://single-runs-api.open-meteo.com/v1/forecast,ecmwf_ifs,2026-02-18 19:00:00+00:00,43.64515,78.535604,43.620384,78.47891,2026-02-19 04:00:00+05:00
2026-02-18 19:00:00+00:00,2026-02-18 12:00:00+00:00,2026-02-18 23:00:00+00:00,2,4,0.1894231922297203,7a9f78e7185f367e,f6344c76f33215f22c98,fc02443abec324dffccbea26fc6a5e28a02636d10f2bc3af76c3b54628e1b5de,https://single-runs-api.open-meteo.com/v1/forecast,ecmwf_ifs,2026-02-18 19:00:00+00:00,43.643198,78.538828,43.620384,78.47891,2026-02-19 04:00:00+05:00
2026-02-18 19:00:00+00:00,2026-02-18 12:00:00+00:00,2026-02-19 00:00:00+00:00,1,5,0.1803177816095563,7a9f78e7185f367e,f6344c76f33215f22c98,fc02443abec324dffccbea26fc6a5e28a02636d10f2bc3af76c3b54628e1b5de,https://single-runs-api.open-meteo.com/v1/forecast,ecmwf_ifs,2026-02-18 19:00:00+00:00,43.64515,78.535604,43.620384,78.47891,2026-02-19 05:00:00+05:00
2026-02-18 19:00:00+00:00,2026-02-18 12:00:00+00:00,2026-02-19 00:00:00+00:00,2,5,0.1747253004092648,7a9f78e7185f367e,f6344c76f33215f22c98,fc02443abec324dffccbea26fc6a5e28a02636d10f2bc3af76c3b54628e1b5de,https://single-runs-api.open-meteo.com/v1/forecast,ecmwf_ifs,2026-02-18 19:00:00+00:00,43.643198,78.538828,43.620384,78.47891,2026-02-19 05:00:00+05:00
2026-02-18 19:00:00+00:00,2026-02-18 12:00:00+00:00,2026-02-19 01:00:00+00:00,1,6,0.1769006525956182,7a9f78e7185f367e,f6344c76f33215f22c98,fc02443abec324dffccbea26fc6a5e28a02636d10f2bc3af76c3b54628e1b5de,https://single-runs-api.open-meteo.com/v1/forecast,ecmwf_ifs,2026-02-18 19:00:00+00:00,43.64515,78.535604,43.620384,78.47891,2026-02-19 06:00:00+05:00
2026-02-18 19:00:00+00:00,2026-02-18 12:00:00+00:00,2026-02-19 01:00:00+00:00,2,6,0.1706392202089098,7a9f78e7185f367e,f6344c76f33215f22c98,fc02443abec324dffccbea26fc6a5e28a02636d10f2bc3af76c3b54628e1b5de,https://single-runs-api.open-meteo.com/v1/forecast,ecmwf_ifs,2026-02-18 19:00:00+00:00,43.643198,78.538828,43.620384,78.47891,2026-02-19 06:00:00+05:00
2026-02-18 19:00:00+00:00,2026-02-18 12:00:00+00:00,2026-02-19 02:00:00+00:00,1,7,0.1602450900480717,7a9f78e7185f367e,f6344c76f33215f22c98,fc02443abec324dffccbea26fc6a5e28a02636d10f2bc3af76c3b54628e1b5de,https://single-runs-api.open-meteo.com/v1/forecast,ecmwf_ifs,2026-02-18 19:00:00+00:00,43.64515,78.535604,43.620384,78.47891,2026-02-19 07:00:00+05:00
2026-02-18 19:00:00+00:00,2026-02-18 12:00:00+00:00,2026-02-19 02:00:00+00:00,2,7,0.1554297437257346,7a9f78e7185f367e,f6344c76f33215f22c98,fc02443abec324dffccbea26fc6a5e28a02636d10f2bc3af76c3b54628e1b5de,https://single-runs-api.open-meteo.com/v1/forecast,ecmwf_ifs,2026-02-18 19:00:00+00:00,43.643198,78.538828,43.620384,78.47891,2026-02-19 07:00:00+05:00
2026-02-18 19:00:00+00:00,2026-02-18 12:00:00+00:00,2026-02-19 03:00:00+00:00,1,8,0.1576234514691681,7a9f78e7185f367e,f6344c76f33215f22c98,fc02443abec324dffccbea26fc6a5e28a02636d10f2bc3af76c3b54628e1b5de,https://single-runs-api.open-meteo.com/v1/forecast,ecmwf_ifs,2026-02-18 19:00:00+00:00,43.64515,78.535604,43.620384,78.47891,2026-02-19 08:00:00+05:00
2026-02-18 19:00:00+00:00,2026-02-18 12:00:00+00:00,2026-02-19 03:00:00+00:00,2,8,0.1545342497250537,7a9f78e7185f367e,f6344c76f33215f22c98,fc02443abec324dffccbea26fc6a5e28a02636d10f2bc3af76c3b54628e1b5de,https://single-runs-api.open-meteo.com/v1/forecast,ecmwf_ifs,2026-02-18 19:00:00+00:00,43.643198,78.538828,43.620384,78.47891,2026-02-19 08:00:00+05:00
2026-02-18 19:00:00+00:00,2026-02-18 12:00:00+00:00,2026-02-19 04:00:00+00:00,1,9,0.2147480663495679,7a9f78e7185f367e,f6344c76f33215f22c98,fc02443abec324dffccbea26fc6a5e28a02636d10f2bc3af76c3b54628e1b5de,https://single-runs-api.open-meteo.com/v1/forecast,ecmwf_ifs,2026-02-18 19:00:00+00:00,43.64515,78.535604,43.620384,78.47891,2026-02-19 09:00:00+05:00
2026-02-18 19:00:00+00:00,2026-02-18 12:00:00+00:00,2026-02-19 04:00:00+00:00,2,9,0.2114114842139331,7a9f78e7185f367e,f6344c76f33215f22c98,fc02443abec324dffccbea26fc6a5e28a02636d10f2bc3af76c3b54628e1b5de,https://single-runs-api.open-meteo.com/v1/forecast,ecmwf_ifs,2026-02-18 19:00:00+00:00,43.643198,78.538828,43.620384,78.47891,2026-02-19 09:00:00+05:00
2026-02-18 19:00:00+00:00,2026-02-18 12:00:00+00:00,2026-02-19 05:00:00+00:00,1,10,0.178390959241946,7a9f78e7185f367e,f6344c76f33215f22c98,fc02443abec324dffccbea26fc6a5e28a02636d10f2bc3af76c3b54628e1b5de,https://single-runs-api.open-meteo.com/v1/forecast,ecmwf_ifs,2026-02-18 19:00:00+00:00,43.64515,78.535604,43.620384,78.47891,2026-02-19 10:00:00+05:00
2026-02-18 19:00:00+00:00,2026-02-18 12:00:00+00:00,2026-02-19 05:00:00+00:00,2,10,0.1752480244467323,7a9f78e7185f367e,f6344c76f33215f22c98,fc02443abec324dffccbea26fc6a5e28a02636d10f2bc3af76c3b54628e1b5de,https://single-runs-api.open-meteo.com/v1/forecast,ecmwf_ifs,2026-02-18 19:00:00+00:00,43.643198,78.538828,43.620384,78.47891,2026-02-19 10:00:00+05:00
2026-02-18 19:00:00+00:00,2026-02-18 12:00:00+00:00,2026-02-19 06:00:00+00:00,1,11,0.1904497057027205,7a9f78e7185f367e,f6344c76f33215f22c98,fc02443abec324dffccbea26fc6a5e28a02636d10f2bc3af76c3b54628e1b5de,https://single-runs-api.open-meteo.com/v1/forecast,ecmwf_ifs,2026-02-18 19:00:00+00:00,43.64515,78.535604,43.620384,78.47891,2026-02-19 11:00:00+05:00
2026-02-18 19:00:00+00:00,2026-02-18 12:00:00+00:00,2026-02-19 06:00:00+00:00,2,11,0.187450916477716,7a9f78e7185f367e,f6344c76f33215f22c98,fc02443abec324dffccbea26fc6a5e28a02636d10f2bc3af76c3b54628e1b5de,https://single-runs-api.open-meteo.com/v1/forecast,ecmwf_ifs,2026-02-18 19:00:00+00:00,43.643198,78.538828,43.620384,78.47891,2026-02-19 11:00:00+05:00
2026-02-18 19:00:00+00:00,2026-02-18 12:00:00+00:00,2026-02-19 07:00:00+00:00,1,12,0.1576230550473576,7a9f78e7185f367e,f6344c76f33215f22c98,fc02443abec324dffccbea26fc6a5e28a02636d10f2bc3af76c3b54628e1b5de,https://single-runs-api.open-meteo.com/v1/forecast,ecmwf_ifs,2026-02-18 19:00:00+00:00,43.64515,78.535604,43.620384,78.47891,2026-02-19 12:00:00+05:00
2026-02-18 19:00:00+00:00,2026-02-18 12:00:00+00:00,2026-02-19 07:00:00+00:00,2,12,0.1553574399262161,7a9f78e7185f367e,f6344c76f33215f22c98,fc02443abec324dffccbea26fc6a5e28a02636d10f2bc3af76c3b54628e1b5de,https://single-runs-api.open-meteo.com/v1/forecast,ecmwf_ifs,2026-02-18 19:00:00+00:00,43.643198,78.538828,43.620384,78.47891,2026-02-19 12:00:00+05:00
2026-02-18 19:00:00+00:00,2026-02-18 12:00:00+00:00,2026-02-19 08:00:00+00:00,1,13,0.1438813058371656,7a9f78e7185f367e,f6344c76f33215f22c98,fc02443abec324dffccbea26fc6a5e28a02636d10f2bc3af76c3b54628e1b5de,https://single-runs-api.open-meteo.com/v1/forecast,ecmwf_ifs,2026-02-18 19:00:00+00:00,43.64515,78.535604,43.620384,78.47891,2026-02-19 13:00:00+05:00
2026-02-18 19:00:00+00:00,2026-02-18 12:00:00+00:00,2026-02-19 08:00:00+00:00,2,13,0.1415434842484436,7a9f78e7185f367e,f6344c76f33215f22c98,fc02443abec324dffccbea26fc6a5e28a02636d10f2bc3af76c3b54628e1b5de,https://single-runs-api.open-meteo.com/v1/forecast,ecmwf_ifs,2026-02-18 19:00:00+00:00,43.643198,78.538828,43.620384,78.47891,2026-02-19 13:00:00+05:00
2026-02-18 19:00:00+00:00,2026-02-18 12:00:00+00:00,2026-02-19 09:00:00+00:00,1,14,0.1786897589852795,7a9f78e7185f367e,f6344c76f33215f22c98,fc02443abec324dffccbea26fc6a5e28a02636d10f2bc3af76c3b54628e1b5de,https://single-runs-api.open-meteo.com/v1/forecast,ecmwf_ifs,2026-02-18 19:00:00+00:00,43.64515,78.535604,43.620384,78.47891,2026-02-19 14:00:00+05:00
2026-02-18 19:00:00+00:00,2026-02-18 12:00:00+00:00,2026-02-19 09:00:00+00:00,2,14,0.1763013729349611,7a9f78e7185f367e,f6344c76f33215f22c98,fc02443abec324dffccbea26fc6a5e28a02636d10f2bc3af76c3b54628e1b5de,https://single-runs-api.open-meteo.com/v1/forecast,ecmwf_ifs,2026-02-18 19:00:00+00:00,43.643198,78.538828,43.620384,78.47891,2026-02-19 14:00:00+05:00
2026-02-18 19:00:00+00:00,2026-02-18 12:00:00+00:00,2026-02-19 10:00:00+00:00,1,15,0.1485421013447192,7a9f78e7185f367e,f6344c76f33215f22c98,fc02443abec324dffccbea26fc6a5e28a02636d10f2bc3af76c3b54628e1b5de,https://single-runs-api.open-meteo.com/v1/forecast,ecmwf_ifs,2026-02-18 19:00:00+00:00,43.64515,78.535604,43.620384,78.47891,2026-02-19 15:00:00+05:00
2026-02-18 19:00:00+00:00,2026-02-18 12:00:00+00:00,2026-02-19 10:00:00+00:00,2,15,0.1462916926684792,7a9f78e7185f367e,f6344c76f33215f22c98,fc02443abec324dffccbea26fc6a5e28a02636d10f2bc3af76c3b54628e1b5de,https://single-runs-api.open-meteo.com/v1/forecast,ecmwf_ifs,2026-02-18 19:00:00+00:00,43.643198,78.538828,43.620384,78.47891,2026-02-19 15:00:00+05:00
2026-02-18 19:00:00+00:00,2026-02-18 12:00:00+00:00,2026-02-19 11:00:00+00:00,1,16,0.15847434583668,7a9f78e7185f367e,f6344c76f33215f22c98,fc02443abec324dffccbea26fc6a5e28a02636d10f2bc3af76c3b54628e1b5de,https://single-runs-api.open-meteo.com/v1/forecast,ecmwf_ifs,2026-02-18 19:00:00+00:00,43.64515,78.535604,43.620384,78.47891,2026-02-19 16:00:00+05:00
2026-02-18 19:00:00+00:00,2026-02-18 12:00:00+00:00,2026-02-19 11:00:00+00:00,2,16,0.1560225497991271,7a9f78e7185f367e,f6344c76f33215f22c98,fc02443abec324dffccbea26fc6a5e28a02636d10f2bc3af76c3b54628e1b5de,https://single-runs-api.open-meteo.com/v1/forecast,ecmwf_ifs,2026-02-18 19:00:00+00:00,43.643198,78.538828,43.620384,78.47891,2026-02-19 16:00:00+05:00
2026-02-18 19:00:00+00:00,2026-02-18 12:00:00+00:00,2026-02-19 12:00:00+00:00,1,17,0.1416023483721562,7a9f78e7185f367e,f6344c76f33215f22c98,fc02443abec324dffccbea26fc6a5e28a02636d10f2bc3af76c3b54628e1b5de,https://single-runs-api.open-meteo.com/v1/forecast,ecmwf_ifs,2026-02-18 19:00:00+00:00,43.64515,78.535604,43.620384,78.47891,2026-02-19 17:00:00+05:00
2026-02-18 19:00:00+00:00,2026-02-18 12:00:00+00:00,2026-02-19 12:00:00+00:00,2,17,0.1383651633584766,7a9f78e7185f367e,f6344c76f33215f22c98,fc02443abec324dffccbea26fc6a5e28a02636d10f2bc3af76c3b54628e1b5de,https://single-runs-api.open-meteo.com/v1/forecast,ecmwf_ifs,2026-02-18 19:00:00+00:00,43.643198,78.538828,43.620384,78.47891,2026-02-19 17:00:00+05:00
2026-02-18 19:00:00+00:00,2026-02-18 12:00:00+00:00,2026-02-19 13:00:00+00:00,1,18,0.0552624875277609,7a9f78e7185f367e,f6344c76f33215f22c98,fc02443abec324dffccbea26fc6a5e28a02636d10f2bc3af76c3b54628e1b5de,https://single-runs-api.open-meteo.com/v1/forecast,ecmwf_ifs,2026-02-18 19:00:00+00:00,43.64515,78.535604,43.620384,78.47891,2026-02-19 18:00:00+05:00
2026-02-18 19:00:00+00:00,2026-02-18 12:00:00+00:00,2026-02-19 13:00:00+00:00,2,18,0.0531752535001353,7a9f78e7185f367e,f6344c76f33215f22c98,fc02443abec324dffccbea26fc6a5e28a02636d10f2bc3af76c3b54628e1b5de,https://single-runs-api.open-meteo.com/v1/forecast,ecmwf_ifs,2026-02-18 19:00:00+00:00,43.643198,78.538828,43.620384,78.47891,2026-02-19 18:00:00+05:00
2026-02-18 19:00:00+00:00,2026-02-18 12:00:00+00:00,2026-02-19 14:00:00+00:00,1,19,0.0376274670090242,7a9f78e7185f367e,f6344c76f33215f22c98,fc02443abec324dffccbea26fc6a5e28a02636d10f2bc3af76c3b54628e1b5de,https://single-runs-api.open-meteo.com/v1/forecast,ecmwf_ifs,2026-02-18 19:00:00+00:00,43.64515,78.535604,43.620384,78.47891,2026-02-19 19:00:00+05:00
2026-02-18 19:00:00+00:00,2026-02-18 12:00:00+00:00,2026-02-19 14:00:00+00:00,2,19,0.0358654814454735,7a9f78e7185f367e,f6344c76f33215f22c98,fc02443abec324dffccbea26fc6a5e28a02636d10f2bc3af76c3b54628e1b5de,https://single-runs-api.open-meteo.com/v1/forecast,ecmwf_ifs,2026-02-18 19:00:00+00:00,43.643198,78.538828,43.620384,78.47891,2026-02-19 19:00:00+05:00
2026-02-18 19:00:00+00:00,2026-02-18 12:00:00+00:00,2026-02-19 15:00:00+00:00,1,20,0.1552607984510937,7a9f78e7185f367e,f6344c76f33215f22c98,fc02443abec324dffccbea26fc6a5e28a02636d10f2bc3af76c3b54628e1b5de,https://single-runs-api.open-meteo.com/v1/forecast,ecmwf_ifs,2026-02-18 19:00:00+00:00,43.64515,78.535604,43.620384,78.47891,2026-02-19 20:00:00+05:00
2026-02-18 19:00:00+00:00,2026-02-18 12:00:00+00:00,2026-02-19 15:00:00+00:00,2,20,0.1532683871055351,7a9f78e7185f367e,f6344c76f33215f22c98,fc02443abec324dffccbea26fc6a5e28a02636d10f2bc3af76c3b54628e1b5de,https://single-runs-api.open-meteo.com/v1/forecast,ecmwf_ifs,2026-02-18 19:00:00+00:00,43.643198,78.538828,43.620384,78.47891,2026-02-19 20:00:00+05:00
2026-02-18 19:00:00+00:00,2026-02-18 12:00:00+00:00,2026-02-19 16:00:00+00:00,1,21,0.1983549146036784,7a9f78e7185f367e,f6344c76f33215f22c98,fc02443abec324dffccbea26fc6a5e28a02636d10f2bc3af76c3b54628e1b5de,https://single-runs-api.open-meteo.com/v1/forecast,ecmwf_ifs,2026-02-18 19:00:00+00:00,43.64515,78.535604,43.620384,78.47891,2026-02-19 21:00:00+05:00
2026-02-18 19:00:00+00:00,2026-02-18 12:00:00+00:00,2026-02-19 16:00:00+00:00,2,21,0.194413234682043,7a9f78e7185f367e,f6344c76f33215f22c98,fc02443abec324dffccbea26fc6a5e28a02636d10f2bc3af76c3b54628e1b5de,https://single-runs-api.open-meteo.com/v1/forecast,ecmwf_ifs,2026-02-18 19:00:00+00:00,43.643198,78.538828,43.620384,78.47891,2026-02-19 21:00:00+05:00
2026-02-18 19:00:00+00:00,2026-02-18 12:00:00+00:00,2026-02-19 17:00:00+00:00,1,22,0.3512415963021176,7a9f78e7185f367e,f6344c76f33215f22c98,fc02443abec324dffccbea26fc6a5e28a02636d10f2bc3af76c3b54628e1b5de,https://single-runs-api.open-meteo.com/v1/forecast,ecmwf_ifs,2026-02-18 19:00:00+00:00,43.64515,78.535604,43.620384,78.47891,2026-02-19 22:00:00+05:00
2026-02-18 19:00:00+00:00,2026-02-18 12:00:00+00:00,2026-02-19 17:00:00+00:00,2,22,0.3482917563081694,7a9f78e7185f367e,f6344c76f33215f22c98,fc02443abec324dffccbea26fc6a5e28a02636d10f2bc3af76c3b54628e1b5de,https://single-runs-api.open-meteo.com/v1/forecast,ecmwf_ifs,2026-02-18 19:00:00+00:00,43.643198,78.538828,43.620384,78.47891,2026-02-19 22:00:00+05:00
2026-02-18 19:00:00+00:00,2026-02-18 12:00:00+00:00,2026-02-19 18:00:00+00:00,1,23,0.6545325107620593,7a9f78e7185f367e,f6344c76f33215f22c98,fc02443abec324dffccbea26fc6a5e28a02636d10f2bc3af76c3b54628e1b5de,https://single-runs-api.open-meteo.com/v1/forecast,ecmwf_ifs,2026-02-18 19:00:00+00:00,43.64515,78.535604,43.620384,78.47891,2026-02-19 23:00:00+05:00
2026-02-18 19:00:00+00:00,2026-02-18 12:00:00+00:00,2026-02-19 18:00:00+00:00,2,23,0.651503092598173,7a9f78e7185f367e,f6344c76f33215f22c98,fc02443abec324dffccbea26fc6a5e28a02636d10f2bc3af76c3b54628e1b5de,https://single-runs-api.open-meteo.com/v1/forecast,ecmwf_ifs,2026-02-18 19:00:00+00:00,43.643198,78.538828,43.620384,78.47891,2026-02-19 23:00:00+05:00
2026-02-18 19:00:00+00:00,2026-02-18 12:00:00+00:00,2026-02-19 19:00:00+00:00,1,24,0.6920371524114786,7a9f78e7185f367e,f6344c76f33215f22c98,fc02443abec324dffccbea26fc6a5e28a02636d10f2bc3af76c3b54628e1b5de,https://single-runs-api.open-meteo.com/v1/forecast,ecmwf_ifs,2026-02-18 19:00:00+00:00,43.64515,78.535604,43.620384,78.47891,2026-02-20 00:00:00+05:00
2026-02-18 19:00:00+00:00,2026-02-18 12:00:00+00:00,2026-02-19 19:00:00+00:00,2,24,0.6890033748664162,7a9f78e7185f367e,f6344c76f33215f22c98,fc02443abec324dffccbea26fc6a5e28a02636d10f2bc3af76c3b54628e1b5de,https://single-runs-api.open-meteo.com/v1/forecast,ecmwf_ifs,2026-02-18 19:00:00+00:00,43.643198,78.538828,43.620384,78.47891,2026-02-20 00:00:00+05:00
2026-02-19 19:00:00+00:00,2026-02-19 12:00:00+00:00,2026-02-19 20:00:00+00:00,1,1,0.4625888792613963,7a9f78e7185f367e,50cdda18c4924a004303,333181c426f3c5904e9a3c6a5133fcb64c1481c0f0896105f94a6439d8936d00,https://single-runs-api.open-meteo.com/v1/forecast,ecmwf_ifs,2026-02-19 19:00:00+00:00,43.64515,78.535604,43.620384,78.47891,2026-02-20 01:00:00+05:00
2026-02-19 19:00:00+00:00,2026-02-19 12:00:00+00:00,2026-02-19 20:00:00+00:00,2,1,0.4595905034775403,7a9f78e7185f367e,50cdda18c4924a004303,333181c426f3c5904e9a3c6a5133fcb64c1481c0f0896105f94a6439d8936d00,https://single-runs-api.open-meteo.com/v1/forecast,ecmwf_ifs,2026-02-19 19:00:00+00:00,43.643198,78.538828,43.620384,78.47891,2026-02-20 01:00:00+05:00
2026-02-19 19:00:00+00:00,2026-02-19 12:00:00+00:00,2026-02-19 21:00:00+00:00,1,2,0.5921990132125893,7a9f78e7185f367e,50cdda18c4924a004303,333181c426f3c5904e9a3c6a5133fcb64c1481c0f0896105f94a6439d8936d00,https://single-runs-api.open-meteo.com/v1/forecast,ecmwf_ifs,2026-02-19 19:00:00+00:00,43.64515,78.535604,43.620384,78.47891,2026-02-20 02:00:00+05:00
2026-02-19 19:00:00+00:00,2026-02-19 12:00:00+00:00,2026-02-19 21:00:00+00:00,2,2,0.5894204391626785,7a9f78e7185f367e,50cdda18c4924a004303,333181c426f3c5904e9a3c6a5133fcb64c1481c0f0896105f94a6439d8936d00,https://single-runs-api.open-meteo.com/v1/forecast,ecmwf_ifs,2026-02-19 19:00:00+00:00,43.643198,78.538828,43.620384,78.47891,2026-02-20 02:00:00+05:00
2026-02-19 19:00:00+00:00,2026-02-19 12:00:00+00:00,2026-02-19 22:00:00+00:00,1,3,0.6322519772363496,7a9f78e7185f367e,50cdda18c4924a004303,333181c426f3c5904e9a3c6a5133fcb64c1481c0f0896105f94a6439d8936d00,https://single-runs-api.open-meteo.com/v1/forecast,ecmwf_ifs,2026-02-19 19:00:00+00:00,43.64515,78.535604,43.620384,78.47891,2026-02-20 03:00:00+05:00
2026-02-19 19:00:00+00:00,2026-02-19 12:00:00+00:00,2026-02-19 22:00:00+00:00,2,3,0.6287483379564208,7a9f78e7185f367e,50cdda18c4924a004303,333181c426f3c5904e9a3c6a5133fcb64c1481c0f0896105f94a6439d8936d00,https://single-runs-api.open-meteo.com/v1/forecast,ecmwf_ifs,2026-02-19 19:00:00+00:00,43.643198,78.538828,43.620384,78.47891,2026-02-20 03:00:00+05:00
2026-02-19 19:00:00+00:00,2026-02-19 12:00:00+00:00,2026-02-19 23:00:00+00:00,1,4,0.7014306307217664,7a9f78e7185f367e,50cdda18c4924a004303,333181c426f3c5904e9a3c6a5133fcb64c1481c0f0896105f94a6439d8936d00,https://single-runs-api.open-meteo.com/v1/forecast,ecmwf_ifs,2026-02-19 19:00:00+00:00,43.64515,78.535604,43.620384,78.47891,2026-02-20 04:00:00+05:00
2026-02-19 19:00:00+00:00,2026-02-19 12:00:00+00:00,2026-02-19 23:00:00+00:00,2,4,0.6973136934969205,7a9f78e7185f367e,50cdda18c4924a004303,333181c426f3c5904e9a3c6a5133fcb64c1481c0f0896105f94a6439d8936d00,https://single-runs-api.open-meteo.com/v1/forecast,ecmwf_ifs,2026-02-19 19:00:00+00:00,43.643198,78.538828,43.620384,78.47891,2026-02-20 04:00:00+05:00
2026-02-19 19:00:00+00:00,2026-02-19 12:00:00+00:00,2026-02-20 00:00:00+00:00,1,5,0.6982581897955622,7a9f78e7185f367e,50cdda18c4924a004303,333181c426f3c5904e9a3c6a5133fcb64c1481c0f0896105f94a6439d8936d00,https://single-runs-api.open-meteo.com/v1/forecast,ecmwf_ifs,2026-02-19 19:00:00+00:00,43.64515,78.535604,43.620384,78.47891,2026-02-20 05:00:00+05:00
2026-02-19 19:00:00+00:00,2026-02-19 12:00:00+00:00,2026-02-20 00:00:00+00:00,2,5,0.6935412531563321,7a9f78e7185f367e,50cdda18c4924a004303,333181c426f3c5904e9a3c6a5133fcb64c1481c0f0896105f94a6439d8936d00,https://single-runs-api.open-meteo.com/v1/forecast,ecmwf_ifs,2026-02-19 19:00:00+00:00,43.643198,78.538828,43.620384,78.47891,2026-02-20 05:00:00+05:00
2026-02-19 19:00:00+00:00,2026-02-19 12:00:00+00:00,2026-02-20 01:00:00+00:00,1,6,0.6071884948980851,7a9f78e7185f367e,50cdda18c4924a004303,333181c426f3c5904e9a3c6a5133fcb64c1481c0f0896105f94a6439d8936d00,https://single-runs-api.open-meteo.com/v1/forecast,ecmwf_ifs,2026-02-19 19:00:00+00:00,43.64515,78.535604,43.620384,78.47891,2026-02-20 06:00:00+05:00
2026-02-19 19:00:00+00:00,2026-02-19 12:00:00+00:00,2026-02-20 01:00:00+00:00,2,6,0.6027099981540932,7a9f78e7185f367e,50cdda18c4924a004303,333181c426f3c5904e9a3c6a5133fcb64c1481c0f0896105f94a6439d8936d00,https://single-runs-api.open-meteo.com/v1/forecast,ecmwf_ifs,2026-02-19 19:00:00+00:00,43.643198,78.538828,43.620384,78.47891,2026-02-20 06:00:00+05:00
2026-02-19 19:00:00+00:00,2026-02-19 12:00:00+00:00,2026-02-20 02:00:00+00:00,1,7,0.5913311718982757,7a9f78e7185f367e,50cdda18c4924a004303,333181c426f3c5904e9a3c6a5133fcb64c1481c0f0896105f94a6439d8936d00,https://single-runs-api.open-meteo.com/v1/forecast,ecmwf_ifs,2026-02-19 19:00:00+00:00,43.64515,78.535604,43.620384,78.47891,2026-02-20 07:00:00+05:00
2026-02-19 19:00:00+00:00,2026-02-19 12:00:00+00:00,2026-02-20 02:00:00+00:00,2,7,0.5872606502365307,7a9f78e7185f367e,50cdda18c4924a004303,333181c426f3c5904e9a3c6a5133fcb64c1481c0f0896105f94a6439d8936d00,https://single-runs-api.open-meteo.com/v1/forecast,ecmwf_ifs,2026-02-19 19:00:00+00:00,43.643198,78.538828,43.620384,78.47891,2026-02-20 07:00:00+05:00
2026-02-19 19:00:00+00:00,2026-02-19 12:00:00+00:00,2026-02-20 03:00:00+00:00,1,8,0.5748030611047334,7a9f78e7185f367e,50cdda18c4924a004303,333181c426f3c5904e9a3c6a5133fcb64c1481c0f0896105f94a6439d8936d00,https://single-runs-api.open-meteo.com/v1/forecast,ecmwf_ifs,2026-02-19 19:00:00+00:00,43.64515,78.535604,43.620384,78.47891,2026-02-20 08:00:00+05:00
2026-02-19 19:00:00+00:00,2026-02-19 12:00:00+00:00,2026-02-20 03:00:00+00:00,2,8,0.5712372136251791,7a9f78e7185f367e,50cdda18c4924a004303,333181c426f3c5904e9a3c6a5133fcb64c1481c0f0896105f94a6439d8936d00,https://single-runs-api.open-meteo.com/v1/forecast,ecmwf_ifs,2026-02-19 19:00:00+00:00,43.643198,78.538828,43.620384,78.47891,2026-02-20 08:00:00+05:00
2026-02-19 19:00:00+00:00,2026-02-19 12:00:00+00:00,2026-02-20 04:00:00+00:00,1,9,0.4260336642549277,7a9f78e7185f367e,50cdda18c4924a004303,333181c426f3c5904e9a3c6a5133fcb64c1481c0f0896105f94a6439d8936d00,https://single-runs-api.open-meteo.com/v1/forecast,ecmwf_ifs,2026-02-19 19:00:00+00:00,43.64515,78.535604,43.620384,78.47891,2026-02-20 09:00:00+05:00
2026-02-19 19:00:00+00:00,2026-02-19 12:00:00+00:00,2026-02-20 04:00:00+00:00,2,9,0.423065372227664,7a9f78e7185f367e,50cdda18c4924a004303,333181c426f3c5904e9a3c6a5133fcb64c1481c0f0896105f94a6439d8936d00,https://single-runs-api.open-meteo.com/v1/forecast,ecmwf_ifs,2026-02-19 19:00:00+00:00,43.643198,78.538828,43.620384,78.47891,2026-02-20 09:00:00+05:00
2026-02-19 19:00:00+00:00,2026-02-19 12:00:00+00:00,2026-02-20 05:00:00+00:00,1,10,0.2844666337087446,7a9f78e7185f367e,50cdda18c4924a004303,333181c426f3c5904e9a3c6a5133fcb64c1481c0f0896105f94a6439d8936d00,https://single-runs-api.open-meteo.com/v1/forecast,ecmwf_ifs,2026-02-19 19:00:00+00:00,43.64515,78.535604,43.620384,78.47891,2026-02-20 10:00:00+05:00
2026-02-19 19:00:00+00:00,2026-02-19 12:00:00+00:00,2026-02-20 05:00:00+00:00,2,10,0.2814983416814808,7a9f78e7185f367e,50cdda18c4924a004303,333181c426f3c5904e9a3c6a5133fcb64c1481c0f0896105f94a6439d8936d00,https://single-runs-api.open-meteo.com/v1/forecast,ecmwf_ifs,2026-02-19 19:00:00+00:00,43.643198,78.538828,43.620384,78.47891,2026-02-20 10:00:00+05:00
2026-02-19 19:00:00+00:00,2026-02-19 12:00:00+00:00,2026-02-20 06:00:00+00:00,1,11,0.2538575540842494,7a9f78e7185f367e,50cdda18c4924a004303,333181c426f3c5904e9a3c6a5133fcb64c1481c0f0896105f94a6439d8936d00,https://single-runs-api.open-meteo.com/v1/forecast,ecmwf_ifs,2026-02-19 19:00:00+00:00,43.64515,78.535604,43.620384,78.47891,2026-02-20 11:00:00+05:00
2026-02-19 19:00:00+00:00,2026-02-19 12:00:00+00:00,2026-02-20 06:00:00+00:00,2,11,0.2509770715461471,7a9f78e7185f367e,50cdda18c4924a004303,333181c426f3c5904e9a3c6a5133fcb64c1481c0f0896105f94a6439d8936d00,https://single-runs-api.open-meteo.com/v1/forecast,ecmwf_ifs,2026-02-19 19:00:00+00:00,43.643198,78.538828,43.620384,78.47891,2026-02-20 11:00:00+05:00
2026-02-19 19:00:00+00:00,2026-02-19 12:00:00+00:00,2026-02-20 07:00:00+00:00,1,12,0.1631991128109338,7a9f78e7185f367e,50cdda18c4924a004303,333181c426f3c5904e9a3c6a5133fcb64c1481c0f0896105f94a6439d8936d00,https://single-runs-api.open-meteo.com/v1/forecast,ecmwf_ifs,2026-02-19 19:00:00+00:00,43.64515,78.535604,43.620384,78.47891,2026-02-20 12:00:00+05:00
2026-02-19 19:00:00+00:00,2026-02-19 12:00:00+00:00,2026-02-20 07:00:00+00:00,2,12,0.1612274539817776,7a9f78e7185f367e,50cdda18c4924a004303,333181c426f3c5904e9a3c6a5133fcb64c1481c0f0896105f94a6439d8936d00,https://single-runs-api.open-meteo.com/v1/forecast,ecmwf_ifs,2026-02-19 19:00:00+00:00,43.643198,78.538828,43.620384,78.47891,2026-02-20 12:00:00+05:00
2026-02-19 19:00:00+00:00,2026-02-19 12:00:00+00:00,2026-02-20 08:00:00+00:00,1,13,0.1306791715394857,7a9f78e7185f367e,50cdda18c4924a004303,333181c426f3c5904e9a3c6a5133fcb64c1481c0f0896105f94a6439d8936d00,https://single-runs-api.open-meteo.com/v1/forecast,ecmwf_ifs,2026-02-19 19:00:00+00:00,43.64515,78.535604,43.620384,78.47891,2026-02-20 13:00:00+05:00
2026-02-19 19:00:00+00:00,2026-02-19 12:00:00+00:00,2026-02-20 08:00:00+00:00,2,13,0.1290330029975442,7a9f78e7185f367e,50cdda18c4924a004303,333181c426f3c5904e9a3c6a5133fcb64c1481c0f0896105f94a6439d8936d00,https://single-runs-api.open-meteo.com/v1/forecast,ecmwf_ifs,2026-02-19 19:00:00+00:00,43.643198,78.538828,43.620384,78.47891,2026-02-20 13:00:00+05:00
2026-02-19 19:00:00+00:00,2026-02-19 12:00:00+00:00,2026-02-20 09:00:00+00:00,1,14,0.0775098480836536,7a9f78e7185f367e,50cdda18c4924a004303,333181c426f3c5904e9a3c6a5133fcb64c1481c0f0896105f94a6439d8936d00,https://single-runs-api.open-meteo.com/v1/forecast,ecmwf_ifs,2026-02-19 19:00:00+00:00,43.64515,78.535604,43.620384,78.47891,2026-02-20 14:00:00+05:00
2026-02-19 19:00:00+00:00,2026-02-19 12:00:00+00:00,2026-02-20 09:00:00+00:00,2,14,0.0761790624436923,7a9f78e7185f367e,50cdda18c4924a004303,333181c426f3c5904e9a3c6a5133fcb64c1481c0f0896105f94a6439d8936d00,https://single-runs-api.open-meteo.com/v1/forecast,ecmwf_ifs,2026-02-19 19:00:00+00:00,43.643198,78.538828,43.620384,78.47891,2026-02-20 14:00:00+05:00
2026-02-19 19:00:00+00:00,2026-02-19 12:00:00+00:00,2026-02-20 10:00:00+00:00,1,15,0.0410459509356088,7a9f78e7185f367e,50cdda18c4924a004303,333181c426f3c5904e9a3c6a5133fcb64c1481c0f0896105f94a6439d8936d00,https://single-runs-api.open-meteo.com/v1/forecast,ecmwf_ifs,2026-02-19 19:00:00+00:00,43.64515,78.535604,43.620384,78.47891,2026-02-20 15:00:00+05:00
2026-02-19 19:00:00+00:00,2026-02-19 12:00:00+00:00,2026-02-20 10:00:00+00:00,2,15,0.0397053624901412,7a9f78e7185f367e,50cdda18c4924a004303,333181c426f3c5904e9a3c6a5133fcb64c1481c0f0896105f94a6439d8936d00,https://single-runs-api.open-meteo.com/v1/forecast,ecmwf_ifs,2026-02-19 19:00:00+00:00,43.643198,78.538828,43.620384,78.47891,2026-02-20 15:00:00+05:00
2026-02-19 19:00:00+00:00,2026-02-19 12:00:00+00:00,2026-02-20 11:00:00+00:00,1,16,0.0309386861505264,7a9f78e7185f367e,50cdda18c4924a004303,333181c426f3c5904e9a3c6a5133fcb64c1481c0f0896105f94a6439d8936d00,https://single-runs-api.open-meteo.com/v1/forecast,ecmwf_ifs,2026-02-19 19:00:00+00:00,43.64515,78.535604,43.620384,78.47891,2026-02-20 16:00:00+05:00
2026-02-19 19:00:00+00:00,2026-02-19 12:00:00+00:00,2026-02-20 11:00:00+00:00,2,16,0.0295878140414198,7a9f78e7185f367e,50cdda18c4924a004303,333181c426f3c5904e9a3c6a5133fcb64c1481c0f0896105f94a6439d8936d00,https://single-runs-api.open-meteo.com/v1/forecast,ecmwf_ifs,2026-02-19 19:00:00+00:00,43.643198,78.538828,43.620384,78.47891,2026-02-20 16:00:00+05:00
2026-02-19 19:00:00+00:00,2026-02-19 12:00:00+00:00,2026-02-20 12:00:00+00:00,1,17,0.022145358209044,7a9f78e7185f367e,50cdda18c4924a004303,333181c426f3c5904e9a3c6a5133fcb64c1481c0f0896105f94a6439d8936d00,https://single-runs-api.open-meteo.com/v1/forecast,ecmwf_ifs,2026-02-19 19:00:00+00:00,43.64515,78.535604,43.620384,78.47891,2026-02-20 17:00:00+05:00
2026-02-19 19:00:00+00:00,2026-02-19 12:00:00+00:00,2026-02-20 12:00:00+00:00,2,17,0.0202952602128576,7a9f78e7185f367e,50cdda18c4924a004303,333181c426f3c5904e9a3c6a5133fcb64c1481c0f0896105f94a6439d8936d00,https://single-runs-api.open-meteo.com/v1/forecast,ecmwf_ifs,2026-02-19 19:00:00+00:00,43.643198,78.538828,43.620384,78.47891,2026-02-20 17:00:00+05:00
2026-02-19 19:00:00+00:00,2026-02-19 12:00:00+00:00,2026-02-20 13:00:00+00:00,1,18,0.0156573158347565,7a9f78e7185f367e,50cdda18c4924a004303,333181c426f3c5904e9a3c6a5133fcb64c1481c0f0896105f94a6439d8936d00,https://single-runs-api.open-meteo.com/v1/forecast,ecmwf_ifs,2026-02-19 19:00:00+00:00,43.64515,78.535604,43.620384,78.47891,2026-02-20 18:00:00+05:00
2026-02-19 19:00:00+00:00,2026-02-19 12:00:00+00:00,2026-02-20 13:00:00+00:00,2,18,0.0136012403062034,7a9f78e7185f367e,50cdda18c4924a004303,333181c426f3c5904e9a3c6a5133fcb64c1481c0f0896105f94a6439d8936d00,https://single-runs-api.open-meteo.com/v1/forecast,ecmwf_ifs,2026-02-19 19:00:00+00:00,43.643198,78.538828,43.620384,78.47891,2026-02-20 18:00:00+05:00
2026-02-19 19:00:00+00:00,2026-02-19 12:00:00+00:00,2026-02-20 14:00:00+00:00,1,19,0.0606668245677471,7a9f78e7185f367e,50cdda18c4924a004303,333181c426f3c5904e9a3c6a5133fcb64c1481c0f0896105f94a6439d8936d00,https://single-runs-api.open-meteo.com/v1/forecast,ecmwf_ifs,2026-02-19 19:00:00+00:00,43.64515,78.535604,43.620384,78.47891,2026-02-20 19:00:00+05:00
2026-02-19 19:00:00+00:00,2026-02-19 12:00:00+00:00,2026-02-20 14:00:00+00:00,2,19,0.0582134849267986,7a9f78e7185f367e,50cdda18c4924a004303,333181c426f3c5904e9a3c6a5133fcb64c1481c0f0896105f94a6439d8936d00,https://single-runs-api.open-meteo.com/v1/forecast,ecmwf_ifs,2026-02-19 19:00:00+00:00,43.643198,78.538828,43.620384,78.47891,2026-02-20 19:00:00+05:00
2026-02-19 19:00:00+00:00,2026-02-19 12:00:00+00:00,2026-02-20 15:00:00+00:00,1,20,0.2548904801915221,7a9f78e7185f367e,50cdda18c4924a004303,333181c426f3c5904e9a3c6a5133fcb64c1481c0f0896105f94a6439d8936d00,https://single-runs-api.open-meteo.com/v1/forecast,ecmwf_ifs,2026-02-19 19:00:00+00:00,43.64515,78.535604,43.620384,78.47891,2026-02-20 20:00:00+05:00
2026-02-19 19:00:00+00:00,2026-02-19 12:00:00+00:00,2026-02-20 15:00:00+00:00,2,20,0.2503816803053588,7a9f78e7185f367e,50cdda18c4924a004303,333181c426f3c5904e9a3c6a5133fcb64c1481c0f0896105f94a6439d8936d00,https://single-runs-api.open-meteo.com/v1/forecast,ecmwf_ifs,2026-02-19 19:00:00+00:00,43.643198,78.538828,43.620384,78.47891,2026-02-20 20:00:00+05:00
2026-02-19 19:00:00+00:00,2026-02-19 12:00:00+00:00,2026-02-20 16:00:00+00:00,1,21,0.4457721879347427,7a9f78e7185f367e,50cdda18c4924a004303,333181c426f3c5904e9a3c6a5133fcb64c1481c0f0896105f94a6439d8936d00,https://single-runs-api.open-meteo.com/v1/forecast,ecmwf_ifs,2026-02-19 19:00:00+00:00,43.64515,78.535604,43.620384,78.47891,2026-02-20 21:00:00+05:00
2026-02-19 19:00:00+00:00,2026-02-19 12:00:00+00:00,2026-02-20 16:00:00+00:00,2,21,0.4413481874211377,7a9f78e7185f367e,50cdda18c4924a004303,333181c426f3c5904e9a3c6a5133fcb64c1481c0f0896105f94a6439d8936d00,https://single-runs-api.open-meteo.com/v1/forecast,ecmwf_ifs,2026-02-19 19:00:00+00:00,43.643198,78.538828,43.620384,78.47891,2026-02-20 21:00:00+05:00
2026-02-19 19:00:00+00:00,2026-02-19 12:00:00+00:00,2026-02-20 17:00:00+00:00,1,22,0.5865274033127551,7a9f78e7185f367e,50cdda18c4924a004303,333181c426f3c5904e9a3c6a5133fcb64c1481c0f0896105f94a6439d8936d00,https://single-runs-api.open-meteo.com/v1/forecast,ecmwf_ifs,2026-02-19 19:00:00+00:00,43.64515,78.535604,43.620384,78.47891,2026-02-20 22:00:00+05:00
2026-02-19 19:00:00+00:00,2026-02-19 12:00:00+00:00,2026-02-20 17:00:00+00:00,2,22,0.5824556378580981,7a9f78e7185f367e,50cdda18c4924a004303,333181c426f3c5904e9a3c6a5133fcb64c1481c0f0896105f94a6439d8936d00,https://single-runs-api.open-meteo.com/v1/forecast,ecmwf_ifs,2026-02-19 19:00:00+00:00,43.643198,78.538828,43.620384,78.47891,2026-02-20 22:00:00+05:00
2026-02-19 19:00:00+00:00,2026-02-19 12:00:00+00:00,2026-02-20 18:00:00+00:00,1,23,0.8341431875375124,7a9f78e7185f367e,50cdda18c4924a004303,333181c426f3c5904e9a3c6a5133fcb64c1481c0f0896105f94a6439d8936d00,https://single-runs-api.open-meteo.com/v1/forecast,ecmwf_ifs,2026-02-19 19:00:00+00:00,43.64515,78.535604,43.620384,78.47891,2026-02-20 23:00:00+05:00
2026-02-19 19:00:00+00:00,2026-02-19 12:00:00+00:00,2026-02-20 18:00:00+00:00,2,23,0.8293080145402028,7a9f78e7185f367e,50cdda18c4924a004303,333181c426f3c5904e9a3c6a5133fcb64c1481c0f0896105f94a6439d8936d00,https://single-runs-api.open-meteo.com/v1/forecast,ecmwf_ifs,2026-02-19 19:00:00+00:00,43.643198,78.538828,43.620384,78.47891,2026-02-20 23:00:00+05:00
2026-02-19 19:00:00+00:00,2026-02-19 12:00:00+00:00,2026-02-20 19:00:00+00:00,1,24,0.8527070587590847,7a9f78e7185f367e,50cdda18c4924a004303,333181c426f3c5904e9a3c6a5133fcb64c1481c0f0896105f94a6439d8936d00,https://single-runs-api.open-meteo.com/v1/forecast,ecmwf_ifs,2026-02-19 19:00:00+00:00,43.64515,78.535604,43.620384,78.47891,2026-02-21 00:00:00+05:00
2026-02-19 19:00:00+00:00,2026-02-19 12:00:00+00:00,2026-02-20 19:00:00+00:00,2,24,0.8483910462545066,7a9f78e7185f367e,50cdda18c4924a004303,333181c426f3c5904e9a3c6a5133fcb64c1481c0f0896105f94a6439d8936d00,https://single-runs-api.open-meteo.com/v1/forecast,ecmwf_ifs,2026-02-19 19:00:00+00:00,43.643198,78.538828,43.620384,78.47891,2026-02-21 00:00:00+05:00
2026-02-20 19:00:00+00:00,2026-02-20 12:00:00+00:00,2026-02-20 20:00:00+00:00,1,1,0.5793877296944283,7a9f78e7185f367e,04d6594181e7c34a8ddf,c01f4c81d26e8b6def187de8faed3eb2f7e4f30d6643310243420af43b78b5cf,https://single-runs-api.open-meteo.com/v1/forecast,ecmwf_ifs,2026-02-20 19:00:00+00:00,43.64515,78.535604,43.620384,78.47891,2026-02-21 01:00:00+05:00
2026-02-20 19:00:00+00:00,2026-02-20 12:00:00+00:00,2026-02-20 20:00:00+00:00,2,1,0.5747086918702862,7a9f78e7185f367e,04d6594181e7c34a8ddf,c01f4c81d26e8b6def187de8faed3eb2f7e4f30d6643310243420af43b78b5cf,https://single-runs-api.open-meteo.com/v1/forecast,ecmwf_ifs,2026-02-20 19:00:00+00:00,43.643198,78.538828,43.620384,78.47891,2026-02-21 01:00:00+05:00
2026-02-20 19:00:00+00:00,2026-02-20 12:00:00+00:00,2026-02-20 21:00:00+00:00,1,2,0.6030198909773193,7a9f78e7185f367e,04d6594181e7c34a8ddf,c01f4c81d26e8b6def187de8faed3eb2f7e4f30d6643310243420af43b78b5cf,https://single-runs-api.open-meteo.com/v1/forecast,ecmwf_ifs,2026-02-20 19:00:00+00:00,43.64515,78.535604,43.620384,78.47891,2026-02-21 02:00:00+05:00
2026-02-20 19:00:00+00:00,2026-02-20 12:00:00+00:00,2026-02-20 21:00:00+00:00,2,2,0.5976232019631494,7a9f78e7185f367e,04d6594181e7c34a8ddf,c01f4c81d26e8b6def187de8faed3eb2f7e4f30d6643310243420af43b78b5cf,https://single-runs-api.open-meteo.com/v1/forecast,ecmwf_ifs,2026-02-20 19:00:00+00:00,43.643198,78.538828,43.620384,78.47891,2026-02-21 02:00:00+05:00
2026-02-20 19:00:00+00:00,2026-02-20 12:00:00+00:00,2026-02-20 22:00:00+00:00,1,3,0.5101046262227316,7a9f78e7185f367e,04d6594181e7c34a8ddf,c01f4c81d26e8b6def187de8faed3eb2f7e4f30d6643310243420af43b78b5cf,https://single-runs-api.open-meteo.com/v1/forecast,ecmwf_ifs,2026-02-20 19:00:00+00:00,43.64515,78.535604,43.620384,78.47891,2026-02-21 03:00:00+05:00
2026-02-20 19:00:00+00:00,2026-02-20 12:00:00+00:00,2026-02-20 22:00:00+00:00,2,3,0.5051549277075063,7a9f78e7185f367e,04d6594181e7c34a8ddf,c01f4c81d26e8b6def187de8faed3eb2f7e4f30d6643310243420af43b78b5cf,https://single-runs-api.open-meteo.com/v1/forecast,ecmwf_ifs,2026-02-20 19:00:00+00:00,43.643198,78.538828,43.620384,78.47891,2026-02-21 03:00:00+05:00
2026-02-20 19:00:00+00:00,2026-02-20 12:00:00+00:00,2026-02-20 23:00:00+00:00,1,4,0.5375298914137061,7a9f78e7185f367e,04d6594181e7c34a8ddf,c01f4c81d26e8b6def187de8faed3eb2f7e4f30d6643310243420af43b78b5cf,https://single-runs-api.open-meteo.com/v1/forecast,ecmwf_ifs,2026-02-20 19:00:00+00:00,43.64515,78.535604,43.620384,78.47891,2026-02-21 04:00:00+05:00
2026-02-20 19:00:00+00:00,2026-02-20 12:00:00+00:00,2026-02-20 23:00:00+00:00,2,4,0.5324872166640757,7a9f78e7185f367e,04d6594181e7c34a8ddf,c01f4c81d26e8b6def187de8faed3eb2f7e4f30d6643310243420af43b78b5cf,https://single-runs-api.open-meteo.com/v1/forecast,ecmwf_ifs,2026-02-20 19:00:00+00:00,43.643198,78.538828,43.620384,78.47891,2026-02-21 04:00:00+05:00
2026-02-20 19:00:00+00:00,2026-02-20 12:00:00+00:00,2026-02-21 00:00:00+00:00,1,5,0.4584315803507895,7a9f78e7185f367e,04d6594181e7c34a8ddf,c01f4c81d26e8b6def187de8faed3eb2f7e4f30d6643310243420af43b78b5cf,https://single-runs-api.open-meteo.com/v1/forecast,ecmwf_ifs,2026-02-20 19:00:00+00:00,43.64515,78.535604,43.620384,78.47891,2026-02-21 05:00:00+05:00
2026-02-20 19:00:00+00:00,2026-02-20 12:00:00+00:00,2026-02-21 00:00:00+00:00,2,5,0.4533571544951427,7a9f78e7185f367e,04d6594181e7c34a8ddf,c01f4c81d26e8b6def187de8faed3eb2f7e4f30d6643310243420af43b78b5cf,https://single-runs-api.open-meteo.com/v1/forecast,ecmwf_ifs,2026-02-20 19:00:00+00:00,43.643198,78.538828,43.620384,78.47891,2026-02-21 05:00:00+05:00
2026-02-20 19:00:00+00:00,2026-02-20 12:00:00+00:00,2026-02-21 01:00:00+00:00,1,6,0.3942421904541144,7a9f78e7185f367e,04d6594181e7c34a8ddf,c01f4c81d26e8b6def187de8faed3eb2f7e4f30d6643310243420af43b78b5cf,https://single-runs-api.open-meteo.com/v1/forecast,ecmwf_ifs,2026-02-20 19:00:00+00:00,43.64515,78.535604,43.620384,78.47891,2026-02-21 06:00:00+05:00
2026-02-20 19:00:00+00:00,2026-02-20 12:00:00+00:00,2026-02-21 01:00:00+00:00,2,6,0.3895745902441652,7a9f78e7185f367e,04d6594181e7c34a8ddf,c01f4c81d26e8b6def187de8faed3eb2f7e4f30d6643310243420af43b78b5cf,https://single-runs-api.open-meteo.com/v1/forecast,ecmwf_ifs,2026-02-20 19:00:00+00:00,43.643198,78.538828,43.620384,78.47891,2026-02-21 06:00:00+05:00
2026-02-20 19:00:00+00:00,2026-02-20 12:00:00+00:00,2026-02-21 02:00:00+00:00,1,7,0.3631591647912097,7a9f78e7185f367e,04d6594181e7c34a8ddf,c01f4c81d26e8b6def187de8faed3eb2f7e4f30d6643310243420af43b78b5cf,https://single-runs-api.open-meteo.com/v1/forecast,ecmwf_ifs,2026-02-20 19:00:00+00:00,43.64515,78.535604,43.620384,78.47891,2026-02-21 07:00:00+05:00
2026-02-20 19:00:00+00:00,2026-02-20 12:00:00+00:00,2026-02-21 02:00:00+00:00,2,7,0.3591218434013146,7a9f78e7185f367e,04d6594181e7c34a8ddf,c01f4c81d26e8b6def187de8faed3eb2f7e4f30d6643310243420af43b78b5cf,https://single-runs-api.open-meteo.com/v1/forecast,ecmwf_ifs,2026-02-20 19:00:00+00:00,43.643198,78.538828,43.620384,78.47891,2026-02-21 07:00:00+05:00
2026-02-20 19:00:00+00:00,2026-02-20 12:00:00+00:00,2026-02-21 03:00:00+00:00,1,8,0.2777008430570589,7a9f78e7185f367e,04d6594181e7c34a8ddf,c01f4c81d26e8b6def187de8faed3eb2f7e4f30d6643310243420af43b78b5cf,https://single-runs-api.open-meteo.com/v1/forecast,ecmwf_ifs,2026-02-20 19:00:00+00:00,43.64515,78.535604,43.620384,78.47891,2026-02-21 08:00:00+05:00
2026-02-20 19:00:00+00:00,2026-02-20 12:00:00+00:00,2026-02-21 03:00:00+00:00,2,8,0.2741246786467692,7a9f78e7185f367e,04d6594181e7c34a8ddf,c01f4c81d26e8b6def187de8faed3eb2f7e4f30d6643310243420af43b78b5cf,https://single-runs-api.open-meteo.com/v1/forecast,ecmwf_ifs,2026-02-20 19:00:00+00:00,43.643198,78.538828,43.620384,78.47891,2026-02-21 08:00:00+05:00
2026-02-20 19:00:00+00:00,2026-02-20 12:00:00+00:00,2026-02-21 04:00:00+00:00,1,9,0.161217348769708,7a9f78e7185f367e,04d6594181e7c34a8ddf,c01f4c81d26e8b6def187de8faed3eb2f7e4f30d6643310243420af43b78b5cf,https://single-runs-api.open-meteo.com/v1/forecast,ecmwf_ifs,2026-02-20 19:00:00+00:00,43.64515,78.535604,43.620384,78.47891,2026-02-21 09:00:00+05:00
2026-02-20 19:00:00+00:00,2026-02-20 12:00:00+00:00,2026-02-21 04:00:00+00:00,2,9,0.1571407057425135,7a9f78e7185f367e,04d6594181e7c34a8ddf,c01f4c81d26e8b6def187de8faed3eb2f7e4f30d6643310243420af43b78b5cf,https://single-runs-api.open-meteo.com/v1/forecast,ecmwf_ifs,2026-02-20 19:00:00+00:00,43.643198,78.538828,43.620384,78.47891,2026-02-21 09:00:00+05:00
2026-02-20 19:00:00+00:00,2026-02-20 12:00:00+00:00,2026-02-21 05:00:00+00:00,1,10,0.1091625686708641,7a9f78e7185f367e,04d6594181e7c34a8ddf,c01f4c81d26e8b6def187de8faed3eb2f7e4f30d6643310243420af43b78b5cf,https://single-runs-api.open-meteo.com/v1/forecast,ecmwf_ifs,2026-02-20 19:00:00+00:00,43.64515,78.535604,43.620384,78.47891,2026-02-21 10:00:00+05:00
2026-02-20 19:00:00+00:00,2026-02-20 12:00:00+00:00,2026-02-21 05:00:00+00:00,2,10,0.1019189648862175,7a9f78e7185f367e,04d6594181e7c34a8ddf,c01f4c81d26e8b6def187de8faed3eb2f7e4f30d6643310243420af43b78b5cf,https://single-runs-api.open-meteo.com/v1/forecast,ecmwf_ifs,2026-02-20 19:00:00+00:00,43.643198,78.538828,43.620384,78.47891,2026-02-21 10:00:00+05:00
2026-02-20 19:00:00+00:00,2026-02-20 12:00:00+00:00,2026-02-21 06:00:00+00:00,1,11,0.6995461207404596,7a9f78e7185f367e,04d6594181e7c34a8ddf,c01f4c81d26e8b6def187de8faed3eb2f7e4f30d6643310243420af43b78b5cf,https://single-runs-api.open-meteo.com/v1/forecast,ecmwf_ifs,2026-02-20 19:00:00+00:00,43.64515,78.535604,43.620384,78.47891,2026-02-21 11:00:00+05:00
2026-02-20 19:00:00+00:00,2026-02-20 12:00:00+00:00,2026-02-21 06:00:00+00:00,2,11,0.6951321163458197,7a9f78e7185f367e,04d6594181e7c34a8ddf,c01f4c81d26e8b6def187de8faed3eb2f7e4f30d6643310243420af43b78b5cf,https://single-runs-api.open-meteo.com/v1/forecast,ecmwf_ifs,2026-02-20 19:00:00+00:00,43.643198,78.538828,43.620384,78.47891,2026-02-21 11:00:00+05:00
2026-02-20 19:00:00+00:00,2026-02-20 12:00:00+00:00,2026-02-21 07:00:00+00:00,1,12,0.9234141390068258,7a9f78e7185f367e,04d6594181e7c34a8ddf,c01f4c81d26e8b6def187de8faed3eb2f7e4f30d6643310243420af43b78b5cf,https://single-runs-api.open-meteo.com/v1/forecast,ecmwf_ifs,2026-02-20 19:00:00+00:00,43.64515,78.535604,43.620384,78.47891,2026-02-21 12:00:00+05:00
2026-02-20 19:00:00+00:00,2026-02-20 12:00:00+00:00,2026-02-21 07:00:00+00:00,2,12,0.9160004756350888,7a9f78e7185f367e,04d6594181e7c34a8ddf,c01f4c81d26e8b6def187de8faed3eb2f7e4f30d6643310243420af43b78b5cf,https://single-runs-api.open-meteo.com/v1/forecast,ecmwf_ifs,2026-02-20 19:00:00+00:00,43.643198,78.538828,43.620384,78.47891,2026-02-21 12:00:00+05:00
2026-02-20 19:00:00+00:00,2026-02-20 12:00:00+00:00,2026-02-21 08:00:00+00:00,1,13,0.9212942237240584,7a9f78e7185f367e,04d6594181e7c34a8ddf,c01f4c81d26e8b6def187de8faed3eb2f7e4f30d6643310243420af43b78b5cf,https://single-runs-api.open-meteo.com/v1/forecast,ecmwf_ifs,2026-02-20 19:00:00+00:00,43.64515,78.535604,43.620384,78.47891,2026-02-21 13:00:00+05:00
2026-02-20 19:00:00+00:00,2026-02-20 12:00:00+00:00,2026-02-21 08:00:00+00:00,2,13,0.912010829858859,7a9f78e7185f367e,04d6594181e7c34a8ddf,c01f4c81d26e8b6def187de8faed3eb2f7e4f30d6643310243420af43b78b5cf,https://single-runs-api.open-meteo.com/v1/forecast,ecmwf_ifs,2026-02-20 19:00:00+00:00,43.643198,78.538828,43.620384,78.47891,2026-02-21 13:00:00+05:00
2026-02-20 19:00:00+00:00,2026-02-20 12:00:00+00:00,2026-02-21 09:00:00+00:00,1,14,0.9716201716363634,7a9f78e7185f367e,04d6594181e7c34a8ddf,c01f4c81d26e8b6def187de8faed3eb2f7e4f30d6643310243420af43b78b5cf,https://single-runs-api.open-meteo.com/v1/forecast,ecmwf_ifs,2026-02-20 19:00:00+00:00,43.64515,78.535604,43.620384,78.47891,2026-02-21 14:00:00+05:00
2026-02-20 19:00:00+00:00,2026-02-20 12:00:00+00:00,2026-02-21 09:00:00+00:00,2,14,0.9607176654759628,7a9f78e7185f367e,04d6594181e7c34a8ddf,c01f4c81d26e8b6def187de8faed3eb2f7e4f30d6643310243420af43b78b5cf,https://single-runs-api.open-meteo.com/v1/forecast,ecmwf_ifs,2026-02-20 19:00:00+00:00,43.643198,78.538828,43.620384,78.47891,2026-02-21 14:00:00+05:00
2026-02-20 19:00:00+00:00,2026-02-20 12:00:00+00:00,2026-02-21 10:00:00+00:00,1,15,0.9463197538686812,7a9f78e7185f367e,04d6594181e7c34a8ddf,c01f4c81d26e8b6def187de8faed3eb2f7e4f30d6643310243420af43b78b5cf,https://single-runs-api.open-meteo.com/v1/forecast,ecmwf_ifs,2026-02-20 19:00:00+00:00,43.64515,78.535604,43.620384,78.47891,2026-02-21 15:00:00+05:00
2026-02-20 19:00:00+00:00,2026-02-20 12:00:00+00:00,2026-02-21 10:00:00+00:00,2,15,0.93958414050375,7a9f78e7185f367e,04d6594181e7c34a8ddf,c01f4c81d26e8b6def187de8faed3eb2f7e4f30d6643310243420af43b78b5cf,https://single-runs-api.open-meteo.com/v1/forecast,ecmwf_ifs,2026-02-20 19:00:00+00:00,43.643198,78.538828,43.620384,78.47891,2026-02-21 15:00:00+05:00
2026-02-20 19:00:00+00:00,2026-02-20 12:00:00+00:00,2026-02-21 11:00:00+00:00,1,16,0.8931055396459764,7a9f78e7185f367e,04d6594181e7c34a8ddf,c01f4c81d26e8b6def187de8faed3eb2f7e4f30d6643310243420af43b78b5cf,https://single-runs-api.open-meteo.com/v1/forecast,ecmwf_ifs,2026-02-20 19:00:00+00:00,43.64515,78.535604,43.620384,78.47891,2026-02-21 16:00:00+05:00
2026-02-20 19:00:00+00:00,2026-02-20 12:00:00+00:00,2026-02-21 11:00:00+00:00,2,16,0.8880412608511776,7a9f78e7185f367e,04d6594181e7c34a8ddf,c01f4c81d26e8b6def187de8faed3eb2f7e4f30d6643310243420af43b78b5cf,https://single-runs-api.open-meteo.com/v1/forecast,ecmwf_ifs,2026-02-20 19:00:00+00:00,43.643198,78.538828,43.620384,78.47891,2026-02-21 16:00:00+05:00
2026-02-20 19:00:00+00:00,2026-02-20 12:00:00+00:00,2026-02-21 12:00:00+00:00,1,17,0.6482569000086839,7a9f78e7185f367e,04d6594181e7c34a8ddf,c01f4c81d26e8b6def187de8faed3eb2f7e4f30d6643310243420af43b78b5cf,https://single-runs-api.open-meteo.com/v1/forecast,ecmwf_ifs,2026-02-20 19:00:00+00:00,43.64515,78.535604,43.620384,78.47891,2026-02-21 17:00:00+05:00
2026-02-20 19:00:00+00:00,2026-02-20 12:00:00+00:00,2026-02-21 12:00:00+00:00,2,17,0.6425138790259297,7a9f78e7185f367e,04d6594181e7c34a8ddf,c01f4c81d26e8b6def187de8faed3eb2f7e4f30d6643310243420af43b78b5cf,https://single-runs-api.open-meteo.com/v1/forecast,ecmwf_ifs,2026-02-20 19:00:00+00:00,43.643198,78.538828,43.620384,78.47891,2026-02-21 17:00:00+05:00
2026-02-20 19:00:00+00:00,2026-02-20 12:00:00+00:00,2026-02-21 13:00:00+00:00,1,18,0.447910370713298,7a9f78e7185f367e,04d6594181e7c34a8ddf,c01f4c81d26e8b6def187de8faed3eb2f7e4f30d6643310243420af43b78b5cf,https://single-runs-api.open-meteo.com/v1/forecast,ecmwf_ifs,2026-02-20 19:00:00+00:00,43.64515,78.535604,43.620384,78.47891,2026-02-21 18:00:00+05:00
2026-02-20 19:00:00+00:00,2026-02-20 12:00:00+00:00,2026-02-21 13:00:00+00:00,2,18,0.4411514746477373,7a9f78e7185f367e,04d6594181e7c34a8ddf,c01f4c81d26e8b6def187de8faed3eb2f7e4f30d6643310243420af43b78b5cf,https://single-runs-api.open-meteo.com/v1/forecast,ecmwf_ifs,2026-02-20 19:00:00+00:00,43.643198,78.538828,43.620384,78.47891,2026-02-21 18:00:00+05:00
2026-02-20 19:00:00+00:00,2026-02-20 12:00:00+00:00,2026-02-21 14:00:00+00:00,1,19,0.3602755262272729,7a9f78e7185f367e,04d6594181e7c34a8ddf,c01f4c81d26e8b6def187de8faed3eb2f7e4f30d6643310243420af43b78b5cf,https://single-runs-api.open-meteo.com/v1/forecast,ecmwf_ifs,2026-02-20 19:00:00+00:00,43.64515,78.535604,43.620384,78.47891,2026-02-21 19:00:00+05:00
2026-02-20 19:00:00+00:00,2026-02-20 12:00:00+00:00,2026-02-21 14:00:00+00:00,2,19,0.356058095308737,7a9f78e7185f367e,04d6594181e7c34a8ddf,c01f4c81d26e8b6def187de8faed3eb2f7e4f30d6643310243420af43b78b5cf,https://single-runs-api.open-meteo.com/v1/forecast,ecmwf_ifs,2026-02-20 19:00:00+00:00,43.643198,78.538828,43.620384,78.47891,2026-02-21 19:00:00+05:00
2026-02-20 19:00:00+00:00,2026-02-20 12:00:00+00:00,2026-02-21 15:00:00+00:00,1,20,0.5074218135564994,7a9f78e7185f367e,04d6594181e7c34a8ddf,c01f4c81d26e8b6def187de8faed3eb2f7e4f30d6643310243420af43b78b5cf,https://single-runs-api.open-meteo.com/v1/forecast,ecmwf_ifs,2026-02-20 19:00:00+00:00,43.64515,78.535604,43.620384,78.47891,2026-02-21 20:00:00+05:00
2026-02-20 19:00:00+00:00,2026-02-20 12:00:00+00:00,2026-02-21 15:00:00+00:00,2,20,0.5035657093840971,7a9f78e7185f367e,04d6594181e7c34a8ddf,c01f4c81d26e8b6def187de8faed3eb2f7e4f30d6643310243420af43b78b5cf,https://single-runs-api.open-meteo.com/v1/forecast,ecmwf_ifs,2026-02-20 19:00:00+00:00,43.643198,78.538828,43.620384,78.47891,2026-02-21 20:00:00+05:00
2026-02-20 19:00:00+00:00,2026-02-20 12:00:00+00:00,2026-02-21 16:00:00+00:00,1,21,0.5965954979722157,7a9f78e7185f367e,04d6594181e7c34a8ddf,c01f4c81d26e8b6def187de8faed3eb2f7e4f30d6643310243420af43b78b5cf,https://single-runs-api.open-meteo.com/v1/forecast,ecmwf_ifs,2026-02-20 19:00:00+00:00,43.64515,78.535604,43.620384,78.47891,2026-02-21 21:00:00+05:00
2026-02-20 19:00:00+00:00,2026-02-20 12:00:00+00:00,2026-02-21 16:00:00+00:00,2,21,0.5940137076828926,7a9f78e7185f367e,04d6594181e7c34a8ddf,c01f4c81d26e8b6def187de8faed3eb2f7e4f30d6643310243420af43b78b5cf,https://single-runs-api.open-meteo.com/v1/forecast,ecmwf_ifs,2026-02-20 19:00:00+00:00,43.643198,78.538828,43.620384,78.47891,2026-02-21 21:00:00+05:00
2026-02-20 19:00:00+00:00,2026-02-20 12:00:00+00:00,2026-02-21 17:00:00+00:00,1,22,0.6732504234590606,7a9f78e7185f367e,04d6594181e7c34a8ddf,c01f4c81d26e8b6def187de8faed3eb2f7e4f30d6643310243420af43b78b5cf,https://single-runs-api.open-meteo.com/v1/forecast,ecmwf_ifs,2026-02-20 19:00:00+00:00,43.64515,78.535604,43.620384,78.47891,2026-02-21 22:00:00+05:00
2026-02-20 19:00:00+00:00,2026-02-20 12:00:00+00:00,2026-02-21 17:00:00+00:00,2,22,0.6699379318259168,7a9f78e7185f367e,04d6594181e7c34a8ddf,c01f4c81d26e8b6def187de8faed3eb2f7e4f30d6643310243420af43b78b5cf,https://single-runs-api.open-meteo.com/v1/forecast,ecmwf_ifs,2026-02-20 19:00:00+00:00,43.643198,78.538828,43.620384,78.47891,2026-02-21 22:00:00+05:00
2026-02-20 19:00:00+00:00,2026-02-20 12:00:00+00:00,2026-02-21 18:00:00+00:00,1,23,0.6560804150807809,7a9f78e7185f367e,04d6594181e7c34a8ddf,c01f4c81d26e8b6def187de8faed3eb2f7e4f30d6643310243420af43b78b5cf,https://single-runs-api.open-meteo.com/v1/forecast,ecmwf_ifs,2026-02-20 19:00:00+00:00,43.64515,78.535604,43.620384,78.47891,2026-02-21 23:00:00+05:00
2026-02-20 19:00:00+00:00,2026-02-20 12:00:00+00:00,2026-02-21 18:00:00+00:00,2,23,0.6499610858747946,7a9f78e7185f367e,04d6594181e7c34a8ddf,c01f4c81d26e8b6def187de8faed3eb2f7e4f30d6643310243420af43b78b5cf,https://single-runs-api.open-meteo.com/v1/forecast,ecmwf_ifs,2026-02-20 19:00:00+00:00,43.643198,78.538828,43.620384,78.47891,2026-02-21 23:00:00+05:00
2026-02-20 19:00:00+00:00,2026-02-20 12:00:00+00:00,2026-02-21 19:00:00+00:00,1,24,0.558565416260182,7a9f78e7185f367e,04d6594181e7c34a8ddf,c01f4c81d26e8b6def187de8faed3eb2f7e4f30d6643310243420af43b78b5cf,https://single-runs-api.open-meteo.com/v1/forecast,ecmwf_ifs,2026-02-20 19:00:00+00:00,43.64515,78.535604,43.620384,78.47891,2026-02-22 00:00:00+05:00
2026-02-20 19:00:00+00:00,2026-02-20 12:00:00+00:00,2026-02-21 19:00:00+00:00,2,24,0.5531691374924328,7a9f78e7185f367e,04d6594181e7c34a8ddf,c01f4c81d26e8b6def187de8faed3eb2f7e4f30d6643310243420af43b78b5cf,https://single-runs-api.open-meteo.com/v1/forecast,ecmwf_ifs,2026-02-20 19:00:00+00:00,43.643198,78.538828,43.620384,78.47891,2026-02-22 00:00:00+05:00
2026-02-21 19:00:00+00:00,2026-02-21 12:00:00+00:00,2026-02-21 20:00:00+00:00,1,1,0.1991623907882244,7a9f78e7185f367e,4a9947db00525a240b74,a8cfc5fed92e50fbaf1c0acebc84086a1c1e688b64dcf9dd361d0da62773893a,https://single-runs-api.open-meteo.com/v1/forecast,ecmwf_ifs,2026-02-21 19:00:00+00:00,43.64515,78.535604,43.620384,78.47891,2026-02-22 01:00:00+05:00
2026-02-21 19:00:00+00:00,2026-02-21 12:00:00+00:00,2026-02-21 20:00:00+00:00,2,1,0.1943807147424694,7a9f78e7185f367e,4a9947db00525a240b74,a8cfc5fed92e50fbaf1c0acebc84086a1c1e688b64dcf9dd361d0da62773893a,https://single-runs-api.open-meteo.com/v1/forecast,ecmwf_ifs,2026-02-21 19:00:00+00:00,43.643198,78.538828,43.620384,78.47891,2026-02-22 01:00:00+05:00
2026-02-21 19:00:00+00:00,2026-02-21 12:00:00+00:00,2026-02-21 21:00:00+00:00,1,2,0.1169307678927178,7a9f78e7185f367e,4a9947db00525a240b74,a8cfc5fed92e50fbaf1c0acebc84086a1c1e688b64dcf9dd361d0da62773893a,https://single-runs-api.open-meteo.com/v1/forecast,ecmwf_ifs,2026-02-21 19:00:00+00:00,43.64515,78.535604,43.620384,78.47891,2026-02-22 02:00:00+05:00
2026-02-21 19:00:00+00:00,2026-02-21 12:00:00+00:00,2026-02-21 21:00:00+00:00,2,2,0.1136151229862162,7a9f78e7185f367e,4a9947db00525a240b74,a8cfc5fed92e50fbaf1c0acebc84086a1c1e688b64dcf9dd361d0da62773893a,https://single-runs-api.open-meteo.com/v1/forecast,ecmwf_ifs,2026-02-21 19:00:00+00:00,43.643198,78.538828,43.620384,78.47891,2026-02-22 02:00:00+05:00
2026-02-21 19:00:00+00:00,2026-02-21 12:00:00+00:00,2026-02-21 22:00:00+00:00,1,3,0.036495377340052,7a9f78e7185f367e,4a9947db00525a240b74,a8cfc5fed92e50fbaf1c0acebc84086a1c1e688b64dcf9dd361d0da62773893a,https://single-runs-api.open-meteo.com/v1/forecast,ecmwf_ifs,2026-02-21 19:00:00+00:00,43.64515,78.535604,43.620384,78.47891,2026-02-22 03:00:00+05:00
2026-02-21 19:00:00+00:00,2026-02-21 12:00:00+00:00,2026-02-21 22:00:00+00:00,2,3,0.0338046877096953,7a9f78e7185f367e,4a9947db00525a240b74,a8cfc5fed92e50fbaf1c0acebc84086a1c1e688b64dcf9dd361d0da62773893a,https://single-runs-api.open-meteo.com/v1/forecast,ecmwf_ifs,2026-02-21 19:00:00+00:00,43.643198,78.538828,43.620384,78.47891,2026-02-22 03:00:00+05:00
2026-02-21 19:00:00+00:00,2026-02-21 12:00:00+00:00,2026-02-21 23:00:00+00:00,1,4,0.0221227732565612,7a9f78e7185f367e,4a9947db00525a240b74,a8cfc5fed92e50fbaf1c0acebc84086a1c1e688b64dcf9dd361d0da62773893a,https://single-runs-api.open-meteo.com/v1/forecast,ecmwf_ifs,2026-02-21 19:00:00+00:00,43.64515,78.535604,43.620384,78.47891,2026-02-22 04:00:00+05:00
2026-02-21 19:00:00+00:00,2026-02-21 12:00:00+00:00,2026-02-21 23:00:00+00:00,2,4,0.0195126837154265,7a9f78e7185f367e,4a9947db00525a240b74,a8cfc5fed92e50fbaf1c0acebc84086a1c1e688b64dcf9dd361d0da62773893a,https://single-runs-api.open-meteo.com/v1/forecast,ecmwf_ifs,2026-02-21 19:00:00+00:00,43.643198,78.538828,43.620384,78.47891,2026-02-22 04:00:00+05:00
2026-02-21 19:00:00+00:00,2026-02-21 12:00:00+00:00,2026-02-22 00:00:00+00:00,1,5,0.011733112482361,7a9f78e7185f367e,4a9947db00525a240b74,a8cfc5fed92e50fbaf1c0acebc84086a1c1e688b64dcf9dd361d0da62773893a,https://single-runs-api.open-meteo.com/v1/forecast,ecmwf_ifs,2026-02-21 19:00:00+00:00,43.64515,78.535604,43.620384,78.47891,2026-02-22 05:00:00+05:00
2026-02-21 19:00:00+00:00,2026-02-21 12:00:00+00:00,2026-02-22 00:00:00+00:00,2,5,0.0105646341395516,7a9f78e7185f367e,4a9947db00525a240b74,a8cfc5fed92e50fbaf1c0acebc84086a1c1e688b64dcf9dd361d0da62773893a,https://single-runs-api.open-meteo.com/v1/forecast,ecmwf_ifs,2026-02-21 19:00:00+00:00,43.643198,78.538828,43.620384,78.47891,2026-02-22 05:00:00+05:00
2026-02-21 19:00:00+00:00,2026-02-21 12:00:00+00:00,2026-02-22 01:00:00+00:00,1,6,0.0121599593952393,7a9f78e7185f367e,4a9947db00525a240b74,a8cfc5fed92e50fbaf1c0acebc84086a1c1e688b64dcf9dd361d0da62773893a,https://single-runs-api.open-meteo.com/v1/forecast,ecmwf_ifs,2026-02-21 19:00:00+00:00,43.64515,78.535604,43.620384,78.47891,2026-02-22 06:00:00+05:00
2026-02-21 19:00:00+00:00,2026-02-21 12:00:00+00:00,2026-02-22 01:00:00+00:00,2,6,0.0100587797844385,7a9f78e7185f367e,4a9947db00525a240b74,a8cfc5fed92e50fbaf1c0acebc84086a1c1e688b64dcf9dd361d0da62773893a,https://single-runs-api.open-meteo.com/v1/forecast,ecmwf_ifs,2026-02-21 19:00:00+00:00,43.643198,78.538828,43.620384,78.47891,2026-02-22 06:00:00+05:00
2026-02-21 19:00:00+00:00,2026-02-21 12:00:00+00:00,2026-02-22 02:00:00+00:00,1,7,0.0245884901720057,7a9f78e7185f367e,4a9947db00525a240b74,a8cfc5fed92e50fbaf1c0acebc84086a1c1e688b64dcf9dd361d0da62773893a,https://single-runs-api.open-meteo.com/v1/forecast,ecmwf_ifs,2026-02-21 19:00:00+00:00,43.64515,78.535604,43.620384,78.47891,2026-02-22 07:00:00+05:00
2026-02-21 19:00:00+00:00,2026-02-21 12:00:00+00:00,2026-02-22 02:00:00+00:00,2,7,0.0213395673279426,7a9f78e7185f367e,4a9947db00525a240b74,a8cfc5fed92e50fbaf1c0acebc84086a1c1e688b64dcf9dd361d0da62773893a,https://single-runs-api.open-meteo.com/v1/forecast,ecmwf_ifs,2026-02-21 19:00:00+00:00,43.643198,78.538828,43.620384,78.47891,2026-02-22 07:00:00+05:00
2026-02-21 19:00:00+00:00,2026-02-21 12:00:00+00:00,2026-02-22 03:00:00+00:00,1,8,0.0418545485718326,7a9f78e7185f367e,4a9947db00525a240b74,a8cfc5fed92e50fbaf1c0acebc84086a1c1e688b64dcf9dd361d0da62773893a,https://single-runs-api.open-meteo.com/v1/forecast,ecmwf_ifs,2026-02-21 19:00:00+00:00,43.64515,78.535604,43.620384,78.47891,2026-02-22 08:00:00+05:00
2026-02-21 19:00:00+00:00,2026-02-21 12:00:00+00:00,2026-02-22 03:00:00+00:00,2,8,0.0390050425057731,7a9f78e7185f367e,4a9947db00525a240b74,a8cfc5fed92e50fbaf1c0acebc84086a1c1e688b64dcf9dd361d0da62773893a,https://single-runs-api.open-meteo.com/v1/forecast,ecmwf_ifs,2026-02-21 19:00:00+00:00,43.643198,78.538828,43.620384,78.47891,2026-02-22 08:00:00+05:00
2026-02-21 19:00:00+00:00,2026-02-21 12:00:00+00:00,2026-02-22 04:00:00+00:00,1,9,0.1010813939595519,7a9f78e7185f367e,4a9947db00525a240b74,a8cfc5fed92e50fbaf1c0acebc84086a1c1e688b64dcf9dd361d0da62773893a,https://single-runs-api.open-meteo.com/v1/forecast,ecmwf_ifs,2026-02-21 19:00:00+00:00,43.64515,78.535604,43.620384,78.47891,2026-02-22 09:00:00+05:00
2026-02-21 19:00:00+00:00,2026-02-21 12:00:00+00:00,2026-02-22 04:00:00+00:00,2,9,0.0984711886855825,7a9f78e7185f367e,4a9947db00525a240b74,a8cfc5fed92e50fbaf1c0acebc84086a1c1e688b64dcf9dd361d0da62773893a,https://single-runs-api.open-meteo.com/v1/forecast,ecmwf_ifs,2026-02-21 19:00:00+00:00,43.643198,78.538828,43.620384,78.47891,2026-02-22 09:00:00+05:00
2026-02-21 19:00:00+00:00,2026-02-21 12:00:00+00:00,2026-02-22 05:00:00+00:00,1,10,0.2819408391251746,7a9f78e7185f367e,4a9947db00525a240b74,a8cfc5fed92e50fbaf1c0acebc84086a1c1e688b64dcf9dd361d0da62773893a,https://single-runs-api.open-meteo.com/v1/forecast,ecmwf_ifs,2026-02-21 19:00:00+00:00,43.64515,78.535604,43.620384,78.47891,2026-02-22 10:00:00+05:00
2026-02-21 19:00:00+00:00,2026-02-21 12:00:00+00:00,2026-02-22 05:00:00+00:00,2,10,0.2795773481899389,7a9f78e7185f367e,4a9947db00525a240b74,a8cfc5fed92e50fbaf1c0acebc84086a1c1e688b64dcf9dd361d0da62773893a,https://single-runs-api.open-meteo.com/v1/forecast,ecmwf_ifs,2026-02-21 19:00:00+00:00,43.643198,78.538828,43.620384,78.47891,2026-02-22 10:00:00+05:00
2026-02-21 19:00:00+00:00,2026-02-21 12:00:00+00:00,2026-02-22 06:00:00+00:00,1,11,0.6069174606890253,7a9f78e7185f367e,4a9947db00525a240b74,a8cfc5fed92e50fbaf1c0acebc84086a1c1e688b64dcf9dd361d0da62773893a,https://single-runs-api.open-meteo.com/v1/forecast,ecmwf_ifs,2026-02-21 19:00:00+00:00,43.64515,78.535604,43.620384,78.47891,2026-02-22 11:00:00+05:00
2026-02-21 19:00:00+00:00,2026-02-21 12:00:00+00:00,2026-02-22 06:00:00+00:00,2,11,0.6046179561080312,7a9f78e7185f367e,4a9947db00525a240b74,a8cfc5fed92e50fbaf1c0acebc84086a1c1e688b64dcf9dd361d0da62773893a,https://single-runs-api.open-meteo.com/v1/forecast,ecmwf_ifs,2026-02-21 19:00:00+00:00,43.643198,78.538828,43.620384,78.47891,2026-02-22 11:00:00+05:00
2026-02-21 19:00:00+00:00,2026-02-21 12:00:00+00:00,2026-02-22 07:00:00+00:00,1,12,0.8617908887848147,7a9f78e7185f367e,4a9947db00525a240b74,a8cfc5fed92e50fbaf1c0acebc84086a1c1e688b64dcf9dd361d0da62773893a,https://single-runs-api.open-meteo.com/v1/forecast,ecmwf_ifs,2026-02-21 19:00:00+00:00,43.64515,78.535604,43.620384,78.47891,2026-02-22 12:00:00+05:00
2026-02-21 19:00:00+00:00,2026-02-21 12:00:00+00:00,2026-02-22 07:00:00+00:00,2,12,0.8577082476576579,7a9f78e7185f367e,4a9947db00525a240b74,a8cfc5fed92e50fbaf1c0acebc84086a1c1e688b64dcf9dd361d0da62773893a,https://single-runs-api.open-meteo.com/v1/forecast,ecmwf_ifs,2026-02-21 19:00:00+00:00,43.643198,78.538828,43.620384,78.47891,2026-02-22 12:00:00+05:00
2026-02-21 19:00:00+00:00,2026-02-21 12:00:00+00:00,2026-02-22 08:00:00+00:00,1,13,0.9625842162418268,7a9f78e7185f367e,4a9947db00525a240b74,a8cfc5fed92e50fbaf1c0acebc84086a1c1e688b64dcf9dd361d0da62773893a,https://single-runs-api.open-meteo.com/v1/forecast,ecmwf_ifs,2026-02-21 19:00:00+00:00,43.64515,78.535604,43.620384,78.47891,2026-02-22 13:00:00+05:00
2026-02-21 19:00:00+00:00,2026-02-21 12:00:00+00:00,2026-02-22 08:00:00+00:00,2,13,0.9569048702624344,7a9f78e7185f367e,4a9947db00525a240b74,a8cfc5fed92e50fbaf1c0acebc84086a1c1e688b64dcf9dd361d0da62773893a,https://single-runs-api.open-meteo.com/v1/forecast,ecmwf_ifs,2026-02-21 19:00:00+00:00,43.643198,78.538828,43.620384,78.47891,2026-02-22 13:00:00+05:00
2026-02-21 19:00:00+00:00,2026-02-21 12:00:00+00:00,2026-02-22 09:00:00+00:00,1,14,0.969679200357686,7a9f78e7185f367e,4a9947db00525a240b74,a8cfc5fed92e50fbaf1c0acebc84086a1c1e688b64dcf9dd361d0da62773893a,https://single-runs-api.open-meteo.com/v1/forecast,ecmwf_ifs,2026-02-21 19:00:00+00:00,43.64515,78.535604,43.620384,78.47891,2026-02-22 14:00:00+05:00
2026-02-21 19:00:00+00:00,2026-02-21 12:00:00+00:00,2026-02-22 09:00:00+00:00,2,14,0.9657241637725092,7a9f78e7185f367e,4a9947db00525a240b74,a8cfc5fed92e50fbaf1c0acebc84086a1c1e688b64dcf9dd361d0da62773893a,https://single-runs-api.open-meteo.com/v1/forecast,ecmwf_ifs,2026-02-21 19:00:00+00:00,43.643198,78.538828,43.620384,78.47891,2026-02-22 14:00:00+05:00
2026-02-21 19:00:00+00:00,2026-02-21 12:00:00+00:00,2026-02-22 10:00:00+00:00,1,15,0.9441677705479178,7a9f78e7185f367e,4a9947db00525a240b74,a8cfc5fed92e50fbaf1c0acebc84086a1c1e688b64dcf9dd361d0da62773893a,https://single-runs-api.open-meteo.com/v1/forecast,ecmwf_ifs,2026-02-21 19:00:00+00:00,43.64515,78.535604,43.620384,78.47891,2026-02-22 15:00:00+05:00
2026-02-21 19:00:00+00:00,2026-02-21 12:00:00+00:00,2026-02-22 10:00:00+00:00,2,15,0.9406405433917306,7a9f78e7185f367e,4a9947db00525a240b74,a8cfc5fed92e50fbaf1c0acebc84086a1c1e688b64dcf9dd361d0da62773893a,https://single-runs-api.open-meteo.com/v1/forecast,ecmwf_ifs,2026-02-21 19:00:00+00:00,43.643198,78.538828,43.620384,78.47891,2026-02-22 15:00:00+05:00
2026-02-21 19:00:00+00:00,2026-02-21 12:00:00+00:00,2026-02-22 11:00:00+00:00,1,16,0.8909033862047024,7a9f78e7185f367e,4a9947db00525a240b74,a8cfc5fed92e50fbaf1c0acebc84086a1c1e688b64dcf9dd361d0da62773893a,https://single-runs-api.open-meteo.com/v1/forecast,ecmwf_ifs,2026-02-21 19:00:00+00:00,43.64515,78.535604,43.620384,78.47891,2026-02-22 16:00:00+05:00
2026-02-21 19:00:00+00:00,2026-02-21 12:00:00+00:00,2026-02-22 11:00:00+00:00,2,16,0.8882164491736663,7a9f78e7185f367e,4a9947db00525a240b74,a8cfc5fed92e50fbaf1c0acebc84086a1c1e688b64dcf9dd361d0da62773893a,https://single-runs-api.open-meteo.com/v1/forecast,ecmwf_ifs,2026-02-21 19:00:00+00:00,43.643198,78.538828,43.620384,78.47891,2026-02-22 16:00:00+05:00
2026-02-21 19:00:00+00:00,2026-02-21 12:00:00+00:00,2026-02-22 12:00:00+00:00,1,17,0.7606130097654283,7a9f78e7185f367e,4a9947db00525a240b74,a8cfc5fed92e50fbaf1c0acebc84086a1c1e688b64dcf9dd361d0da62773893a,https://single-runs-api.open-meteo.com/v1/forecast,ecmwf_ifs,2026-02-21 19:00:00+00:00,43.64515,78.535604,43.620384,78.47891,2026-02-22 17:00:00+05:00
2026-02-21 19:00:00+00:00,2026-02-21 12:00:00+00:00,2026-02-22 12:00:00+00:00,2,17,0.7570334120914417,7a9f78e7185f367e,4a9947db00525a240b74,a8cfc5fed92e50fbaf1c0acebc84086a1c1e688b64dcf9dd361d0da62773893a,https://single-runs-api.open-meteo.com/v1/forecast,ecmwf_ifs,2026-02-21 19:00:00+00:00,43.643198,78.538828,43.620384,78.47891,2026-02-22 17:00:00+05:00
2026-02-21 19:00:00+00:00,2026-02-21 12:00:00+00:00,2026-02-22 13:00:00+00:00,1,18,0.5182276771000323,7a9f78e7185f367e,4a9947db00525a240b74,a8cfc5fed92e50fbaf1c0acebc84086a1c1e688b64dcf9dd361d0da62773893a,https://single-runs-api.open-meteo.com/v1/forecast,ecmwf_ifs,2026-02-21 19:00:00+00:00,43.64515,78.535604,43.620384,78.47891,2026-02-22 18:00:00+05:00
2026-02-21 19:00:00+00:00,2026-02-21 12:00:00+00:00,2026-02-22 13:00:00+00:00,2,18,0.513385939364873,7a9f78e7185f367e,4a9947db00525a240b74,a8cfc5fed92e50fbaf1c0acebc84086a1c1e688b64dcf9dd361d0da62773893a,https://single-runs-api.open-meteo.com/v1/forecast,ecmwf_ifs,2026-02-21 19:00:00+00:00,43.643198,78.538828,43.620384,78.47891,2026-02-22 18:00:00+05:00
2026-02-21 19:00:00+00:00,2026-02-21 12:00:00+00:00,2026-02-22 14:00:00+00:00,1,19,0.321621584330422,7a9f78e7185f367e,4a9947db00525a240b74,a8cfc5fed92e50fbaf1c0acebc84086a1c1e688b64dcf9dd361d0da62773893a,https://single-runs-api.open-meteo.com/v1/forecast,ecmwf_ifs,2026-02-21 19:00:00+00:00,43.64515,78.535604,43.620384,78.47891,2026-02-22 19:00:00+05:00
2026-02-21 19:00:00+00:00,2026-02-21 12:00:00+00:00,2026-02-22 14:00:00+00:00,2,19,0.3175019375855871,7a9f78e7185f367e,4a9947db00525a240b74,a8cfc5fed92e50fbaf1c0acebc84086a1c1e688b64dcf9dd361d0da62773893a,https://single-runs-api.open-meteo.com/v1/forecast,ecmwf_ifs,2026-02-21 19:00:00+00:00,43.643198,78.538828,43.620384,78.47891,2026-02-22 19:00:00+05:00
2026-02-21 19:00:00+00:00,2026-02-21 12:00:00+00:00,2026-02-22 15:00:00+00:00,1,20,0.2140008767272476,7a9f78e7185f367e,4a9947db00525a240b74,a8cfc5fed92e50fbaf1c0acebc84086a1c1e688b64dcf9dd361d0da62773893a,https://single-runs-api.open-meteo.com/v1/forecast,ecmwf_ifs,2026-02-21 19:00:00+00:00,43.64515,78.535604,43.620384,78.47891,2026-02-22 20:00:00+05:00
2026-02-21 19:00:00+00:00,2026-02-21 12:00:00+00:00,2026-02-22 15:00:00+00:00,2,20,0.210569774793139,7a9f78e7185f367e,4a9947db00525a240b74,a8cfc5fed92e50fbaf1c0acebc84086a1c1e688b64dcf9dd361d0da62773893a,https://single-runs-api.open-meteo.com/v1/forecast,ecmwf_ifs,2026-02-21 19:00:00+00:00,43.643198,78.538828,43.620384,78.47891,2026-02-22 20:00:00+05:00
2026-02-21 19:00:00+00:00,2026-02-21 12:00:00+00:00,2026-02-22 16:00:00+00:00,1,21,0.1221390128209025,7a9f78e7185f367e,4a9947db00525a240b74,a8cfc5fed92e50fbaf1c0acebc84086a1c1e688b64dcf9dd361d0da62773893a,https://single-runs-api.open-meteo.com/v1/forecast,ecmwf_ifs,2026-02-21 19:00:00+00:00,43.64515,78.535604,43.620384,78.47891,2026-02-22 21:00:00+05:00
2026-02-21 19:00:00+00:00,2026-02-21 12:00:00+00:00,2026-02-22 16:00:00+00:00,2,21,0.1191650356326434,7a9f78e7185f367e,4a9947db00525a240b74,a8cfc5fed92e50fbaf1c0acebc84086a1c1e688b64dcf9dd361d0da62773893a,https://single-runs-api.open-meteo.com/v1/forecast,ecmwf_ifs,2026-02-21 19:00:00+00:00,43.643198,78.538828,43.620384,78.47891,2026-02-22 21:00:00+05:00
2026-02-21 19:00:00+00:00,2026-02-21 12:00:00+00:00,2026-02-22 17:00:00+00:00,1,22,0.0576550515668007,7a9f78e7185f367e,4a9947db00525a240b74,a8cfc5fed92e50fbaf1c0acebc84086a1c1e688b64dcf9dd361d0da62773893a,https://single-runs-api.open-meteo.com/v1/forecast,ecmwf_ifs,2026-02-21 19:00:00+00:00,43.64515,78.535604,43.620384,78.47891,2026-02-22 22:00:00+05:00
2026-02-21 19:00:00+00:00,2026-02-21 12:00:00+00:00,2026-02-22 17:00:00+00:00,2,22,0.0545626241463122,7a9f78e7185f367e,4a9947db00525a240b74,a8cfc5fed92e50fbaf1c0acebc84086a1c1e688b64dcf9dd361d0da62773893a,https://single-runs-api.open-meteo.com/v1/forecast,ecmwf_ifs,2026-02-21 19:00:00+00:00,43.643198,78.538828,43.620384,78.47891,2026-02-22 22:00:00+05:00
2026-02-21 19:00:00+00:00,2026-02-21 12:00:00+00:00,2026-02-22 18:00:00+00:00,1,23,0.039132501180113,7a9f78e7185f367e,4a9947db00525a240b74,a8cfc5fed92e50fbaf1c0acebc84086a1c1e688b64dcf9dd361d0da62773893a,https://single-runs-api.open-meteo.com/v1/forecast,ecmwf_ifs,2026-02-21 19:00:00+00:00,43.64515,78.535604,43.620384,78.47891,2026-02-22 23:00:00+05:00
2026-02-21 19:00:00+00:00,2026-02-21 12:00:00+00:00,2026-02-22 18:00:00+00:00,2,23,0.0371744431407693,7a9f78e7185f367e,4a9947db00525a240b74,a8cfc5fed92e50fbaf1c0acebc84086a1c1e688b64dcf9dd361d0da62773893a,https://single-runs-api.open-meteo.com/v1/forecast,ecmwf_ifs,2026-02-21 19:00:00+00:00,43.643198,78.538828,43.620384,78.47891,2026-02-22 23:00:00+05:00
2026-02-21 19:00:00+00:00,2026-02-21 12:00:00+00:00,2026-02-22 19:00:00+00:00,1,24,0.0445965733236221,7a9f78e7185f367e,4a9947db00525a240b74,a8cfc5fed92e50fbaf1c0acebc84086a1c1e688b64dcf9dd361d0da62773893a,https://single-runs-api.open-meteo.com/v1/forecast,ecmwf_ifs,2026-02-21 19:00:00+00:00,43.64515,78.535604,43.620384,78.47891,2026-02-23 00:00:00+05:00
2026-02-21 19:00:00+00:00,2026-02-21 12:00:00+00:00,2026-02-22 19:00:00+00:00,2,24,0.0412172608932973,7a9f78e7185f367e,4a9947db00525a240b74,a8cfc5fed92e50fbaf1c0acebc84086a1c1e688b64dcf9dd361d0da62773893a,https://single-runs-api.open-meteo.com/v1/forecast,ecmwf_ifs,2026-02-21 19:00:00+00:00,43.643198,78.538828,43.620384,78.47891,2026-02-23 00:00:00+05:00
2026-02-22 19:00:00+00:00,2026-02-22 12:00:00+00:00,2026-02-22 20:00:00+00:00,1,1,0.0263836928202792,7a9f78e7185f367e,692038e56cd9730e417c,471fdba3226b998b69ce76e4f56ad000253966b277c4d23f368a9a98307ef63b,https://single-runs-api.open-meteo.com/v1/forecast,ecmwf_ifs,2026-02-22 19:00:00+00:00,43.64515,78.535604,43.620384,78.47891,2026-02-23 01:00:00+05:00
2026-02-22 19:00:00+00:00,2026-02-22 12:00:00+00:00,2026-02-22 20:00:00+00:00,2,1,0.022806439092057,7a9f78e7185f367e,692038e56cd9730e417c,471fdba3226b998b69ce76e4f56ad000253966b277c4d23f368a9a98307ef63b,https://single-runs-api.open-meteo.com/v1/forecast,ecmwf_ifs,2026-02-22 19:00:00+00:00,43.643198,78.538828,43.620384,78.47891,2026-02-23 01:00:00+05:00
2026-02-22 19:00:00+00:00,2026-02-22 12:00:00+00:00,2026-02-22 21:00:00+00:00,1,2,0.0227093624301301,7a9f78e7185f367e,692038e56cd9730e417c,471fdba3226b998b69ce76e4f56ad000253966b277c4d23f368a9a98307ef63b,https://single-runs-api.open-meteo.com/v1/forecast,ecmwf_ifs,2026-02-22 19:00:00+00:00,43.64515,78.535604,43.620384,78.47891,2026-02-23 02:00:00+05:00
2026-02-22 19:00:00+00:00,2026-02-22 12:00:00+00:00,2026-02-22 21:00:00+00:00,2,2,0.0195943541152717,7a9f78e7185f367e,692038e56cd9730e417c,471fdba3226b998b69ce76e4f56ad000253966b277c4d23f368a9a98307ef63b,https://single-runs-api.open-meteo.com/v1/forecast,ecmwf_ifs,2026-02-22 19:00:00+00:00,43.643198,78.538828,43.620384,78.47891,2026-02-23 02:00:00+05:00
2026-02-22 19:00:00+00:00,2026-02-22 12:00:00+00:00,2026-02-22 22:00:00+00:00,1,3,0.0172501437250985,7a9f78e7185f367e,692038e56cd9730e417c,471fdba3226b998b69ce76e4f56ad000253966b277c4d23f368a9a98307ef63b,https://single-runs-api.open-meteo.com/v1/forecast,ecmwf_ifs,2026-02-22 19:00:00+00:00,43.64515,78.535604,43.620384,78.47891,2026-02-23 03:00:00+05:00
2026-02-22 19:00:00+00:00,2026-02-22 12:00:00+00:00,2026-02-22 22:00:00+00:00,2,3,0.0141279060491845,7a9f78e7185f367e,692038e56cd9730e417c,471fdba3226b998b69ce76e4f56ad000253966b277c4d23f368a9a98307ef63b,https://single-runs-api.open-meteo.com/v1/forecast,ecmwf_ifs,2026-02-22 19:00:00+00:00,43.643198,78.538828,43.620384,78.47891,2026-02-23 03:00:00+05:00
2026-02-22 19:00:00+00:00,2026-02-22 12:00:00+00:00,2026-02-22 23:00:00+00:00,1,4,0.0123901907839275,7a9f78e7185f367e,692038e56cd9730e417c,471fdba3226b998b69ce76e4f56ad000253966b277c4d23f368a9a98307ef63b,https://single-runs-api.open-meteo.com/v1/forecast,ecmwf_ifs,2026-02-22 19:00:00+00:00,43.64515,78.535604,43.620384,78.47891,2026-02-23 04:00:00+05:00
2026-02-22 19:00:00+00:00,2026-02-22 12:00:00+00:00,2026-02-22 23:00:00+00:00,2,4,0.0095624181940244,7a9f78e7185f367e,692038e56cd9730e417c,471fdba3226b998b69ce76e4f56ad000253966b277c4d23f368a9a98307ef63b,https://single-runs-api.open-meteo.com/v1/forecast,ecmwf_ifs,2026-02-22 19:00:00+00:00,43.643198,78.538828,43.620384,78.47891,2026-02-23 04:00:00+05:00
2026-02-22 19:00:00+00:00,2026-02-22 12:00:00+00:00,2026-02-23 00:00:00+00:00,1,5,0.0266811942207965,7a9f78e7185f367e,692038e56cd9730e417c,471fdba3226b998b69ce76e4f56ad000253966b277c4d23f368a9a98307ef63b,https://single-runs-api.open-meteo.com/v1/forecast,ecmwf_ifs,2026-02-22 19:00:00+00:00,43.64515,78.535604,43.620384,78.47891,2026-02-23 05:00:00+05:00
2026-02-22 19:00:00+00:00,2026-02-22 12:00:00+00:00,2026-02-23 00:00:00+00:00,2,5,0.0230459615884822,7a9f78e7185f367e,692038e56cd9730e417c,471fdba3226b998b69ce76e4f56ad000253966b277c4d23f368a9a98307ef63b,https://single-runs-api.open-meteo.com/v1/forecast,ecmwf_ifs,2026-02-22 19:00:00+00:00,43.643198,78.538828,43.620384,78.47891,2026-02-23 05:00:00+05:00
2026-02-22 19:00:00+00:00,2026-02-22 12:00:00+00:00,2026-02-23 01:00:00+00:00,1,6,0.1001287074872446,7a9f78e7185f367e,692038e56cd9730e417c,471fdba3226b998b69ce76e4f56ad000253966b277c4d23f368a9a98307ef63b,https://single-runs-api.open-meteo.com/v1/forecast,ecmwf_ifs,2026-02-22 19:00:00+00:00,43.64515,78.535604,43.620384,78.47891,2026-02-23 06:00:00+05:00
2026-02-22 19:00:00+00:00,2026-02-22 12:00:00+00:00,2026-02-23 01:00:00+00:00,2,6,0.0965127338434045,7a9f78e7185f367e,692038e56cd9730e417c,471fdba3226b998b69ce76e4f56ad000253966b277c4d23f368a9a98307ef63b,https://single-runs-api.open-meteo.com/v1/forecast,ecmwf_ifs,2026-02-22 19:00:00+00:00,43.643198,78.538828,43.620384,78.47891,2026-02-23 06:00:00+05:00
2026-02-22 19:00:00+00:00,2026-02-22 12:00:00+00:00,2026-02-23 02:00:00+00:00,1,7,0.1630151586880082,7a9f78e7185f367e,692038e56cd9730e417c,471fdba3226b998b69ce76e4f56ad000253966b277c4d23f368a9a98307ef63b,https://single-runs-api.open-meteo.com/v1/forecast,ecmwf_ifs,2026-02-22 19:00:00+00:00,43.64515,78.535604,43.620384,78.47891,2026-02-23 07:00:00+05:00
2026-02-22 19:00:00+00:00,2026-02-22 12:00:00+00:00,2026-02-23 02:00:00+00:00,2,7,0.159269913843871,7a9f78e7185f367e,692038e56cd9730e417c,471fdba3226b998b69ce76e4f56ad000253966b277c4d23f368a9a98307ef63b,https://single-runs-api.open-meteo.com/v1/forecast,ecmwf_ifs,2026-02-22 19:00:00+00:00,43.643198,78.538828,43.620384,78.47891,2026-02-23 07:00:00+05:00
2026-02-22 19:00:00+00:00,2026-02-22 12:00:00+00:00,2026-02-23 03:00:00+00:00,1,8,0.1540524452846898,7a9f78e7185f367e,692038e56cd9730e417c,471fdba3226b998b69ce76e4f56ad000253966b277c4d23f368a9a98307ef63b,https://single-runs-api.open-meteo.com/v1/forecast,ecmwf_ifs,2026-02-22 19:00:00+00:00,43.64515,78.535604,43.620384,78.47891,2026-02-23 08:00:00+05:00
2026-02-22 19:00:00+00:00,2026-02-22 12:00:00+00:00,2026-02-23 03:00:00+00:00,2,8,0.1512289001389525,7a9f78e7185f367e,692038e56cd9730e417c,471fdba3226b998b69ce76e4f56ad000253966b277c4d23f368a9a98307ef63b,https://single-runs-api.open-meteo.com/v1/forecast,ecmwf_ifs,2026-02-22 19:00:00+00:00,43.643198,78.538828,43.620384,78.47891,2026-02-23 08:00:00+05:00
2026-02-22 19:00:00+00:00,2026-02-22 12:00:00+00:00,2026-02-23 04:00:00+00:00,1,9,0.1924285989895975,7a9f78e7185f367e,692038e56cd9730e417c,471fdba3226b998b69ce76e4f56ad000253966b277c4d23f368a9a98307ef63b,https://single-runs-api.open-meteo.com/v1/forecast,ecmwf_ifs,2026-02-22 19:00:00+00:00,43.64515,78.535604,43.620384,78.47891,2026-02-23 09:00:00+05:00
2026-02-22 19:00:00+00:00,2026-02-22 12:00:00+00:00,2026-02-23 04:00:00+00:00,2,9,0.1893403387654367,7a9f78e7185f367e,692038e56cd9730e417c,471fdba3226b998b69ce76e4f56ad000253966b277c4d23f368a9a98307ef63b,https://single-runs-api.open-meteo.com/v1/forecast,ecmwf_ifs,2026-02-22 19:00:00+00:00,43.643198,78.538828,43.620384,78.47891,2026-02-23 09:00:00+05:00
2026-02-22 19:00:00+00:00,2026-02-22 12:00:00+00:00,2026-02-23 05:00:00+00:00,1,10,0.228802925032298,7a9f78e7185f367e,692038e56cd9730e417c,471fdba3226b998b69ce76e4f56ad000253966b277c4d23f368a9a98307ef63b,https://single-runs-api.open-meteo.com/v1/forecast,ecmwf_ifs,2026-02-22 19:00:00+00:00,43.64515,78.535604,43.620384,78.47891,2026-02-23 10:00:00+05:00
2026-02-22 19:00:00+00:00,2026-02-22 12:00:00+00:00,2026-02-23 05:00:00+00:00,2,10,0.2272874987218667,7a9f78e7185f367e,692038e56cd9730e417c,471fdba3226b998b69ce76e4f56ad000253966b277c4d23f368a9a98307ef63b,https://single-runs-api.open-meteo.com/v1/forecast,ecmwf_ifs,2026-02-22 19:00:00+00:00,43.643198,78.538828,43.620384,78.47891,2026-02-23 10:00:00+05:00
2026-02-22 19:00:00+00:00,2026-02-22 12:00:00+00:00,2026-02-23 06:00:00+00:00,1,11,0.2408257040150604,7a9f78e7185f367e,692038e56cd9730e417c,471fdba3226b998b69ce76e4f56ad000253966b277c4d23f368a9a98307ef63b,https://single-runs-api.open-meteo.com/v1/forecast,ecmwf_ifs,2026-02-22 19:00:00+00:00,43.64515,78.535604,43.620384,78.47891,2026-02-23 11:00:00+05:00
2026-02-22 19:00:00+00:00,2026-02-22 12:00:00+00:00,2026-02-23 06:00:00+00:00,2,11,0.2386886633217184,7a9f78e7185f367e,692038e56cd9730e417c,471fdba3226b998b69ce76e4f56ad000253966b277c4d23f368a9a98307ef63b,https://single-runs-api.open-meteo.com/v1/forecast,ecmwf_ifs,2026-02-22 19:00:00+00:00,43.643198,78.538828,43.620384,78.47891,2026-02-23 11:00:00+05:00
2026-02-22 19:00:00+00:00,2026-02-22 12:00:00+00:00,2026-02-23 07:00:00+00:00,1,12,0.2315113152739747,7a9f78e7185f367e,692038e56cd9730e417c,471fdba3226b998b69ce76e4f56ad000253966b277c4d23f368a9a98307ef63b,https://single-runs-api.open-meteo.com/v1/forecast,ecmwf_ifs,2026-02-22 19:00:00+00:00,43.64515,78.535604,43.620384,78.47891,2026-02-23 12:00:00+05:00
2026-02-22 19:00:00+00:00,2026-02-22 12:00:00+00:00,2026-02-23 07:00:00+00:00,2,12,0.2296632955455676,7a9f78e7185f367e,692038e56cd9730e417c,471fdba3226b998b69ce76e4f56ad000253966b277c4d23f368a9a98307ef63b,https://single-runs-api.open-meteo.com/v1/forecast,ecmwf_ifs,2026-02-22 19:00:00+00:00,43.643198,78.538828,43.620384,78.47891,2026-02-23 12:00:00+05:00
2026-02-22 19:00:00+00:00,2026-02-22 12:00:00+00:00,2026-02-23 08:00:00+00:00,1,13,0.2784662940818817,7a9f78e7185f367e,692038e56cd9730e417c,471fdba3226b998b69ce76e4f56ad000253966b277c4d23f368a9a98307ef63b,https://single-runs-api.open-meteo.com/v1/forecast,ecmwf_ifs,2026-02-22 19:00:00+00:00,43.64515,78.535604,43.620384,78.47891,2026-02-23 13:00:00+05:00
2026-02-22 19:00:00+00:00,2026-02-22 12:00:00+00:00,2026-02-23 08:00:00+00:00,2,13,0.2769506346323114,7a9f78e7185f367e,692038e56cd9730e417c,471fdba3226b998b69ce76e4f56ad000253966b277c4d23f368a9a98307ef63b,https://single-runs-api.open-meteo.com/v1/forecast,ecmwf_ifs,2026-02-22 19:00:00+00:00,43.643198,78.538828,43.620384,78.47891,2026-02-23 13:00:00+05:00
2026-02-22 19:00:00+00:00,2026-02-22 12:00:00+00:00,2026-02-23 09:00:00+00:00,1,14,0.3064267117830286,7a9f78e7185f367e,692038e56cd9730e417c,471fdba3226b998b69ce76e4f56ad000253966b277c4d23f368a9a98307ef63b,https://single-runs-api.open-meteo.com/v1/forecast,ecmwf_ifs,2026-02-22 19:00:00+00:00,43.64515,78.535604,43.620384,78.47891,2026-02-23 14:00:00+05:00
2026-02-22 19:00:00+00:00,2026-02-22 12:00:00+00:00,2026-02-23 09:00:00+00:00,2,14,0.30533504802744,7a9f78e7185f367e,692038e56cd9730e417c,471fdba3226b998b69ce76e4f56ad000253966b277c4d23f368a9a98307ef63b,https://single-runs-api.open-meteo.com/v1/forecast,ecmwf_ifs,2026-02-22 19:00:00+00:00,43.643198,78.538828,43.620384,78.47891,2026-02-23 14:00:00+05:00
2026-02-22 19:00:00+00:00,2026-02-22 12:00:00+00:00,2026-02-23 10:00:00+00:00,1,15,0.3930718477858444,7a9f78e7185f367e,692038e56cd9730e417c,471fdba3226b998b69ce76e4f56ad000253966b277c4d23f368a9a98307ef63b,https://single-runs-api.open-meteo.com/v1/forecast,ecmwf_ifs,2026-02-22 19:00:00+00:00,43.64515,78.535604,43.620384,78.47891,2026-02-23 15:00:00+05:00
2026-02-22 19:00:00+00:00,2026-02-22 12:00:00+00:00,2026-02-23 10:00:00+00:00,2,15,0.3918845390311555,7a9f78e7185f367e,692038e56cd9730e417c,471fdba3226b998b69ce76e4f56ad000253966b277c4d23f368a9a98307ef63b,https://single-runs-api.open-meteo.com/v1/forecast,ecmwf_ifs,2026-02-22 19:00:00+00:00,43.643198,78.538828,43.620384,78.47891,2026-02-23 15:00:00+05:00
2026-02-22 19:00:00+00:00,2026-02-22 12:00:00+00:00,2026-02-23 11:00:00+00:00,1,16,0.6060393353726679,7a9f78e7185f367e,692038e56cd9730e417c,471fdba3226b998b69ce76e4f56ad000253966b277c4d23f368a9a98307ef63b,https://single-runs-api.open-meteo.com/v1/forecast,ecmwf_ifs,2026-02-22 19:00:00+00:00,43.64515,78.535604,43.620384,78.47891,2026-02-23 16:00:00+05:00
2026-02-22 19:00:00+00:00,2026-02-22 12:00:00+00:00,2026-02-23 11:00:00+00:00,2,16,0.6042296879606524,7a9f78e7185f367e,692038e56cd9730e417c,471fdba3226b998b69ce76e4f56ad000253966b277c4d23f368a9a98307ef63b,https://single-runs-api.open-meteo.com/v1/forecast,ecmwf_ifs,2026-02-22 19:00:00+00:00,43.643198,78.538828,43.620384,78.47891,2026-02-23 16:00:00+05:00
2026-02-22 19:00:00+00:00,2026-02-22 12:00:00+00:00,2026-02-23 12:00:00+00:00,1,17,0.7048258310115083,7a9f78e7185f367e,692038e56cd9730e417c,471fdba3226b998b69ce76e4f56ad000253966b277c4d23f368a9a98307ef63b,https://single-runs-api.open-meteo.com/v1/forecast,ecmwf_ifs,2026-02-22 19:00:00+00:00,43.64515,78.535604,43.620384,78.47891,2026-02-23 17:00:00+05:00
2026-02-22 19:00:00+00:00,2026-02-22 12:00:00+00:00,2026-02-23 12:00:00+00:00,2,17,0.7020331773512114,7a9f78e7185f367e,692038e56cd9730e417c,471fdba3226b998b69ce76e4f56ad000253966b277c4d23f368a9a98307ef63b,https://single-runs-api.open-meteo.com/v1/forecast,ecmwf_ifs,2026-02-22 19:00:00+00:00,43.643198,78.538828,43.620384,78.47891,2026-02-23 17:00:00+05:00
2026-02-22 19:00:00+00:00,2026-02-22 12:00:00+00:00,2026-02-23 13:00:00+00:00,1,18,0.8524192503871915,7a9f78e7185f367e,692038e56cd9730e417c,471fdba3226b998b69ce76e4f56ad000253966b277c4d23f368a9a98307ef63b,https://single-runs-api.open-meteo.com/v1/forecast,ecmwf_ifs,2026-02-22 19:00:00+00:00,43.64515,78.535604,43.620384,78.47891,2026-02-23 18:00:00+05:00
2026-02-22 19:00:00+00:00,2026-02-22 12:00:00+00:00,2026-02-23 13:00:00+00:00,2,18,0.8477122022595892,7a9f78e7185f367e,692038e56cd9730e417c,471fdba3226b998b69ce76e4f56ad000253966b277c4d23f368a9a98307ef63b,https://single-runs-api.open-meteo.com/v1/forecast,ecmwf_ifs,2026-02-22 19:00:00+00:00,43.643198,78.538828,43.620384,78.47891,2026-02-23 18:00:00+05:00
2026-02-22 19:00:00+00:00,2026-02-22 12:00:00+00:00,2026-02-23 14:00:00+00:00,1,19,0.9295819076626406,7a9f78e7185f367e,692038e56cd9730e417c,471fdba3226b998b69ce76e4f56ad000253966b277c4d23f368a9a98307ef63b,https://single-runs-api.open-meteo.com/v1/forecast,ecmwf_ifs,2026-02-22 19:00:00+00:00,43.64515,78.535604,43.620384,78.47891,2026-02-23 19:00:00+05:00
2026-02-22 19:00:00+00:00,2026-02-22 12:00:00+00:00,2026-02-23 14:00:00+00:00,2,19,0.922133320418948,7a9f78e7185f367e,692038e56cd9730e417c,471fdba3226b998b69ce76e4f56ad000253966b277c4d23f368a9a98307ef63b,https://single-runs-api.open-meteo.com/v1/forecast,ecmwf_ifs,2026-02-22 19:00:00+00:00,43.643198,78.538828,43.620384,78.47891,2026-02-23 19:00:00+05:00
2026-02-22 19:00:00+00:00,2026-02-22 12:00:00+00:00,2026-02-23 15:00:00+00:00,1,20,0.9595210599327808,7a9f78e7185f367e,692038e56cd9730e417c,471fdba3226b998b69ce76e4f56ad000253966b277c4d23f368a9a98307ef63b,https://single-runs-api.open-meteo.com/v1/forecast,ecmwf_ifs,2026-02-22 19:00:00+00:00,43.64515,78.535604,43.620384,78.47891,2026-02-23 20:00:00+05:00
2026-02-22 19:00:00+00:00,2026-02-22 12:00:00+00:00,2026-02-23 15:00:00+00:00,2,20,0.9513105742621611,7a9f78e7185f367e,692038e56cd9730e417c,471fdba3226b998b69ce76e4f56ad000253966b277c4d23f368a9a98307ef63b,https://single-runs-api.open-meteo.com/v1/forecast,ecmwf_ifs,2026-02-22 19:00:00+00:00,43.643198,78.538828,43.620384,78.47891,2026-02-23 20:00:00+05:00
2026-02-22 19:00:00+00:00,2026-02-22 12:00:00+00:00,2026-02-23 16:00:00+00:00,1,21,0.9666143276986802,7a9f78e7185f367e,692038e56cd9730e417c,471fdba3226b998b69ce76e4f56ad000253966b277c4d23f368a9a98307ef63b,https://single-runs-api.open-meteo.com/v1/forecast,ecmwf_ifs,2026-02-22 19:00:00+00:00,43.64515,78.535604,43.620384,78.47891,2026-02-23 21:00:00+05:00
2026-02-22 19:00:00+00:00,2026-02-22 12:00:00+00:00,2026-02-23 16:00:00+00:00,2,21,0.957317391253297,7a9f78e7185f367e,692038e56cd9730e417c,471fdba3226b998b69ce76e4f56ad000253966b277c4d23f368a9a98307ef63b,https://single-runs-api.open-meteo.com/v1/forecast,ecmwf_ifs,2026-02-22 19:00:00+00:00,43.643198,78.538828,43.620384,78.47891,2026-02-23 21:00:00+05:00
2026-02-22 19:00:00+00:00,2026-02-22 12:00:00+00:00,2026-02-23 17:00:00+00:00,1,22,0.9798216959343296,7a9f78e7185f367e,692038e56cd9730e417c,471fdba3226b998b69ce76e4f56ad000253966b277c4d23f368a9a98307ef63b,https://single-runs-api.open-meteo.com/v1/forecast,ecmwf_ifs,2026-02-22 19:00:00+00:00,43.64515,78.535604,43.620384,78.47891,2026-02-23 22:00:00+05:00
2026-02-22 19:00:00+00:00,2026-02-22 12:00:00+00:00,2026-02-23 17:00:00+00:00,2,22,0.968576465098594,7a9f78e7185f367e,692038e56cd9730e417c,471fdba3226b998b69ce76e4f56ad000253966b277c4d23f368a9a98307ef63b,https://single-runs-api.open-meteo.com/v1/forecast,ecmwf_ifs,2026-02-22 19:00:00+00:00,43.643198,78.538828,43.620384,78.47891,2026-02-23 22:00:00+05:00
2026-02-22 19:00:00+00:00,2026-02-22 12:00:00+00:00,2026-02-23 18:00:00+00:00,1,23,0.9756287275383004,7a9f78e7185f367e,692038e56cd9730e417c,471fdba3226b998b69ce76e4f56ad000253966b277c4d23f368a9a98307ef63b,https://single-runs-api.open-meteo.com/v1/forecast,ecmwf_ifs,2026-02-22 19:00:00+00:00,43.64515,78.535604,43.620384,78.47891,2026-02-23 23:00:00+05:00
2026-02-22 19:00:00+00:00,2026-02-22 12:00:00+00:00,2026-02-23 18:00:00+00:00,2,23,0.9645964487453912,7a9f78e7185f367e,692038e56cd9730e417c,471fdba3226b998b69ce76e4f56ad000253966b277c4d23f368a9a98307ef63b,https://single-runs-api.open-meteo.com/v1/forecast,ecmwf_ifs,2026-02-22 19:00:00+00:00,43.643198,78.538828,43.620384,78.47891,2026-02-23 23:00:00+05:00
2026-02-22 19:00:00+00:00,2026-02-22 12:00:00+00:00,2026-02-23 19:00:00+00:00,1,24,0.9581834337355398,7a9f78e7185f367e,692038e56cd9730e417c,471fdba3226b998b69ce76e4f56ad000253966b277c4d23f368a9a98307ef63b,https://single-runs-api.open-meteo.com/v1/forecast,ecmwf_ifs,2026-02-22 19:00:00+00:00,43.64515,78.535604,43.620384,78.47891,2026-02-24 00:00:00+05:00
2026-02-22 19:00:00+00:00,2026-02-22 12:00:00+00:00,2026-02-23 19:00:00+00:00,2,24,0.9491366675243752,7a9f78e7185f367e,692038e56cd9730e417c,471fdba3226b998b69ce76e4f56ad000253966b277c4d23f368a9a98307ef63b,https://single-runs-api.open-meteo.com/v1/forecast,ecmwf_ifs,2026-02-22 19:00:00+00:00,43.643198,78.538828,43.620384,78.47891,2026-02-24 00:00:00+05:00
2026-02-23 19:00:00+00:00,2026-02-23 12:00:00+00:00,2026-02-23 20:00:00+00:00,1,1,0.8889066799892561,7a9f78e7185f367e,8090714f5353c3415bfd,12448ab264f3b403b2355a4cc2610dce56cc7a61df2d35a2c68149afc47cf7f6,https://single-runs-api.open-meteo.com/v1/forecast,ecmwf_ifs,2026-02-23 19:00:00+00:00,43.64515,78.535604,43.620384,78.47891,2026-02-24 01:00:00+05:00
2026-02-23 19:00:00+00:00,2026-02-23 12:00:00+00:00,2026-02-23 20:00:00+00:00,2,1,0.8860476168730849,7a9f78e7185f367e,8090714f5353c3415bfd,12448ab264f3b403b2355a4cc2610dce56cc7a61df2d35a2c68149afc47cf7f6,https://single-runs-api.open-meteo.com/v1/forecast,ecmwf_ifs,2026-02-23 19:00:00+00:00,43.643198,78.538828,43.620384,78.47891,2026-02-24 01:00:00+05:00
2026-02-23 19:00:00+00:00,2026-02-23 12:00:00+00:00,2026-02-23 21:00:00+00:00,1,2,0.8077979099087454,7a9f78e7185f367e,8090714f5353c3415bfd,12448ab264f3b403b2355a4cc2610dce56cc7a61df2d35a2c68149afc47cf7f6,https://single-runs-api.open-meteo.com/v1/forecast,ecmwf_ifs,2026-02-23 19:00:00+00:00,43.64515,78.535604,43.620384,78.47891,2026-02-24 02:00:00+05:00
2026-02-23 19:00:00+00:00,2026-02-23 12:00:00+00:00,2026-02-23 21:00:00+00:00,2,2,0.8044809849095795,7a9f78e7185f367e,8090714f5353c3415bfd,12448ab264f3b403b2355a4cc2610dce56cc7a61df2d35a2c68149afc47cf7f6,https://single-runs-api.open-meteo.com/v1/forecast,ecmwf_ifs,2026-02-23 19:00:00+00:00,43.643198,78.538828,43.620384,78.47891,2026-02-24 02:00:00+05:00
2026-02-23 19:00:00+00:00,2026-02-23 12:00:00+00:00,2026-02-23 22:00:00+00:00,1,3,0.7441792524338483,7a9f78e7185f367e,8090714f5353c3415bfd,12448ab264f3b403b2355a4cc2610dce56cc7a61df2d35a2c68149afc47cf7f6,https://single-runs-api.open-meteo.com/v1/forecast,ecmwf_ifs,2026-02-23 19:00:00+00:00,43.64515,78.535604,43.620384,78.47891,2026-02-24 03:00:00+05:00
2026-02-23 19:00:00+00:00,2026-02-23 12:00:00+00:00,2026-02-23 22:00:00+00:00,2,3,0.7414780801461993,7a9f78e7185f367e,8090714f5353c3415bfd,12448ab264f3b403b2355a4cc2610dce56cc7a61df2d35a2c68149afc47cf7f6,https://single-runs-api.open-meteo.com/v1/forecast,ecmwf_ifs,2026-02-23 19:00:00+00:00,43.643198,78.538828,43.620384,78.47891,2026-02-24 03:00:00+05:00
2026-02-23 19:00:00+00:00,2026-02-23 12:00:00+00:00,2026-02-23 23:00:00+00:00,1,4,0.8314077783687199,7a9f78e7185f367e,8090714f5353c3415bfd,12448ab264f3b403b2355a4cc2610dce56cc7a61df2d35a2c68149afc47cf7f6,https://single-runs-api.open-meteo.com/v1/forecast,ecmwf_ifs,2026-02-23 19:00:00+00:00,43.64515,78.535604,43.620384,78.47891,2026-02-24 04:00:00+05:00
2026-02-23 19:00:00+00:00,2026-02-23 12:00:00+00:00,2026-02-23 23:00:00+00:00,2,4,0.8270769839054378,7a9f78e7185f367e,8090714f5353c3415bfd,12448ab264f3b403b2355a4cc2610dce56cc7a61df2d35a2c68149afc47cf7f6,https://single-runs-api.open-meteo.com/v1/forecast,ecmwf_ifs,2026-02-23 19:00:00+00:00,43.643198,78.538828,43.620384,78.47891,2026-02-24 04:00:00+05:00
2026-02-23 19:00:00+00:00,2026-02-23 12:00:00+00:00,2026-02-24 00:00:00+00:00,1,5,0.7781787697202299,7a9f78e7185f367e,8090714f5353c3415bfd,12448ab264f3b403b2355a4cc2610dce56cc7a61df2d35a2c68149afc47cf7f6,https://single-runs-api.open-meteo.com/v1/forecast,ecmwf_ifs,2026-02-23 19:00:00+00:00,43.64515,78.535604,43.620384,78.47891,2026-02-24 05:00:00+05:00
2026-02-23 19:00:00+00:00,2026-02-23 12:00:00+00:00,2026-02-24 00:00:00+00:00,2,5,0.7745783378334992,7a9f78e7185f367e,8090714f5353c3415bfd,12448ab264f3b403b2355a4cc2610dce56cc7a61df2d35a2c68149afc47cf7f6,https://single-runs-api.open-meteo.com/v1/forecast,ecmwf_ifs,2026-02-23 19:00:00+00:00,43.643198,78.538828,43.620384,78.47891,2026-02-24 05:00:00+05:00
2026-02-23 19:00:00+00:00,2026-02-23 12:00:00+00:00,2026-02-24 01:00:00+00:00,1,6,0.7347048081570311,7a9f78e7185f367e,8090714f5353c3415bfd,12448ab264f3b403b2355a4cc2610dce56cc7a61df2d35a2c68149afc47cf7f6,https://single-runs-api.open-meteo.com/v1/forecast,ecmwf_ifs,2026-02-23 19:00:00+00:00,43.64515,78.535604,43.620384,78.47891,2026-02-24 06:00:00+05:00
2026-02-23 19:00:00+00:00,2026-02-23 12:00:00+00:00,2026-02-24 01:00:00+00:00,2,6,0.730504376855916,7a9f78e7185f367e,8090714f5353c3415bfd,12448ab264f3b403b2355a4cc2610dce56cc7a61df2d35a2c68149afc47cf7f6,https://single-runs-api.open-meteo.com/v1/forecast,ecmwf_ifs,2026-02-23 19:00:00+00:00,43.643198,78.538828,43.620384,78.47891,2026-02-24 06:00:00+05:00
2026-02-23 19:00:00+00:00,2026-02-23 12:00:00+00:00,2026-02-24 02:00:00+00:00,1,7,0.6940878161505051,7a9f78e7185f367e,8090714f5353c3415bfd,12448ab264f3b403b2355a4cc2610dce56cc7a61df2d35a2c68149afc47cf7f6,https://single-runs-api.open-meteo.com/v1/forecast,ecmwf_ifs,2026-02-23 19:00:00+00:00,43.64515,78.535604,43.620384,78.47891,2026-02-24 07:00:00+05:00
2026-02-23 19:00:00+00:00,2026-02-23 12:00:00+00:00,2026-02-24 02:00:00+00:00,2,7,0.6898986893531427,7a9f78e7185f367e,8090714f5353c3415bfd,12448ab264f3b403b2355a4cc2610dce56cc7a61df2d35a2c68149afc47cf7f6,https://single-runs-api.open-meteo.com/v1/forecast,ecmwf_ifs,2026-02-23 19:00:00+00:00,43.643198,78.538828,43.620384,78.47891,2026-02-24 07:00:00+05:00
2026-02-23 19:00:00+00:00,2026-02-23 12:00:00+00:00,2026-02-24 03:00:00+00:00,1,8,0.6309070658090251,7a9f78e7185f367e,8090714f5353c3415bfd,12448ab264f3b403b2355a4cc2610dce56cc7a61df2d35a2c68149afc47cf7f6,https://single-runs-api.open-meteo.com/v1/forecast,ecmwf_ifs,2026-02-23 19:00:00+00:00,43.64515,78.535604,43.620384,78.47891,2026-02-24 08:00:00+05:00
2026-02-23 19:00:00+00:00,2026-02-23 12:00:00+00:00,2026-02-24 03:00:00+00:00,2,8,0.6276948896955981,7a9f78e7185f367e,8090714f5353c3415bfd,12448ab264f3b403b2355a4cc2610dce56cc7a61df2d35a2c68149afc47cf7f6,https://single-runs-api.open-meteo.com/v1/forecast,ecmwf_ifs,2026-02-23 19:00:00+00:00,43.643198,78.538828,43.620384,78.47891,2026-02-24 08:00:00+05:00
2026-02-23 19:00:00+00:00,2026-02-23 12:00:00+00:00,2026-02-24 04:00:00+00:00,1,9,0.6066421148496164,7a9f78e7185f367e,8090714f5353c3415bfd,12448ab264f3b403b2355a4cc2610dce56cc7a61df2d35a2c68149afc47cf7f6,https://single-runs-api.open-meteo.com/v1/forecast,ecmwf_ifs,2026-02-23 19:00:00+00:00,43.64515,78.535604,43.620384,78.47891,2026-02-24 09:00:00+05:00
2026-02-23 19:00:00+00:00,2026-02-23 12:00:00+00:00,2026-02-24 04:00:00+00:00,2,9,0.6037758930757418,7a9f78e7185f367e,8090714f5353c3415bfd,12448ab264f3b403b2355a4cc2610dce56cc7a61df2d35a2c68149afc47cf7f6,https://single-runs-api.open-meteo.com/v1/forecast,ecmwf_ifs,2026-02-23 19:00:00+00:00,43.643198,78.538828,43.620384,78.47891,2026-02-24 09:00:00+05:00
2026-02-23 19:00:00+00:00,2026-02-23 12:00:00+00:00,2026-02-24 05:00:00+00:00,1,10,0.5291212163432921,7a9f78e7185f367e,8090714f5353c3415bfd,12448ab264f3b403b2355a4cc2610dce56cc7a61df2d35a2c68149afc47cf7f6,https://single-runs-api.open-meteo.com/v1/forecast,ecmwf_ifs,2026-02-23 19:00:00+00:00,43.64515,78.535604,43.620384,78.47891,2026-02-24 10:00:00+05:00
2026-02-23 19:00:00+00:00,2026-02-23 12:00:00+00:00,2026-02-24 05:00:00+00:00,2,10,0.5256659186343564,7a9f78e7185f367e,8090714f5353c3415bfd,12448ab264f3b403b2355a4cc2610dce56cc7a61df2d35a2c68149afc47cf7f6,https://single-runs-api.open-meteo.com/v1/forecast,ecmwf_ifs,2026-02-23 19:00:00+00:00,43.643198,78.538828,43.620384,78.47891,2026-02-24 10:00:00+05:00
2026-02-23 19:00:00+00:00,2026-02-23 12:00:00+00:00,2026-02-24 06:00:00+00:00,1,11,0.4330606150363519,7a9f78e7185f367e,8090714f5353c3415bfd,12448ab264f3b403b2355a4cc2610dce56cc7a61df2d35a2c68149afc47cf7f6,https://single-runs-api.open-meteo.com/v1/forecast,ecmwf_ifs,2026-02-23 19:00:00+00:00,43.64515,78.535604,43.620384,78.47891,2026-02-24 11:00:00+05:00
2026-02-23 19:00:00+00:00,2026-02-23 12:00:00+00:00,2026-02-24 06:00:00+00:00,2,11,0.4299896112525748,7a9f78e7185f367e,8090714f5353c3415bfd,12448ab264f3b403b2355a4cc2610dce56cc7a61df2d35a2c68149afc47cf7f6,https://single-runs-api.open-meteo.com/v1/forecast,ecmwf_ifs,2026-02-23 19:00:00+00:00,43.643198,78.538828,43.620384,78.47891,2026-02-24 11:00:00+05:00
2026-02-23 19:00:00+00:00,2026-02-23 12:00:00+00:00,2026-02-24 07:00:00+00:00,1,12,0.3759596872951876,7a9f78e7185f367e,8090714f5353c3415bfd,12448ab264f3b403b2355a4cc2610dce56cc7a61df2d35a2c68149afc47cf7f6,https://single-runs-api.open-meteo.com/v1/forecast,ecmwf_ifs,2026-02-23 19:00:00+00:00,43.64515,78.535604,43.620384,78.47891,2026-02-24 12:00:00+05:00
2026-02-23 19:00:00+00:00,2026-02-23 12:00:00+00:00,2026-02-24 07:00:00+00:00,2,12,0.3733799195994722,7a9f78e7185f367e,8090714f5353c3415bfd,12448ab264f3b403b2355a4cc2610dce56cc7a61df2d35a2c68149afc47cf7f6,https://single-runs-api.open-meteo.com/v1/forecast,ecmwf_ifs,2026-02-23 19:00:00+00:00,43.643198,78.538828,43.620384,78.47891,2026-02-24 12:00:00+05:00
2026-02-23 19:00:00+00:00,2026-02-23 12:00:00+00:00,2026-02-24 08:00:00+00:00,1,13,0.343234853318325,7a9f78e7185f367e,8090714f5353c3415bfd,12448ab264f3b403b2355a4cc2610dce56cc7a61df2d35a2c68149afc47cf7f6,https://single-runs-api.open-meteo.com/v1/forecast,ecmwf_ifs,2026-02-23 19:00:00+00:00,43.64515,78.535604,43.620384,78.47891,2026-02-24 13:00:00+05:00
2026-02-23 19:00:00+00:00,2026-02-23 12:00:00+00:00,2026-02-24 08:00:00+00:00,2,13,0.3405128006424867,7a9f78e7185f367e,8090714f5353c3415bfd,12448ab264f3b403b2355a4cc2610dce56cc7a61df2d35a2c68149afc47cf7f6,https://single-runs-api.open-meteo.com/v1/forecast,ecmwf_ifs,2026-02-23 19:00:00+00:00,43.643198,78.538828,43.620384,78.47891,2026-02-24 13:00:00+05:00
2026-02-23 19:00:00+00:00,2026-02-23 12:00:00+00:00,2026-02-24 09:00:00+00:00,1,14,0.3014654689181884,7a9f78e7185f367e,8090714f5353c3415bfd,12448ab264f3b403b2355a4cc2610dce56cc7a61df2d35a2c68149afc47cf7f6,https://single-runs-api.open-meteo.com/v1/forecast,ecmwf_ifs,2026-02-23 19:00:00+00:00,43.64515,78.535604,43.620384,78.47891,2026-02-24 14:00:00+05:00
2026-02-23 19:00:00+00:00,2026-02-23 12:00:00+00:00,2026-02-24 09:00:00+00:00,2,14,0.2991567782770206,7a9f78e7185f367e,8090714f5353c3415bfd,12448ab264f3b403b2355a4cc2610dce56cc7a61df2d35a2c68149afc47cf7f6,https://single-runs-api.open-meteo.com/v1/forecast,ecmwf_ifs,2026-02-23 19:00:00+00:00,43.643198,78.538828,43.620384,78.47891,2026-02-24 14:00:00+05:00
2026-02-23 19:00:00+00:00,2026-02-23 12:00:00+00:00,2026-02-24 10:00:00+00:00,1,15,0.2183832714906389,7a9f78e7185f367e,8090714f5353c3415bfd,12448ab264f3b403b2355a4cc2610dce56cc7a61df2d35a2c68149afc47cf7f6,https://single-runs-api.open-meteo.com/v1/forecast,ecmwf_ifs,2026-02-23 19:00:00+00:00,43.64515,78.535604,43.620384,78.47891,2026-02-24 15:00:00+05:00
2026-02-23 19:00:00+00:00,2026-02-23 12:00:00+00:00,2026-02-24 10:00:00+00:00,2,15,0.2160380917319304,7a9f78e7185f367e,8090714f5353c3415bfd,12448ab264f3b403b2355a4cc2610dce56cc7a61df2d35a2c68149afc47cf7f6,https://single-runs-api.open-meteo.com/v1/forecast,ecmwf_ifs,2026-02-23 19:00:00+00:00,43.643198,78.538828,43.620384,78.47891,2026-02-24 15:00:00+05:00
2026-02-23 19:00:00+00:00,2026-02-23 12:00:00+00:00,2026-02-24 11:00:00+00:00,1,16,0.2245681164923023,7a9f78e7185f367e,8090714f5353c3415bfd,12448ab264f3b403b2355a4cc2610dce56cc7a61df2d35a2c68149afc47cf7f6,https://single-runs-api.open-meteo.com/v1/forecast,ecmwf_ifs,2026-02-23 19:00:00+00:00,43.64515,78.535604,43.620384,78.47891,2026-02-24 16:00:00+05:00
2026-02-23 19:00:00+00:00,2026-02-23 12:00:00+00:00,2026-02-24 11:00:00+00:00,2,16,0.2223144613853834,7a9f78e7185f367e,8090714f5353c3415bfd,12448ab264f3b403b2355a4cc2610dce56cc7a61df2d35a2c68149afc47cf7f6,https://single-runs-api.open-meteo.com/v1/forecast,ecmwf_ifs,2026-02-23 19:00:00+00:00,43.643198,78.538828,43.620384,78.47891,2026-02-24 16:00:00+05:00
2026-02-23 19:00:00+00:00,2026-02-23 12:00:00+00:00,2026-02-24 12:00:00+00:00,1,17,0.1830213176922742,7a9f78e7185f367e,8090714f5353c3415bfd,12448ab264f3b403b2355a4cc2610dce56cc7a61df2d35a2c68149afc47cf7f6,https://single-runs-api.open-meteo.com/v1/forecast,ecmwf_ifs,2026-02-23 19:00:00+00:00,43.64515,78.535604,43.620384,78.47891,2026-02-24 17:00:00+05:00
2026-02-23 19:00:00+00:00,2026-02-23 12:00:00+00:00,2026-02-24 12:00:00+00:00,2,17,0.1806338460484907,7a9f78e7185f367e,8090714f5353c3415bfd,12448ab264f3b403b2355a4cc2610dce56cc7a61df2d35a2c68149afc47cf7f6,https://single-runs-api.open-meteo.com/v1/forecast,ecmwf_ifs,2026-02-23 19:00:00+00:00,43.643198,78.538828,43.620384,78.47891,2026-02-24 17:00:00+05:00
2026-02-23 19:00:00+00:00,2026-02-23 12:00:00+00:00,2026-02-24 13:00:00+00:00,1,18,0.1312364756569174,7a9f78e7185f367e,8090714f5353c3415bfd,12448ab264f3b403b2355a4cc2610dce56cc7a61df2d35a2c68149afc47cf7f6,https://single-runs-api.open-meteo.com/v1/forecast,ecmwf_ifs,2026-02-23 19:00:00+00:00,43.64515,78.535604,43.620384,78.47891,2026-02-24 18:00:00+05:00
2026-02-23 19:00:00+00:00,2026-02-23 12:00:00+00:00,2026-02-24 13:00:00+00:00,2,18,0.1278222878206631,7a9f78e7185f367e,8090714f5353c3415bfd,12448ab264f3b403b2355a4cc2610dce56cc7a61df2d35a2c68149afc47cf7f6,https://single-runs-api.open-meteo.com/v1/forecast,ecmwf_ifs,2026-02-23 19:00:00+00:00,43.643198,78.538828,43.620384,78.47891,2026-02-24 18:00:00+05:00
2026-02-23 19:00:00+00:00,2026-02-23 12:00:00+00:00,2026-02-24 14:00:00+00:00,1,19,0.0862530677759014,7a9f78e7185f367e,8090714f5353c3415bfd,12448ab264f3b403b2355a4cc2610dce56cc7a61df2d35a2c68149afc47cf7f6,https://single-runs-api.open-meteo.com/v1/forecast,ecmwf_ifs,2026-02-23 19:00:00+00:00,43.64515,78.535604,43.620384,78.47891,2026-02-24 19:00:00+05:00
2026-02-23 19:00:00+00:00,2026-02-23 12:00:00+00:00,2026-02-24 14:00:00+00:00,2,19,0.0828388799396472,7a9f78e7185f367e,8090714f5353c3415bfd,12448ab264f3b403b2355a4cc2610dce56cc7a61df2d35a2c68149afc47cf7f6,https://single-runs-api.open-meteo.com/v1/forecast,ecmwf_ifs,2026-02-23 19:00:00+00:00,43.643198,78.538828,43.620384,78.47891,2026-02-24 19:00:00+05:00
2026-02-23 19:00:00+00:00,2026-02-23 12:00:00+00:00,2026-02-24 15:00:00+00:00,1,20,0.0717253860877711,7a9f78e7185f367e,8090714f5353c3415bfd,12448ab264f3b403b2355a4cc2610dce56cc7a61df2d35a2c68149afc47cf7f6,https://single-runs-api.open-meteo.com/v1/forecast,ecmwf_ifs,2026-02-23 19:00:00+00:00,43.64515,78.535604,43.620384,78.47891,2026-02-24 20:00:00+05:00
2026-02-23 19:00:00+00:00,2026-02-23 12:00:00+00:00,2026-02-24 15:00:00+00:00,2,20,0.0685133629947505,7a9f78e7185f367e,8090714f5353c3415bfd,12448ab264f3b403b2355a4cc2610dce56cc7a61df2d35a2c68149afc47cf7f6,https://single-runs-api.open-meteo.com/v1/forecast,ecmwf_ifs,2026-02-23 19:00:00+00:00,43.643198,78.538828,43.620384,78.47891,2026-02-24 20:00:00+05:00
2026-02-23 19:00:00+00:00,2026-02-23 12:00:00+00:00,2026-02-24 16:00:00+00:00,1,21,0.0391482224440606,7a9f78e7185f367e,8090714f5353c3415bfd,12448ab264f3b403b2355a4cc2610dce56cc7a61df2d35a2c68149afc47cf7f6,https://single-runs-api.open-meteo.com/v1/forecast,ecmwf_ifs,2026-02-23 19:00:00+00:00,43.64515,78.535604,43.620384,78.47891,2026-02-24 21:00:00+05:00
2026-02-23 19:00:00+00:00,2026-02-23 12:00:00+00:00,2026-02-24 16:00:00+00:00,2,21,0.035946483014679,7a9f78e7185f367e,8090714f5353c3415bfd,12448ab264f3b403b2355a4cc2610dce56cc7a61df2d35a2c68149afc47cf7f6,https://single-runs-api.open-meteo.com/v1/forecast,ecmwf_ifs,2026-02-23 19:00:00+00:00,43.643198,78.538828,43.620384,78.47891,2026-02-24 21:00:00+05:00
2026-02-23 19:00:00+00:00,2026-02-23 12:00:00+00:00,2026-02-24 17:00:00+00:00,1,22,0.0217605963755743,7a9f78e7185f367e,8090714f5353c3415bfd,12448ab264f3b403b2355a4cc2610dce56cc7a61df2d35a2c68149afc47cf7f6,https://single-runs-api.open-meteo.com/v1/forecast,ecmwf_ifs,2026-02-23 19:00:00+00:00,43.64515,78.535604,43.620384,78.47891,2026-02-24 22:00:00+05:00
2026-02-23 19:00:00+00:00,2026-02-23 12:00:00+00:00,2026-02-24 17:00:00+00:00,2,22,0.0188616496949624,7a9f78e7185f367e,8090714f5353c3415bfd,12448ab264f3b403b2355a4cc2610dce56cc7a61df2d35a2c68149afc47cf7f6,https://single-runs-api.open-meteo.com/v1/forecast,ecmwf_ifs,2026-02-23 19:00:00+00:00,43.643198,78.538828,43.620384,78.47891,2026-02-24 22:00:00+05:00
2026-02-23 19:00:00+00:00,2026-02-23 12:00:00+00:00,2026-02-24 18:00:00+00:00,1,23,0.0108665870314286,7a9f78e7185f367e,8090714f5353c3415bfd,12448ab264f3b403b2355a4cc2610dce56cc7a61df2d35a2c68149afc47cf7f6,https://single-runs-api.open-meteo.com/v1/forecast,ecmwf_ifs,2026-02-23 19:00:00+00:00,43.64515,78.535604,43.620384,78.47891,2026-02-24 23:00:00+05:00
2026-02-23 19:00:00+00:00,2026-02-23 12:00:00+00:00,2026-02-24 18:00:00+00:00,2,23,0.0078906318686066,7a9f78e7185f367e,8090714f5353c3415bfd,12448ab264f3b403b2355a4cc2610dce56cc7a61df2d35a2c68149afc47cf7f6,https://single-runs-api.open-meteo.com/v1/forecast,ecmwf_ifs,2026-02-23 19:00:00+00:00,43.643198,78.538828,43.620384,78.47891,2026-02-24 23:00:00+05:00
2026-02-23 19:00:00+00:00,2026-02-23 12:00:00+00:00,2026-02-24 19:00:00+00:00,1,24,0.016829450712075,7a9f78e7185f367e,8090714f5353c3415bfd,12448ab264f3b403b2355a4cc2610dce56cc7a61df2d35a2c68149afc47cf7f6,https://single-runs-api.open-meteo.com/v1/forecast,ecmwf_ifs,2026-02-23 19:00:00+00:00,43.64515,78.535604,43.620384,78.47891,2026-02-25 00:00:00+05:00
2026-02-23 19:00:00+00:00,2026-02-23 12:00:00+00:00,2026-02-24 19:00:00+00:00,2,24,0.0137054295287322,7a9f78e7185f367e,8090714f5353c3415bfd,12448ab264f3b403b2355a4cc2610dce56cc7a61df2d35a2c68149afc47cf7f6,https://single-runs-api.open-meteo.com/v1/forecast,ecmwf_ifs,2026-02-23 19:00:00+00:00,43.643198,78.538828,43.620384,78.47891,2026-02-25 00:00:00+05:00
2026-02-24 19:00:00+00:00,2026-02-24 12:00:00+00:00,2026-02-24 20:00:00+00:00,1,1,0.0201241937789752,7a9f78e7185f367e,79d768514c76c9049553,49ba19fe1d27850ffb799906fc25d7f37b8332fac3061b6d7d33daa2a20af7d6,https://single-runs-api.open-meteo.com/v1/forecast,ecmwf_ifs,2026-02-24 19:00:00+00:00,43.64515,78.535604,43.620384,78.47891,2026-02-25 01:00:00+05:00
2026-02-24 19:00:00+00:00,2026-02-24 12:00:00+00:00,2026-02-24 20:00:00+00:00,2,1,0.0168637066713296,7a9f78e7185f367e,79d768514c76c9049553,49ba19fe1d27850ffb799906fc25d7f37b8332fac3061b6d7d33daa2a20af7d6,https://single-runs-api.open-meteo.com/v1/forecast,ecmwf_ifs,2026-02-24 19:00:00+00:00,43.643198,78.538828,43.620384,78.47891,2026-02-25 01:00:00+05:00
2026-02-24 19:00:00+00:00,2026-02-24 12:00:00+00:00,2026-02-24 21:00:00+00:00,1,2,0.0139038729792004,7a9f78e7185f367e,79d768514c76c9049553,49ba19fe1d27850ffb799906fc25d7f37b8332fac3061b6d7d33daa2a20af7d6,https://single-runs-api.open-meteo.com/v1/forecast,ecmwf_ifs,2026-02-24 19:00:00+00:00,43.64515,78.535604,43.620384,78.47891,2026-02-25 02:00:00+05:00
2026-02-24 19:00:00+00:00,2026-02-24 12:00:00+00:00,2026-02-24 21:00:00+00:00,2,2,0.0104586620494419,7a9f78e7185f367e,79d768514c76c9049553,49ba19fe1d27850ffb799906fc25d7f37b8332fac3061b6d7d33daa2a20af7d6,https://single-runs-api.open-meteo.com/v1/forecast,ecmwf_ifs,2026-02-24 19:00:00+00:00,43.643198,78.538828,43.620384,78.47891,2026-02-25 02:00:00+05:00
2026-02-24 19:00:00+00:00,2026-02-24 12:00:00+00:00,2026-02-24 22:00:00+00:00,1,3,0.0068698508973278,7a9f78e7185f367e,79d768514c76c9049553,49ba19fe1d27850ffb799906fc25d7f37b8332fac3061b6d7d33daa2a20af7d6,https://single-runs-api.open-meteo.com/v1/forecast,ecmwf_ifs,2026-02-24 19:00:00+00:00,43.64515,78.535604,43.620384,78.47891,2026-02-25 03:00:00+05:00
2026-02-24 19:00:00+00:00,2026-02-24 12:00:00+00:00,2026-02-24 22:00:00+00:00,2,3,0.0036212540243077,7a9f78e7185f367e,79d768514c76c9049553,49ba19fe1d27850ffb799906fc25d7f37b8332fac3061b6d7d33daa2a20af7d6,https://single-runs-api.open-meteo.com/v1/forecast,ecmwf_ifs,2026-02-24 19:00:00+00:00,43.643198,78.538828,43.620384,78.47891,2026-02-25 03:00:00+05:00
2026-02-24 19:00:00+00:00,2026-02-24 12:00:00+00:00,2026-02-24 23:00:00+00:00,1,4,0.0054246945209643,7a9f78e7185f367e,79d768514c76c9049553,49ba19fe1d27850ffb799906fc25d7f37b8332fac3061b6d7d33daa2a20af7d6,https://single-runs-api.open-meteo.com/v1/forecast,ecmwf_ifs,2026-02-24 19:00:00+00:00,43.64515,78.535604,43.620384,78.47891,2026-02-25 04:00:00+05:00
2026-02-24 19:00:00+00:00,2026-02-24 12:00:00+00:00,2026-02-24 23:00:00+00:00,2,4,0.0014362201302664,7a9f78e7185f367e,79d768514c76c9049553,49ba19fe1d27850ffb799906fc25d7f37b8332fac3061b6d7d33daa2a20af7d6,https://single-runs-api.open-meteo.com/v1/forecast,ecmwf_ifs,2026-02-24 19:00:00+00:00,43.643198,78.538828,43.620384,78.47891,2026-02-25 04:00:00+05:00
2026-02-24 19:00:00+00:00,2026-02-24 12:00:00+00:00,2026-02-25 00:00:00+00:00,1,5,0.0025075220967715,7a9f78e7185f367e,79d768514c76c9049553,49ba19fe1d27850ffb799906fc25d7f37b8332fac3061b6d7d33daa2a20af7d6,https://single-runs-api.open-meteo.com/v1/forecast,ecmwf_ifs,2026-02-24 19:00:00+00:00,43.64515,78.535604,43.620384,78.47891,2026-02-25 05:00:00+05:00
2026-02-24 19:00:00+00:00,2026-02-24 12:00:00+00:00,2026-02-25 00:00:00+00:00,2,5,0.0,7a9f78e7185f367e,79d768514c76c9049553,49ba19fe1d27850ffb799906fc25d7f37b8332fac3061b6d7d33daa2a20af7d6,https://single-runs-api.open-meteo.com/v1/forecast,ecmwf_ifs,2026-02-24 19:00:00+00:00,43.643198,78.538828,43.620384,78.47891,2026-02-25 05:00:00+05:00
2026-02-24 19:00:00+00:00,2026-02-24 12:00:00+00:00,2026-02-25 01:00:00+00:00,1,6,0.0003602138474143,7a9f78e7185f367e,79d768514c76c9049553,49ba19fe1d27850ffb799906fc25d7f37b8332fac3061b6d7d33daa2a20af7d6,https://single-runs-api.open-meteo.com/v1/forecast,ecmwf_ifs,2026-02-24 19:00:00+00:00,43.64515,78.535604,43.620384,78.47891,2026-02-25 06:00:00+05:00
2026-02-24 19:00:00+00:00,2026-02-24 12:00:00+00:00,2026-02-25 01:00:00+00:00,2,6,0.0,7a9f78e7185f367e,79d768514c76c9049553,49ba19fe1d27850ffb799906fc25d7f37b8332fac3061b6d7d33daa2a20af7d6,https://single-runs-api.open-meteo.com/v1/forecast,ecmwf_ifs,2026-02-24 19:00:00+00:00,43.643198,78.538828,43.620384,78.47891,2026-02-25 06:00:00+05:00
2026-02-24 19:00:00+00:00,2026-02-24 12:00:00+00:00,2026-02-25 02:00:00+00:00,1,7,0.0036507611122867,7a9f78e7185f367e,79d768514c76c9049553,49ba19fe1d27850ffb799906fc25d7f37b8332fac3061b6d7d33daa2a20af7d6,https://single-runs-api.open-meteo.com/v1/forecast,ecmwf_ifs,2026-02-24 19:00:00+00:00,43.64515,78.535604,43.620384,78.47891,2026-02-25 07:00:00+05:00
2026-02-24 19:00:00+00:00,2026-02-24 12:00:00+00:00,2026-02-25 02:00:00+00:00,2,7,0.0007395865518782,7a9f78e7185f367e,79d768514c76c9049553,49ba19fe1d27850ffb799906fc25d7f37b8332fac3061b6d7d33daa2a20af7d6,https://single-runs-api.open-meteo.com/v1/forecast,ecmwf_ifs,2026-02-24 19:00:00+00:00,43.643198,78.538828,43.620384,78.47891,2026-02-25 07:00:00+05:00
2026-02-24 19:00:00+00:00,2026-02-24 12:00:00+00:00,2026-02-25 03:00:00+00:00,1,8,0.0072119473037783,7a9f78e7185f367e,79d768514c76c9049553,49ba19fe1d27850ffb799906fc25d7f37b8332fac3061b6d7d33daa2a20af7d6,https://single-runs-api.open-meteo.com/v1/forecast,ecmwf_ifs,2026-02-24 19:00:00+00:00,43.64515,78.535604,43.620384,78.47891,2026-02-25 08:00:00+05:00
2026-02-24 19:00:00+00:00,2026-02-24 12:00:00+00:00,2026-02-25 03:00:00+00:00,2,8,0.0045279454817264,7a9f78e7185f367e,79d768514c76c9049553,49ba19fe1d27850ffb799906fc25d7f37b8332fac3061b6d7d33daa2a20af7d6,https://single-runs-api.open-meteo.com/v1/forecast,ecmwf_ifs,2026-02-24 19:00:00+00:00,43.643198,78.538828,43.620384,78.47891,2026-02-25 08:00:00+05:00
2026-02-24 19:00:00+00:00,2026-02-24 12:00:00+00:00,2026-02-25 04:00:00+00:00,1,9,0.0082125954084767,7a9f78e7185f367e,79d768514c76c9049553,49ba19fe1d27850ffb799906fc25d7f37b8332fac3061b6d7d33daa2a20af7d6,https://single-runs-api.open-meteo.com/v1/forecast,ecmwf_ifs,2026-02-24 19:00:00+00:00,43.64515,78.535604,43.620384,78.47891,2026-02-25 09:00:00+05:00
2026-02-24 19:00:00+00:00,2026-02-24 12:00:00+00:00,2026-02-25 04:00:00+00:00,2,9,0.0055153148010943,7a9f78e7185f367e,79d768514c76c9049553,49ba19fe1d27850ffb799906fc25d7f37b8332fac3061b6d7d33daa2a20af7d6,https://single-runs-api.open-meteo.com/v1/forecast,ecmwf_ifs,2026-02-24 19:00:00+00:00,43.643198,78.538828,43.620384,78.47891,2026-02-25 09:00:00+05:00
2026-02-24 19:00:00+00:00,2026-02-24 12:00:00+00:00,2026-02-25 05:00:00+00:00,1,10,0.0080523163188616,7a9f78e7185f367e,79d768514c76c9049553,49ba19fe1d27850ffb799906fc25d7f37b8332fac3061b6d7d33daa2a20af7d6,https://single-runs-api.open-meteo.com/v1/forecast,ecmwf_ifs,2026-02-24 19:00:00+00:00,43.64515,78.535604,43.620384,78.47891,2026-02-25 10:00:00+05:00
2026-02-24 19:00:00+00:00,2026-02-24 12:00:00+00:00,2026-02-25 05:00:00+00:00,2,10,0.0056764435794577,7a9f78e7185f367e,79d768514c76c9049553,49ba19fe1d27850ffb799906fc25d7f37b8332fac3061b6d7d33daa2a20af7d6,https://single-runs-api.open-meteo.com/v1/forecast,ecmwf_ifs,2026-02-24 19:00:00+00:00,43.643198,78.538828,43.620384,78.47891,2026-02-25 10:00:00+05:00
2026-02-24 19:00:00+00:00,2026-02-24 12:00:00+00:00,2026-02-25 06:00:00+00:00,1,11,0.0076482627631857,7a9f78e7185f367e,79d768514c76c9049553,49ba19fe1d27850ffb799906fc25d7f37b8332fac3061b6d7d33daa2a20af7d6,https://single-runs-api.open-meteo.com/v1/forecast,ecmwf_ifs,2026-02-24 19:00:00+00:00,43.64515,78.535604,43.620384,78.47891,2026-02-25 11:00:00+05:00
2026-02-24 19:00:00+00:00,2026-02-24 12:00:00+00:00,2026-02-25 06:00:00+00:00,2,11,0.0054499669185263,7a9f78e7185f367e,79d768514c76c9049553,49ba19fe1d27850ffb799906fc25d7f37b8332fac3061b6d7d33daa2a20af7d6,https://single-runs-api.open-meteo.com/v1/forecast,ecmwf_ifs,2026-02-24 19:00:00+00:00,43.643198,78.538828,43.620384,78.47891,2026-02-25 11:00:00+05:00
2026-02-24 19:00:00+00:00,2026-02-24 12:00:00+00:00,2026-02-25 07:00:00+00:00,1,12,0.0089829136240302,7a9f78e7185f367e,79d768514c76c9049553,49ba19fe1d27850ffb799906fc25d7f37b8332fac3061b6d7d33daa2a20af7d6,https://single-runs-api.open-meteo.com/v1/forecast,ecmwf_ifs,2026-02-24 19:00:00+00:00,43.64515,78.535604,43.620384,78.47891,2026-02-25 12:00:00+05:00
2026-02-24 19:00:00+00:00,2026-02-24 12:00:00+00:00,2026-02-25 07:00:00+00:00,2,12,0.0066587933823087,7a9f78e7185f367e,79d768514c76c9049553,49ba19fe1d27850ffb799906fc25d7f37b8332fac3061b6d7d33daa2a20af7d6,https://single-runs-api.open-meteo.com/v1/forecast,ecmwf_ifs,2026-02-24 19:00:00+00:00,43.643198,78.538828,43.620384,78.47891,2026-02-25 12:00:00+05:00
2026-02-24 19:00:00+00:00,2026-02-24 12:00:00+00:00,2026-02-25 08:00:00+00:00,1,13,0.0123973364000774,7a9f78e7185f367e,79d768514c76c9049553,49ba19fe1d27850ffb799906fc25d7f37b8332fac3061b6d7d33daa2a20af7d6,https://single-runs-api.open-meteo.com/v1/forecast,ecmwf_ifs,2026-02-24 19:00:00+00:00,43.64515,78.535604,43.620384,78.47891,2026-02-25 13:00:00+05:00
2026-02-24 19:00:00+00:00,2026-02-24 12:00:00+00:00,2026-02-25 08:00:00+00:00,2,13,0.0101133755624926,7a9f78e7185f367e,79d768514c76c9049553,49ba19fe1d27850ffb799906fc25d7f37b8332fac3061b6d7d33daa2a20af7d6,https://single-runs-api.open-meteo.com/v1/forecast,ecmwf_ifs,2026-02-24 19:00:00+00:00,43.643198,78.538828,43.620384,78.47891,2026-02-25 13:00:00+05:00
2026-02-24 19:00:00+00:00,2026-02-24 12:00:00+00:00,2026-02-25 09:00:00+00:00,1,14,0.013680862489047,7a9f78e7185f367e,79d768514c76c9049553,49ba19fe1d27850ffb799906fc25d7f37b8332fac3061b6d7d33daa2a20af7d6,https://single-runs-api.open-meteo.com/v1/forecast,ecmwf_ifs,2026-02-24 19:00:00+00:00,43.64515,78.535604,43.620384,78.47891,2026-02-25 14:00:00+05:00
2026-02-24 19:00:00+00:00,2026-02-24 12:00:00+00:00,2026-02-25 09:00:00+00:00,2,14,0.0113969016514623,7a9f78e7185f367e,79d768514c76c9049553,49ba19fe1d27850ffb799906fc25d7f37b8332fac3061b6d7d33daa2a20af7d6,https://single-runs-api.open-meteo.com/v1/forecast,ecmwf_ifs,2026-02-24 19:00:00+00:00,43.643198,78.538828,43.620384,78.47891,2026-02-25 14:00:00+05:00
2026-02-24 19:00:00+00:00,2026-02-24 12:00:00+00:00,2026-02-25 10:00:00+00:00,1,15,0.0131834315038003,7a9f78e7185f367e,79d768514c76c9049553,49ba19fe1d27850ffb799906fc25d7f37b8332fac3061b6d7d33daa2a20af7d6,https://single-runs-api.open-meteo.com/v1/forecast,ecmwf_ifs,2026-02-24 19:00:00+00:00,43.64515,78.535604,43.620384,78.47891,2026-02-25 15:00:00+05:00
2026-02-24 19:00:00+00:00,2026-02-24 12:00:00+00:00,2026-02-25 10:00:00+00:00,2,15,0.0107070825874285,7a9f78e7185f367e,79d768514c76c9049553,49ba19fe1d27850ffb799906fc25d7f37b8332fac3061b6d7d33daa2a20af7d6,https://single-runs-api.open-meteo.com/v1/forecast,ecmwf_ifs,2026-02-24 19:00:00+00:00,43.643198,78.538828,43.620384,78.47891,2026-02-25 15:00:00+05:00
2026-02-24 19:00:00+00:00,2026-02-24 12:00:00+00:00,2026-02-25 11:00:00+00:00,1,16,0.0188604347934041,7a9f78e7185f367e,79d768514c76c9049553,49ba19fe1d27850ffb799906fc25d7f37b8332fac3061b6d7d33daa2a20af7d6,https://single-runs-api.open-meteo.com/v1/forecast,ecmwf_ifs,2026-02-24 19:00:00+00:00,43.64515,78.535604,43.620384,78.47891,2026-02-25 16:00:00+05:00
2026-02-24 19:00:00+00:00,2026-02-24 12:00:00+00:00,2026-02-25 11:00:00+00:00,2,16,0.0163028566130687,7a9f78e7185f367e,79d768514c76c9049553,49ba19fe1d27850ffb799906fc25d7f37b8332fac3061b6d7d33daa2a20af7d6,https://single-runs-api.open-meteo.com/v1/forecast,ecmwf_ifs,2026-02-24 19:00:00+00:00,43.643198,78.538828,43.620384,78.47891,2026-02-25 16:00:00+05:00
2026-02-24 19:00:00+00:00,2026-02-24 12:00:00+00:00,2026-02-25 12:00:00+00:00,1,17,0.0191074210396882,7a9f78e7185f367e,79d768514c76c9049553,49ba19fe1d27850ffb799906fc25d7f37b8332fac3061b6d7d33daa2a20af7d6,https://single-runs-api.open-meteo.com/v1/forecast,ecmwf_ifs,2026-02-24 19:00:00+00:00,43.64515,78.535604,43.620384,78.47891,2026-02-25 17:00:00+05:00
2026-02-24 19:00:00+00:00,2026-02-24 12:00:00+00:00,2026-02-25 12:00:00+00:00,2,17,0.0163835426430987,7a9f78e7185f367e,79d768514c76c9049553,49ba19fe1d27850ffb799906fc25d7f37b8332fac3061b6d7d33daa2a20af7d6,https://single-runs-api.open-meteo.com/v1/forecast,ecmwf_ifs,2026-02-24 19:00:00+00:00,43.643198,78.538828,43.620384,78.47891,2026-02-25 17:00:00+05:00
2026-02-24 19:00:00+00:00,2026-02-24 12:00:00+00:00,2026-02-25 13:00:00+00:00,1,18,0.0198942351447746,7a9f78e7185f367e,79d768514c76c9049553,49ba19fe1d27850ffb799906fc25d7f37b8332fac3061b6d7d33daa2a20af7d6,https://single-runs-api.open-meteo.com/v1/forecast,ecmwf_ifs,2026-02-24 19:00:00+00:00,43.64515,78.535604,43.620384,78.47891,2026-02-25 18:00:00+05:00
2026-02-24 19:00:00+00:00,2026-02-24 12:00:00+00:00,2026-02-25 13:00:00+00:00,2,18,0.0169296015216319,7a9f78e7185f367e,79d768514c76c9049553,49ba19fe1d27850ffb799906fc25d7f37b8332fac3061b6d7d33daa2a20af7d6,https://single-runs-api.open-meteo.com/v1/forecast,ecmwf_ifs,2026-02-24 19:00:00+00:00,43.643198,78.538828,43.620384,78.47891,2026-02-25 18:00:00+05:00
2026-02-24 19:00:00+00:00,2026-02-24 12:00:00+00:00,2026-02-25 14:00:00+00:00,1,19,0.0222018529521846,7a9f78e7185f367e,79d768514c76c9049553,49ba19fe1d27850ffb799906fc25d7f37b8332fac3061b6d7d33daa2a20af7d6,https://single-runs-api.open-meteo.com/v1/forecast,ecmwf_ifs,2026-02-24 19:00:00+00:00,43.64515,78.535604,43.620384,78.47891,2026-02-25 19:00:00+05:00
2026-02-24 19:00:00+00:00,2026-02-24 12:00:00+00:00,2026-02-25 14:00:00+00:00,2,19,0.0194963177932288,7a9f78e7185f367e,79d768514c76c9049553,49ba19fe1d27850ffb799906fc25d7f37b8332fac3061b6d7d33daa2a20af7d6,https://single-runs-api.open-meteo.com/v1/forecast,ecmwf_ifs,2026-02-24 19:00:00+00:00,43.643198,78.538828,43.620384,78.47891,2026-02-25 19:00:00+05:00
2026-02-24 19:00:00+00:00,2026-02-24 12:00:00+00:00,2026-02-25 15:00:00+00:00,1,20,0.0318796094039676,7a9f78e7185f367e,79d768514c76c9049553,49ba19fe1d27850ffb799906fc25d7f37b8332fac3061b6d7d33daa2a20af7d6,https://single-runs-api.open-meteo.com/v1/forecast,ecmwf_ifs,2026-02-24 19:00:00+00:00,43.64515,78.535604,43.620384,78.47891,2026-02-25 20:00:00+05:00
2026-02-24 19:00:00+00:00,2026-02-24 12:00:00+00:00,2026-02-25 15:00:00+00:00,2,20,0.0285481198259496,7a9f78e7185f367e,79d768514c76c9049553,49ba19fe1d27850ffb799906fc25d7f37b8332fac3061b6d7d33daa2a20af7d6,https://single-runs-api.open-meteo.com/v1/forecast,ecmwf_ifs,2026-02-24 19:00:00+00:00,43.643198,78.538828,43.620384,78.47891,2026-02-25 20:00:00+05:00
2026-02-24 19:00:00+00:00,2026-02-24 12:00:00+00:00,2026-02-25 16:00:00+00:00,1,21,0.0385914087869677,7a9f78e7185f367e,79d768514c76c9049553,49ba19fe1d27850ffb799906fc25d7f37b8332fac3061b6d7d33daa2a20af7d6,https://single-runs-api.open-meteo.com/v1/forecast,ecmwf_ifs,2026-02-24 19:00:00+00:00,43.64515,78.535604,43.620384,78.47891,2026-02-25 21:00:00+05:00
2026-02-24 19:00:00+00:00,2026-02-24 12:00:00+00:00,2026-02-25 16:00:00+00:00,2,21,0.035097270656006,7a9f78e7185f367e,79d768514c76c9049553,49ba19fe1d27850ffb799906fc25d7f37b8332fac3061b6d7d33daa2a20af7d6,https://single-runs-api.open-meteo.com/v1/forecast,ecmwf_ifs,2026-02-24 19:00:00+00:00,43.643198,78.538828,43.620384,78.47891,2026-02-25 21:00:00+05:00
2026-02-24 19:00:00+00:00,2026-02-24 12:00:00+00:00,2026-02-25 17:00:00+00:00,1,22,0.0750638050887278,7a9f78e7185f367e,79d768514c76c9049553,49ba19fe1d27850ffb799906fc25d7f37b8332fac3061b6d7d33daa2a20af7d6,https://single-runs-api.open-meteo.com/v1/forecast,ecmwf_ifs,2026-02-24 19:00:00+00:00,43.64515,78.535604,43.620384,78.47891,2026-02-25 22:00:00+05:00
2026-02-24 19:00:00+00:00,2026-02-24 12:00:00+00:00,2026-02-25 17:00:00+00:00,2,22,0.0699136669743324,7a9f78e7185f367e,79d768514c76c9049553,49ba19fe1d27850ffb799906fc25d7f37b8332fac3061b6d7d33daa2a20af7d6,https://single-runs-api.open-meteo.com/v1/forecast,ecmwf_ifs,2026-02-24 19:00:00+00:00,43.643198,78.538828,43.620384,78.47891,2026-02-25 22:00:00+05:00
2026-02-24 19:00:00+00:00,2026-02-24 12:00:00+00:00,2026-02-25 18:00:00+00:00,1,23,0.2338486961553187,7a9f78e7185f367e,79d768514c76c9049553,49ba19fe1d27850ffb799906fc25d7f37b8332fac3061b6d7d33daa2a20af7d6,https://single-runs-api.open-meteo.com/v1/forecast,ecmwf_ifs,2026-02-24 19:00:00+00:00,43.64515,78.535604,43.620384,78.47891,2026-02-25 23:00:00+05:00
2026-02-24 19:00:00+00:00,2026-02-24 12:00:00+00:00,2026-02-25 18:00:00+00:00,2,23,0.2289085733664598,7a9f78e7185f367e,79d768514c76c9049553,49ba19fe1d27850ffb799906fc25d7f37b8332fac3061b6d7d33daa2a20af7d6,https://single-runs-api.open-meteo.com/v1/forecast,ecmwf_ifs,2026-02-24 19:00:00+00:00,43.643198,78.538828,43.620384,78.47891,2026-02-25 23:00:00+05:00
2026-02-24 19:00:00+00:00,2026-02-24 12:00:00+00:00,2026-02-25 19:00:00+00:00,1,24,0.4111928998099925,7a9f78e7185f367e,79d768514c76c9049553,49ba19fe1d27850ffb799906fc25d7f37b8332fac3061b6d7d33daa2a20af7d6,https://single-runs-api.open-meteo.com/v1/forecast,ecmwf_ifs,2026-02-24 19:00:00+00:00,43.64515,78.535604,43.620384,78.47891,2026-02-26 00:00:00+05:00
2026-02-24 19:00:00+00:00,2026-02-24 12:00:00+00:00,2026-02-25 19:00:00+00:00,2,24,0.4054871794083032,7a9f78e7185f367e,79d768514c76c9049553,49ba19fe1d27850ffb799906fc25d7f37b8332fac3061b6d7d33daa2a20af7d6,https://single-runs-api.open-meteo.com/v1/forecast,ecmwf_ifs,2026-02-24 19:00:00+00:00,43.643198,78.538828,43.620384,78.47891,2026-02-26 00:00:00+05:00
2026-02-25 19:00:00+00:00,2026-02-25 12:00:00+00:00,2026-02-25 20:00:00+00:00,1,1,0.5751250654175615,7a9f78e7185f367e,f80554419b2c4b109b15,4743db28684eb5fa1fad0e5c767b964c8c6497652aad576c7cc158e7f3430726,https://single-runs-api.open-meteo.com/v1/forecast,ecmwf_ifs,2026-02-25 19:00:00+00:00,43.64515,78.535604,43.620384,78.47891,2026-02-26 01:00:00+05:00
2026-02-25 19:00:00+00:00,2026-02-25 12:00:00+00:00,2026-02-25 20:00:00+00:00,2,1,0.5691825141191706,7a9f78e7185f367e,f80554419b2c4b109b15,4743db28684eb5fa1fad0e5c767b964c8c6497652aad576c7cc158e7f3430726,https://single-runs-api.open-meteo.com/v1/forecast,ecmwf_ifs,2026-02-25 19:00:00+00:00,43.643198,78.538828,43.620384,78.47891,2026-02-26 01:00:00+05:00
2026-02-25 19:00:00+00:00,2026-02-25 12:00:00+00:00,2026-02-25 21:00:00+00:00,1,2,0.6938477083561652,7a9f78e7185f367e,f80554419b2c4b109b15,4743db28684eb5fa1fad0e5c767b964c8c6497652aad576c7cc158e7f3430726,https://single-runs-api.open-meteo.com/v1/forecast,ecmwf_ifs,2026-02-25 19:00:00+00:00,43.64515,78.535604,43.620384,78.47891,2026-02-26 02:00:00+05:00
2026-02-25 19:00:00+00:00,2026-02-25 12:00:00+00:00,2026-02-25 21:00:00+00:00,2,2,0.6879649622475597,7a9f78e7185f367e,f80554419b2c4b109b15,4743db28684eb5fa1fad0e5c767b964c8c6497652aad576c7cc158e7f3430726,https://single-runs-api.open-meteo.com/v1/forecast,ecmwf_ifs,2026-02-25 19:00:00+00:00,43.643198,78.538828,43.620384,78.47891,2026-02-26 02:00:00+05:00
2026-02-25 19:00:00+00:00,2026-02-25 12:00:00+00:00,2026-02-25 22:00:00+00:00,1,3,0.7149213363165554,7a9f78e7185f367e,f80554419b2c4b109b15,4743db28684eb5fa1fad0e5c767b964c8c6497652aad576c7cc158e7f3430726,https://single-runs-api.open-meteo.com/v1/forecast,ecmwf_ifs,2026-02-25 19:00:00+00:00,43.64515,78.535604,43.620384,78.47891,2026-02-26 03:00:00+05:00
2026-02-25 19:00:00+00:00,2026-02-25 12:00:00+00:00,2026-02-25 22:00:00+00:00,2,3,0.7093873047075732,7a9f78e7185f367e,f80554419b2c4b109b15,4743db28684eb5fa1fad0e5c767b964c8c6497652aad576c7cc158e7f3430726,https://single-runs-api.open-meteo.com/v1/forecast,ecmwf_ifs,2026-02-25 19:00:00+00:00,43.643198,78.538828,43.620384,78.47891,2026-02-26 03:00:00+05:00
2026-02-25 19:00:00+00:00,2026-02-25 12:00:00+00:00,2026-02-25 23:00:00+00:00,1,4,0.7751589080387654,7a9f78e7185f367e,f80554419b2c4b109b15,4743db28684eb5fa1fad0e5c767b964c8c6497652aad576c7cc158e7f3430726,https://single-runs-api.open-meteo.com/v1/forecast,ecmwf_ifs,2026-02-25 19:00:00+00:00,43.64515,78.535604,43.620384,78.47891,2026-02-26 04:00:00+05:00
2026-02-25 19:00:00+00:00,2026-02-25 12:00:00+00:00,2026-02-25 23:00:00+00:00,2,4,0.7685915006564851,7a9f78e7185f367e,f80554419b2c4b109b15,4743db28684eb5fa1fad0e5c767b964c8c6497652aad576c7cc158e7f3430726,https://single-runs-api.open-meteo.com/v1/forecast,ecmwf_ifs,2026-02-25 19:00:00+00:00,43.643198,78.538828,43.620384,78.47891,2026-02-26 04:00:00+05:00
2026-02-25 19:00:00+00:00,2026-02-25 12:00:00+00:00,2026-02-26 00:00:00+00:00,1,5,0.7686458264369092,7a9f78e7185f367e,f80554419b2c4b109b15,4743db28684eb5fa1fad0e5c767b964c8c6497652aad576c7cc158e7f3430726,https://single-runs-api.open-meteo.com/v1/forecast,ecmwf_ifs,2026-02-25 19:00:00+00:00,43.64515,78.535604,43.620384,78.47891,2026-02-26 05:00:00+05:00
2026-02-25 19:00:00+00:00,2026-02-25 12:00:00+00:00,2026-02-26 00:00:00+00:00,2,5,0.7620516679817708,7a9f78e7185f367e,f80554419b2c4b109b15,4743db28684eb5fa1fad0e5c767b964c8c6497652aad576c7cc158e7f3430726,https://single-runs-api.open-meteo.com/v1/forecast,ecmwf_ifs,2026-02-25 19:00:00+00:00,43.643198,78.538828,43.620384,78.47891,2026-02-26 05:00:00+05:00
2026-02-25 19:00:00+00:00,2026-02-25 12:00:00+00:00,2026-02-26 01:00:00+00:00,1,6,0.7440436483256573,7a9f78e7185f367e,f80554419b2c4b109b15,4743db28684eb5fa1fad0e5c767b964c8c6497652aad576c7cc158e7f3430726,https://single-runs-api.open-meteo.com/v1/forecast,ecmwf_ifs,2026-02-25 19:00:00+00:00,43.64515,78.535604,43.620384,78.47891,2026-02-26 06:00:00+05:00
2026-02-25 19:00:00+00:00,2026-02-25 12:00:00+00:00,2026-02-26 01:00:00+00:00,2,6,0.7374444898373606,7a9f78e7185f367e,f80554419b2c4b109b15,4743db28684eb5fa1fad0e5c767b964c8c6497652aad576c7cc158e7f3430726,https://single-runs-api.open-meteo.com/v1/forecast,ecmwf_ifs,2026-02-25 19:00:00+00:00,43.643198,78.538828,43.620384,78.47891,2026-02-26 06:00:00+05:00
2026-02-25 19:00:00+00:00,2026-02-25 12:00:00+00:00,2026-02-26 02:00:00+00:00,1,7,0.707379060635001,7a9f78e7185f367e,f80554419b2c4b109b15,4743db28684eb5fa1fad0e5c767b964c8c6497652aad576c7cc158e7f3430726,https://single-runs-api.open-meteo.com/v1/forecast,ecmwf_ifs,2026-02-25 19:00:00+00:00,43.64515,78.535604,43.620384,78.47891,2026-02-26 07:00:00+05:00
2026-02-25 19:00:00+00:00,2026-02-25 12:00:00+00:00,2026-02-26 02:00:00+00:00,2,7,0.7001712908956924,7a9f78e7185f367e,f80554419b2c4b109b15,4743db28684eb5fa1fad0e5c767b964c8c6497652aad576c7cc158e7f3430726,https://single-runs-api.open-meteo.com/v1/forecast,ecmwf_ifs,2026-02-25 19:00:00+00:00,43.643198,78.538828,43.620384,78.47891,2026-02-26 07:00:00+05:00
2026-02-25 19:00:00+00:00,2026-02-25 12:00:00+00:00,2026-02-26 03:00:00+00:00,1,8,0.5618755392731298,7a9f78e7185f367e,f80554419b2c4b109b15,4743db28684eb5fa1fad0e5c767b964c8c6497652aad576c7cc158e7f3430726,https://single-runs-api.open-meteo.com/v1/forecast,ecmwf_ifs,2026-02-25 19:00:00+00:00,43.64515,78.535604,43.620384,78.47891,2026-02-26 08:00:00+05:00
2026-02-25 19:00:00+00:00,2026-02-25 12:00:00+00:00,2026-02-26 03:00:00+00:00,2,8,0.5544953202530569,7a9f78e7185f367e,f80554419b2c4b109b15,4743db28684eb5fa1fad0e5c767b964c8c6497652aad576c7cc158e7f3430726,https://single-runs-api.open-meteo.com/v1/forecast,ecmwf_ifs,2026-02-25 19:00:00+00:00,43.643198,78.538828,43.620384,78.47891,2026-02-26 08:00:00+05:00
2026-02-25 19:00:00+00:00,2026-02-25 12:00:00+00:00,2026-02-26 04:00:00+00:00,1,9,0.3546218425692553,7a9f78e7185f367e,f80554419b2c4b109b15,4743db28684eb5fa1fad0e5c767b964c8c6497652aad576c7cc158e7f3430726,https://single-runs-api.open-meteo.com/v1/forecast,ecmwf_ifs,2026-02-25 19:00:00+00:00,43.64515,78.535604,43.620384,78.47891,2026-02-26 09:00:00+05:00
2026-02-25 19:00:00+00:00,2026-02-25 12:00:00+00:00,2026-02-26 04:00:00+00:00,2,9,0.3484315955762738,7a9f78e7185f367e,f80554419b2c4b109b15,4743db28684eb5fa1fad0e5c767b964c8c6497652aad576c7cc158e7f3430726,https://single-runs-api.open-meteo.com/v1/forecast,ecmwf_ifs,2026-02-25 19:00:00+00:00,43.643198,78.538828,43.620384,78.47891,2026-02-26 09:00:00+05:00
2026-02-25 19:00:00+00:00,2026-02-25 12:00:00+00:00,2026-02-26 05:00:00+00:00,1,10,0.2090298970383391,7a9f78e7185f367e,f80554419b2c4b109b15,4743db28684eb5fa1fad0e5c767b964c8c6497652aad576c7cc158e7f3430726,https://single-runs-api.open-meteo.com/v1/forecast,ecmwf_ifs,2026-02-25 19:00:00+00:00,43.64515,78.535604,43.620384,78.47891,2026-02-26 10:00:00+05:00
2026-02-25 19:00:00+00:00,2026-02-25 12:00:00+00:00,2026-02-26 05:00:00+00:00,2,10,0.204706812209368,7a9f78e7185f367e,f80554419b2c4b109b15,4743db28684eb5fa1fad0e5c767b964c8c6497652aad576c7cc158e7f3430726,https://single-runs-api.open-meteo.com/v1/forecast,ecmwf_ifs,2026-02-25 19:00:00+00:00,43.643198,78.538828,43.620384,78.47891,2026-02-26 10:00:00+05:00
2026-02-25 19:00:00+00:00,2026-02-25 12:00:00+00:00,2026-02-26 06:00:00+00:00,1,11,0.4865012506132219,7a9f78e7185f367e,f80554419b2c4b109b15,4743db28684eb5fa1fad0e5c767b964c8c6497652aad576c7cc158e7f3430726,https://single-runs-api.open-meteo.com/v1/forecast,ecmwf_ifs,2026-02-25 19:00:00+00:00,43.64515,78.535604,43.620384,78.47891,2026-02-26 11:00:00+05:00
2026-02-25 19:00:00+00:00,2026-02-25 12:00:00+00:00,2026-02-26 06:00:00+00:00,2,11,0.486026167018098,7a9f78e7185f367e,f80554419b2c4b109b15,4743db28684eb5fa1fad0e5c767b964c8c6497652aad576c7cc158e7f3430726,https://single-runs-api.open-meteo.com/v1/forecast,ecmwf_ifs,2026-02-25 19:00:00+00:00,43.643198,78.538828,43.620384,78.47891,2026-02-26 11:00:00+05:00
2026-02-25 19:00:00+00:00,2026-02-25 12:00:00+00:00,2026-02-26 07:00:00+00:00,1,12,0.6105116406154083,7a9f78e7185f367e,f80554419b2c4b109b15,4743db28684eb5fa1fad0e5c767b964c8c6497652aad576c7cc158e7f3430726,https://single-runs-api.open-meteo.com/v1/forecast,ecmwf_ifs,2026-02-25 19:00:00+00:00,43.64515,78.535604,43.620384,78.47891,2026-02-26 12:00:00+05:00
2026-02-25 19:00:00+00:00,2026-02-25 12:00:00+00:00,2026-02-26 07:00:00+00:00,2,12,0.6112597766053819,7a9f78e7185f367e,f80554419b2c4b109b15,4743db28684eb5fa1fad0e5c767b964c8c6497652aad576c7cc158e7f3430726,https://single-runs-api.open-meteo.com/v1/forecast,ecmwf_ifs,2026-02-25 19:00:00+00:00,43.643198,78.538828,43.620384,78.47891,2026-02-26 12:00:00+05:00
2026-02-25 19:00:00+00:00,2026-02-25 12:00:00+00:00,2026-02-26 08:00:00+00:00,1,13,0.423089851127071,7a9f78e7185f367e,f80554419b2c4b109b15,4743db28684eb5fa1fad0e5c767b964c8c6497652aad576c7cc158e7f3430726,https://single-runs-api.open-meteo.com/v1/forecast,ecmwf_ifs,2026-02-25 19:00:00+00:00,43.64515,78.535604,43.620384,78.47891,2026-02-26 13:00:00+05:00
2026-02-25 19:00:00+00:00,2026-02-25 12:00:00+00:00,2026-02-26 08:00:00+00:00,2,13,0.4218445501020286,7a9f78e7185f367e,f80554419b2c4b109b15,4743db28684eb5fa1fad0e5c767b964c8c6497652aad576c7cc158e7f3430726,https://single-runs-api.open-meteo.com/v1/forecast,ecmwf_ifs,2026-02-25 19:00:00+00:00,43.643198,78.538828,43.620384,78.47891,2026-02-26 13:00:00+05:00
2026-02-25 19:00:00+00:00,2026-02-25 12:00:00+00:00,2026-02-26 09:00:00+00:00,1,14,0.3596082123648887,7a9f78e7185f367e,f80554419b2c4b109b15,4743db28684eb5fa1fad0e5c767b964c8c6497652aad576c7cc158e7f3430726,https://single-runs-api.open-meteo.com/v1/forecast,ecmwf_ifs,2026-02-25 19:00:00+00:00,43.64515,78.535604,43.620384,78.47891,2026-02-26 14:00:00+05:00
2026-02-25 19:00:00+00:00,2026-02-25 12:00:00+00:00,2026-02-26 09:00:00+00:00,2,14,0.3577188267607288,7a9f78e7185f367e,f80554419b2c4b109b15,4743db28684eb5fa1fad0e5c767b964c8c6497652aad576c7cc158e7f3430726,https://single-runs-api.open-meteo.com/v1/forecast,ecmwf_ifs,2026-02-25 19:00:00+00:00,43.643198,78.538828,43.620384,78.47891,2026-02-26 14:00:00+05:00
2026-02-25 19:00:00+00:00,2026-02-25 12:00:00+00:00,2026-02-26 10:00:00+00:00,1,15,0.3418903075101585,7a9f78e7185f367e,f80554419b2c4b109b15,4743db28684eb5fa1fad0e5c767b964c8c6497652aad576c7cc158e7f3430726,https://single-runs-api.open-meteo.com/v1/forecast,ecmwf_ifs,2026-02-25 19:00:00+00:00,43.64515,78.535604,43.620384,78.47891,2026-02-26 15:00:00+05:00
2026-02-25 19:00:00+00:00,2026-02-25 12:00:00+00:00,2026-02-26 10:00:00+00:00,2,15,0.3404431451993669,7a9f78e7185f367e,f80554419b2c4b109b15,4743db28684eb5fa1fad0e5c767b964c8c6497652aad576c7cc158e7f3430726,https://single-runs-api.open-meteo.com/v1/forecast,ecmwf_ifs,2026-02-25 19:00:00+00:00,43.643198,78.538828,43.620384,78.47891,2026-02-26 15:00:00+05:00
2026-02-25 19:00:00+00:00,2026-02-25 12:00:00+00:00,2026-02-26 11:00:00+00:00,1,16,0.4646725661092384,7a9f78e7185f367e,f80554419b2c4b109b15,4743db28684eb5fa1fad0e5c767b964c8c6497652aad576c7cc158e7f3430726,https://single-runs-api.open-meteo.com/v1/forecast,ecmwf_ifs,2026-02-25 19:00:00+00:00,43.64515,78.535604,43.620384,78.47891,2026-02-26 16:00:00+05:00
2026-02-25 19:00:00+00:00,2026-02-25 12:00:00+00:00,2026-02-26 11:00:00+00:00,2,16,0.463689902662563,7a9f78e7185f367e,f80554419b2c4b109b15,4743db28684eb5fa1fad0e5c767b964c8c6497652aad576c7cc158e7f3430726,https://single-runs-api.open-meteo.com/v1/forecast,ecmwf_ifs,2026-02-25 19:00:00+00:00,43.643198,78.538828,43.620384,78.47891,2026-02-26 16:00:00+05:00
2026-02-25 19:00:00+00:00,2026-02-25 12:00:00+00:00,2026-02-26 12:00:00+00:00,1,17,0.6034588551907387,7a9f78e7185f367e,f80554419b2c4b109b15,4743db28684eb5fa1fad0e5c767b964c8c6497652aad576c7cc158e7f3430726,https://single-runs-api.open-meteo.com/v1/forecast,ecmwf_ifs,2026-02-25 19:00:00+00:00,43.64515,78.535604,43.620384,78.47891,2026-02-26 17:00:00+05:00
2026-02-25 19:00:00+00:00,2026-02-25 12:00:00+00:00,2026-02-26 12:00:00+00:00,2,17,0.6022605682811082,7a9f78e7185f367e,f80554419b2c4b109b15,4743db28684eb5fa1fad0e5c767b964c8c6497652aad576c7cc158e7f3430726,https://single-runs-api.open-meteo.com/v1/forecast,ecmwf_ifs,2026-02-25 19:00:00+00:00,43.643198,78.538828,43.620384,78.47891,2026-02-26 17:00:00+05:00
2026-02-25 19:00:00+00:00,2026-02-25 12:00:00+00:00,2026-02-26 13:00:00+00:00,1,18,0.7123528331242708,7a9f78e7185f367e,f80554419b2c4b109b15,4743db28684eb5fa1fad0e5c767b964c8c6497652aad576c7cc158e7f3430726,https://single-runs-api.open-meteo.com/v1/forecast,ecmwf_ifs,2026-02-25 19:00:00+00:00,43.64515,78.535604,43.620384,78.47891,2026-02-26 18:00:00+05:00
2026-02-25 19:00:00+00:00,2026-02-25 12:00:00+00:00,2026-02-26 13:00:00+00:00,2,18,0.7106889756718402,7a9f78e7185f367e,f80554419b2c4b109b15,4743db28684eb5fa1fad0e5c767b964c8c6497652aad576c7cc158e7f3430726,https://single-runs-api.open-meteo.com/v1/forecast,ecmwf_ifs,2026-02-25 19:00:00+00:00,43.643198,78.538828,43.620384,78.47891,2026-02-26 18:00:00+05:00
2026-02-25 19:00:00+00:00,2026-02-25 12:00:00+00:00,2026-02-26 14:00:00+00:00,1,19,0.7226477160043829,7a9f78e7185f367e,f80554419b2c4b109b15,4743db28684eb5fa1fad0e5c767b964c8c6497652aad576c7cc158e7f3430726,https://single-runs-api.open-meteo.com/v1/forecast,ecmwf_ifs,2026-02-25 19:00:00+00:00,43.64515,78.535604,43.620384,78.47891,2026-02-26 19:00:00+05:00
2026-02-25 19:00:00+00:00,2026-02-25 12:00:00+00:00,2026-02-26 14:00:00+00:00,2,19,0.7194064257028416,7a9f78e7185f367e,f80554419b2c4b109b15,4743db28684eb5fa1fad0e5c767b964c8c6497652aad576c7cc158e7f3430726,https://single-runs-api.open-meteo.com/v1/forecast,ecmwf_ifs,2026-02-25 19:00:00+00:00,43.643198,78.538828,43.620384,78.47891,2026-02-26 19:00:00+05:00
2026-02-25 19:00:00+00:00,2026-02-25 12:00:00+00:00,2026-02-26 15:00:00+00:00,1,20,0.7029985066210487,7a9f78e7185f367e,f80554419b2c4b109b15,4743db28684eb5fa1fad0e5c767b964c8c6497652aad576c7cc158e7f3430726,https://single-runs-api.open-meteo.com/v1/forecast,ecmwf_ifs,2026-02-25 19:00:00+00:00,43.64515,78.535604,43.620384,78.47891,2026-02-26 20:00:00+05:00
2026-02-25 19:00:00+00:00,2026-02-25 12:00:00+00:00,2026-02-26 15:00:00+00:00,2,20,0.7004940008398965,7a9f78e7185f367e,f80554419b2c4b109b15,4743db28684eb5fa1fad0e5c767b964c8c6497652aad576c7cc158e7f3430726,https://single-runs-api.open-meteo.com/v1/forecast,ecmwf_ifs,2026-02-25 19:00:00+00:00,43.643198,78.538828,43.620384,78.47891,2026-02-26 20:00:00+05:00
2026-02-25 19:00:00+00:00,2026-02-25 12:00:00+00:00,2026-02-26 16:00:00+00:00,1,21,0.8238658559668234,7a9f78e7185f367e,f80554419b2c4b109b15,4743db28684eb5fa1fad0e5c767b964c8c6497652aad576c7cc158e7f3430726,https://single-runs-api.open-meteo.com/v1/forecast,ecmwf_ifs,2026-02-25 19:00:00+00:00,43.64515,78.535604,43.620384,78.47891,2026-02-26 21:00:00+05:00
2026-02-25 19:00:00+00:00,2026-02-25 12:00:00+00:00,2026-02-26 16:00:00+00:00,2,21,0.8208327830307186,7a9f78e7185f367e,f80554419b2c4b109b15,4743db28684eb5fa1fad0e5c767b964c8c6497652aad576c7cc158e7f3430726,https://single-runs-api.open-meteo.com/v1/forecast,ecmwf_ifs,2026-02-25 19:00:00+00:00,43.643198,78.538828,43.620384,78.47891,2026-02-26 21:00:00+05:00
2026-02-25 19:00:00+00:00,2026-02-25 12:00:00+00:00,2026-02-26 17:00:00+00:00,1,22,0.8776635527503615,7a9f78e7185f367e,f80554419b2c4b109b15,4743db28684eb5fa1fad0e5c767b964c8c6497652aad576c7cc158e7f3430726,https://single-runs-api.open-meteo.com/v1/forecast,ecmwf_ifs,2026-02-25 19:00:00+00:00,43.64515,78.535604,43.620384,78.47891,2026-02-26 22:00:00+05:00
2026-02-25 19:00:00+00:00,2026-02-25 12:00:00+00:00,2026-02-26 17:00:00+00:00,2,22,0.873448939871846,7a9f78e7185f367e,f80554419b2c4b109b15,4743db28684eb5fa1fad0e5c767b964c8c6497652aad576c7cc158e7f3430726,https://single-runs-api.open-meteo.com/v1/forecast,ecmwf_ifs,2026-02-25 19:00:00+00:00,43.643198,78.538828,43.620384,78.47891,2026-02-26 22:00:00+05:00
2026-02-25 19:00:00+00:00,2026-02-25 12:00:00+00:00,2026-02-26 18:00:00+00:00,1,23,0.872272895518998,7a9f78e7185f367e,f80554419b2c4b109b15,4743db28684eb5fa1fad0e5c767b964c8c6497652aad576c7cc158e7f3430726,https://single-runs-api.open-meteo.com/v1/forecast,ecmwf_ifs,2026-02-25 19:00:00+00:00,43.64515,78.535604,43.620384,78.47891,2026-02-26 23:00:00+05:00
2026-02-25 19:00:00+00:00,2026-02-25 12:00:00+00:00,2026-02-26 18:00:00+00:00,2,23,0.8673549678078423,7a9f78e7185f367e,f80554419b2c4b109b15,4743db28684eb5fa1fad0e5c767b964c8c6497652aad576c7cc158e7f3430726,https://single-runs-api.open-meteo.com/v1/forecast,ecmwf_ifs,2026-02-25 19:00:00+00:00,43.643198,78.538828,43.620384,78.47891,2026-02-26 23:00:00+05:00
2026-02-25 19:00:00+00:00,2026-02-25 12:00:00+00:00,2026-02-26 19:00:00+00:00,1,24,0.8596211983841804,7a9f78e7185f367e,f80554419b2c4b109b15,4743db28684eb5fa1fad0e5c767b964c8c6497652aad576c7cc158e7f3430726,https://single-runs-api.open-meteo.com/v1/forecast,ecmwf_ifs,2026-02-25 19:00:00+00:00,43.64515,78.535604,43.620384,78.47891,2026-02-27 00:00:00+05:00
2026-02-25 19:00:00+00:00,2026-02-25 12:00:00+00:00,2026-02-26 19:00:00+00:00,2,24,0.8550485052718108,7a9f78e7185f367e,f80554419b2c4b109b15,4743db28684eb5fa1fad0e5c767b964c8c6497652aad576c7cc158e7f3430726,https://single-runs-api.open-meteo.com/v1/forecast,ecmwf_ifs,2026-02-25 19:00:00+00:00,43.643198,78.538828,43.620384,78.47891,2026-02-27 00:00:00+05:00
2026-02-26 19:00:00+00:00,2026-02-26 12:00:00+00:00,2026-02-26 20:00:00+00:00,1,1,0.3773506466061266,7a9f78e7185f367e,fa3ce5d838f1b5d3a4aa,8c14821b0914def0512a392b30ab3d33e0c2731c005097b7841ce6e657c4bd09,https://single-runs-api.open-meteo.com/v1/forecast,ecmwf_ifs,2026-02-26 19:00:00+00:00,43.64515,78.535604,43.620384,78.47891,2026-02-27 01:00:00+05:00
2026-02-26 19:00:00+00:00,2026-02-26 12:00:00+00:00,2026-02-26 20:00:00+00:00,2,1,0.3747707028168525,7a9f78e7185f367e,fa3ce5d838f1b5d3a4aa,8c14821b0914def0512a392b30ab3d33e0c2731c005097b7841ce6e657c4bd09,https://single-runs-api.open-meteo.com/v1/forecast,ecmwf_ifs,2026-02-26 19:00:00+00:00,43.643198,78.538828,43.620384,78.47891,2026-02-27 01:00:00+05:00
2026-02-26 19:00:00+00:00,2026-02-26 12:00:00+00:00,2026-02-26 21:00:00+00:00,1,2,0.3509659923658844,7a9f78e7185f367e,fa3ce5d838f1b5d3a4aa,8c14821b0914def0512a392b30ab3d33e0c2731c005097b7841ce6e657c4bd09,https://single-runs-api.open-meteo.com/v1/forecast,ecmwf_ifs,2026-02-26 19:00:00+00:00,43.64515,78.535604,43.620384,78.47891,2026-02-27 02:00:00+05:00
2026-02-26 19:00:00+00:00,2026-02-26 12:00:00+00:00,2026-02-26 21:00:00+00:00,2,2,0.3481670894194926,7a9f78e7185f367e,fa3ce5d838f1b5d3a4aa,8c14821b0914def0512a392b30ab3d33e0c2731c005097b7841ce6e657c4bd09,https://single-runs-api.open-meteo.com/v1/forecast,ecmwf_ifs,2026-02-26 19:00:00+00:00,43.643198,78.538828,43.620384,78.47891,2026-02-27 02:00:00+05:00
2026-02-26 19:00:00+00:00,2026-02-26 12:00:00+00:00,2026-02-26 22:00:00+00:00,1,3,0.2773895765719558,7a9f78e7185f367e,fa3ce5d838f1b5d3a4aa,8c14821b0914def0512a392b30ab3d33e0c2731c005097b7841ce6e657c4bd09,https://single-runs-api.open-meteo.com/v1/forecast,ecmwf_ifs,2026-02-26 19:00:00+00:00,43.64515,78.535604,43.620384,78.47891,2026-02-27 03:00:00+05:00
2026-02-26 19:00:00+00:00,2026-02-26 12:00:00+00:00,2026-02-26 22:00:00+00:00,2,3,0.2737105938845536,7a9f78e7185f367e,fa3ce5d838f1b5d3a4aa,8c14821b0914def0512a392b30ab3d33e0c2731c005097b7841ce6e657c4bd09,https://single-runs-api.open-meteo.com/v1/forecast,ecmwf_ifs,2026-02-26 19:00:00+00:00,43.643198,78.538828,43.620384,78.47891,2026-02-27 03:00:00+05:00
2026-02-26 19:00:00+00:00,2026-02-26 12:00:00+00:00,2026-02-26 23:00:00+00:00,1,4,0.2443019058669316,7a9f78e7185f367e,fa3ce5d838f1b5d3a4aa,8c14821b0914def0512a392b30ab3d33e0c2731c005097b7841ce6e657c4bd09,https://single-runs-api.open-meteo.com/v1/forecast,ecmwf_ifs,2026-02-26 19:00:00+00:00,43.64515,78.535604,43.620384,78.47891,2026-02-27 04:00:00+05:00
2026-02-26 19:00:00+00:00,2026-02-26 12:00:00+00:00,2026-02-26 23:00:00+00:00,2,4,0.24134853997136,7a9f78e7185f367e,fa3ce5d838f1b5d3a4aa,8c14821b0914def0512a392b30ab3d33e0c2731c005097b7841ce6e657c4bd09,https://single-runs-api.open-meteo.com/v1/forecast,ecmwf_ifs,2026-02-26 19:00:00+00:00,43.643198,78.538828,43.620384,78.47891,2026-02-27 04:00:00+05:00
2026-02-26 19:00:00+00:00,2026-02-26 12:00:00+00:00,2026-02-27 00:00:00+00:00,1,5,0.2211039846445067,7a9f78e7185f367e,fa3ce5d838f1b5d3a4aa,8c14821b0914def0512a392b30ab3d33e0c2731c005097b7841ce6e657c4bd09,https://single-runs-api.open-meteo.com/v1/forecast,ecmwf_ifs,2026-02-26 19:00:00+00:00,43.64515,78.535604,43.620384,78.47891,2026-02-27 05:00:00+05:00
2026-02-26 19:00:00+00:00,2026-02-26 12:00:00+00:00,2026-02-27 00:00:00+00:00,2,5,0.2184343383412583,7a9f78e7185f367e,fa3ce5d838f1b5d3a4aa,8c14821b0914def0512a392b30ab3d33e0c2731c005097b7841ce6e657c4bd09,https://single-runs-api.open-meteo.com/v1/forecast,ecmwf_ifs,2026-02-26 19:00:00+00:00,43.643198,78.538828,43.620384,78.47891,2026-02-27 05:00:00+05:00
2026-02-26 19:00:00+00:00,2026-02-26 12:00:00+00:00,2026-02-27 01:00:00+00:00,1,6,0.1961092087644582,7a9f78e7185f367e,fa3ce5d838f1b5d3a4aa,8c14821b0914def0512a392b30ab3d33e0c2731c005097b7841ce6e657c4bd09,https://single-runs-api.open-meteo.com/v1/forecast,ecmwf_ifs,2026-02-26 19:00:00+00:00,43.64515,78.535604,43.620384,78.47891,2026-02-27 06:00:00+05:00
2026-02-26 19:00:00+00:00,2026-02-26 12:00:00+00:00,2026-02-27 01:00:00+00:00,2,6,0.1930905664233606,7a9f78e7185f367e,fa3ce5d838f1b5d3a4aa,8c14821b0914def0512a392b30ab3d33e0c2731c005097b7841ce6e657c4bd09,https://single-runs-api.open-meteo.com/v1/forecast,ecmwf_ifs,2026-02-26 19:00:00+00:00,43.643198,78.538828,43.620384,78.47891,2026-02-27 06:00:00+05:00
2026-02-26 19:00:00+00:00,2026-02-26 12:00:00+00:00,2026-02-27 02:00:00+00:00,1,7,0.1519960513522146,7a9f78e7185f367e,fa3ce5d838f1b5d3a4aa,8c14821b0914def0512a392b30ab3d33e0c2731c005097b7841ce6e657c4bd09,https://single-runs-api.open-meteo.com/v1/forecast,ecmwf_ifs,2026-02-26 19:00:00+00:00,43.64515,78.535604,43.620384,78.47891,2026-02-27 07:00:00+05:00
2026-02-26 19:00:00+00:00,2026-02-26 12:00:00+00:00,2026-02-27 02:00:00+00:00,2,7,0.149886173422756,7a9f78e7185f367e,fa3ce5d838f1b5d3a4aa,8c14821b0914def0512a392b30ab3d33e0c2731c005097b7841ce6e657c4bd09,https://single-runs-api.open-meteo.com/v1/forecast,ecmwf_ifs,2026-02-26 19:00:00+00:00,43.643198,78.538828,43.620384,78.47891,2026-02-27 07:00:00+05:00
2026-02-26 19:00:00+00:00,2026-02-26 12:00:00+00:00,2026-02-27 03:00:00+00:00,1,8,0.1436767989455,7a9f78e7185f367e,fa3ce5d838f1b5d3a4aa,8c14821b0914def0512a392b30ab3d33e0c2731c005097b7841ce6e657c4bd09,https://single-runs-api.open-meteo.com/v1/forecast,ecmwf_ifs,2026-02-26 19:00:00+00:00,43.64515,78.535604,43.620384,78.47891,2026-02-27 08:00:00+05:00
2026-02-26 19:00:00+00:00,2026-02-26 12:00:00+00:00,2026-02-27 03:00:00+00:00,2,8,0.1417729309659637,7a9f78e7185f367e,fa3ce5d838f1b5d3a4aa,8c14821b0914def0512a392b30ab3d33e0c2731c005097b7841ce6e657c4bd09,https://single-runs-api.open-meteo.com/v1/forecast,ecmwf_ifs,2026-02-26 19:00:00+00:00,43.643198,78.538828,43.620384,78.47891,2026-02-27 08:00:00+05:00
2026-02-26 19:00:00+00:00,2026-02-26 12:00:00+00:00,2026-02-27 04:00:00+00:00,1,9,0.1210875304798202,7a9f78e7185f367e,fa3ce5d838f1b5d3a4aa,8c14821b0914def0512a392b30ab3d33e0c2731c005097b7841ce6e657c4bd09,https://single-runs-api.open-meteo.com/v1/forecast,ecmwf_ifs,2026-02-26 19:00:00+00:00,43.64515,78.535604,43.620384,78.47891,2026-02-27 09:00:00+05:00
2026-02-26 19:00:00+00:00,2026-02-26 12:00:00+00:00,2026-02-27 04:00:00+00:00,2,9,0.1189390525582022,7a9f78e7185f367e,fa3ce5d838f1b5d3a4aa,8c14821b0914def0512a392b30ab3d33e0c2731c005097b7841ce6e657c4bd09,https://single-runs-api.open-meteo.com/v1/forecast,ecmwf_ifs,2026-02-26 19:00:00+00:00,43.643198,78.538828,43.620384,78.47891,2026-02-27 09:00:00+05:00
2026-02-26 19:00:00+00:00,2026-02-26 12:00:00+00:00,2026-02-27 05:00:00+00:00,1,10,0.0770595852958435,7a9f78e7185f367e,fa3ce5d838f1b5d3a4aa,8c14821b0914def0512a392b30ab3d33e0c2731c005097b7841ce6e657c4bd09,https://single-runs-api.open-meteo.com/v1/forecast,ecmwf_ifs,2026-02-26 19:00:00+00:00,43.64515,78.535604,43.620384,78.47891,2026-02-27 10:00:00+05:00
2026-02-26 19:00:00+00:00,2026-02-26 12:00:00+00:00,2026-02-27 05:00:00+00:00,2,10,0.0739664425619718,7a9f78e7185f367e,fa3ce5d838f1b5d3a4aa,8c14821b0914def0512a392b30ab3d33e0c2731c005097b7841ce6e657c4bd09,https://single-runs-api.open-meteo.com/v1/forecast,ecmwf_ifs,2026-02-26 19:00:00+00:00,43.643198,78.538828,43.620384,78.47891,2026-02-27 10:00:00+05:00
2026-02-26 19:00:00+00:00,2026-02-26 12:00:00+00:00,2026-02-27 06:00:00+00:00,1,11,0.0801065897745622,7a9f78e7185f367e,fa3ce5d838f1b5d3a4aa,8c14821b0914def0512a392b30ab3d33e0c2731c005097b7841ce6e657c4bd09,https://single-runs-api.open-meteo.com/v1/forecast,ecmwf_ifs,2026-02-26 19:00:00+00:00,43.64515,78.535604,43.620384,78.47891,2026-02-27 11:00:00+05:00
2026-02-26 19:00:00+00:00,2026-02-26 12:00:00+00:00,2026-02-27 06:00:00+00:00,2,11,0.0786521746700572,7a9f78e7185f367e,fa3ce5d838f1b5d3a4aa,8c14821b0914def0512a392b30ab3d33e0c2731c005097b7841ce6e657c4bd09,https://single-runs-api.open-meteo.com/v1/forecast,ecmwf_ifs,2026-02-26 19:00:00+00:00,43.643198,78.538828,43.620384,78.47891,2026-02-27 11:00:00+05:00
2026-02-26 19:00:00+00:00,2026-02-26 12:00:00+00:00,2026-02-27 07:00:00+00:00,1,12,0.1212491647386682,7a9f78e7185f367e,fa3ce5d838f1b5d3a4aa,8c14821b0914def0512a392b30ab3d33e0c2731c005097b7841ce6e657c4bd09,https://single-runs-api.open-meteo.com/v1/forecast,ecmwf_ifs,2026-02-26 19:00:00+00:00,43.64515,78.535604,43.620384,78.47891,2026-02-27 12:00:00+05:00
2026-02-26 19:00:00+00:00,2026-02-26 12:00:00+00:00,2026-02-27 07:00:00+00:00,2,12,0.1191121588645659,7a9f78e7185f367e,fa3ce5d838f1b5d3a4aa,8c14821b0914def0512a392b30ab3d33e0c2731c005097b7841ce6e657c4bd09,https://single-runs-api.open-meteo.com/v1/forecast,ecmwf_ifs,2026-02-26 19:00:00+00:00,43.643198,78.538828,43.620384,78.47891,2026-02-27 12:00:00+05:00
2026-02-26 19:00:00+00:00,2026-02-26 12:00:00+00:00,2026-02-27 08:00:00+00:00,1,13,0.1676579412361445,7a9f78e7185f367e,fa3ce5d838f1b5d3a4aa,8c14821b0914def0512a392b30ab3d33e0c2731c005097b7841ce6e657c4bd09,https://single-runs-api.open-meteo.com/v1/forecast,ecmwf_ifs,2026-02-26 19:00:00+00:00,43.64515,78.535604,43.620384,78.47891,2026-02-27 13:00:00+05:00
2026-02-26 19:00:00+00:00,2026-02-26 12:00:00+00:00,2026-02-27 08:00:00+00:00,2,13,0.1655698515512296,7a9f78e7185f367e,fa3ce5d838f1b5d3a4aa,8c14821b0914def0512a392b30ab3d33e0c2731c005097b7841ce6e657c4bd09,https://single-runs-api.open-meteo.com/v1/forecast,ecmwf_ifs,2026-02-26 19:00:00+00:00,43.643198,78.538828,43.620384,78.47891,2026-02-27 13:00:00+05:00
2026-02-26 19:00:00+00:00,2026-02-26 12:00:00+00:00,2026-02-27 09:00:00+00:00,1,14,0.191644110520776,7a9f78e7185f367e,fa3ce5d838f1b5d3a4aa,8c14821b0914def0512a392b30ab3d33e0c2731c005097b7841ce6e657c4bd09,https://single-runs-api.open-meteo.com/v1/forecast,ecmwf_ifs,2026-02-26 19:00:00+00:00,43.64515,78.535604,43.620384,78.47891,2026-02-27 14:00:00+05:00
2026-02-26 19:00:00+00:00,2026-02-26 12:00:00+00:00,2026-02-27 09:00:00+00:00,2,14,0.1894676994621746,7a9f78e7185f367e,fa3ce5d838f1b5d3a4aa,8c14821b0914def0512a392b30ab3d33e0c2731c005097b7841ce6e657c4bd09,https://single-runs-api.open-meteo.com/v1/forecast,ecmwf_ifs,2026-02-26 19:00:00+00:00,43.643198,78.538828,43.620384,78.47891,2026-02-27 14:00:00+05:00
2026-02-26 19:00:00+00:00,2026-02-26 12:00:00+00:00,2026-02-27 10:00:00+00:00,1,15,0.2896179702547093,7a9f78e7185f367e,fa3ce5d838f1b5d3a4aa,8c14821b0914def0512a392b30ab3d33e0c2731c005097b7841ce6e657c4bd09,https://single-runs-api.open-meteo.com/v1/forecast,ecmwf_ifs,2026-02-26 19:00:00+00:00,43.64515,78.535604,43.620384,78.47891,2026-02-27 15:00:00+05:00
2026-02-26 19:00:00+00:00,2026-02-26 12:00:00+00:00,2026-02-27 10:00:00+00:00,2,15,0.288478500639085,7a9f78e7185f367e,fa3ce5d838f1b5d3a4aa,8c14821b0914def0512a392b30ab3d33e0c2731c005097b7841ce6e657c4bd09,https://single-runs-api.open-meteo.com/v1/forecast,ecmwf_ifs,2026-02-26 19:00:00+00:00,43.643198,78.538828,43.620384,78.47891,2026-02-27 15:00:00+05:00
2026-02-26 19:00:00+00:00,2026-02-26 12:00:00+00:00,2026-02-27 11:00:00+00:00,1,16,0.3808144532297334,7a9f78e7185f367e,fa3ce5d838f1b5d3a4aa,8c14821b0914def0512a392b30ab3d33e0c2731c005097b7841ce6e657c4bd09,https://single-runs-api.open-meteo.com/v1/forecast,ecmwf_ifs,2026-02-26 19:00:00+00:00,43.64515,78.535604,43.620384,78.47891,2026-02-27 16:00:00+05:00
2026-02-26 19:00:00+00:00,2026-02-26 12:00:00+00:00,2026-02-27 11:00:00+00:00,2,16,0.3795173705245985,7a9f78e7185f367e,fa3ce5d838f1b5d3a4aa,8c14821b0914def0512a392b30ab3d33e0c2731c005097b7841ce6e657c4bd09,https://single-runs-api.open-meteo.com/v1/forecast,ecmwf_ifs,2026-02-26 19:00:00+00:00,43.643198,78.538828,43.620384,78.47891,2026-02-27 16:00:00+05:00
2026-02-26 19:00:00+00:00,2026-02-26 12:00:00+00:00,2026-02-27 12:00:00+00:00,1,17,0.4106673045995859,7a9f78e7185f367e,fa3ce5d838f1b5d3a4aa,8c14821b0914def0512a392b30ab3d33e0c2731c005097b7841ce6e657c4bd09,https://single-runs-api.open-meteo.com/v1/forecast,ecmwf_ifs,2026-02-26 19:00:00+00:00,43.64515,78.535604,43.620384,78.47891,2026-02-27 17:00:00+05:00
2026-02-26 19:00:00+00:00,2026-02-26 12:00:00+00:00,2026-02-27 12:00:00+00:00,2,17,0.4088226940629885,7a9f78e7185f367e,fa3ce5d838f1b5d3a4aa,8c14821b0914def0512a392b30ab3d33e0c2731c005097b7841ce6e657c4bd09,https://single-runs-api.open-meteo.com/v1/forecast,ecmwf_ifs,2026-02-26 19:00:00+00:00,43.643198,78.538828,43.620384,78.47891,2026-02-27 17:00:00+05:00
2026-02-26 19:00:00+00:00,2026-02-26 12:00:00+00:00,2026-02-27 13:00:00+00:00,1,18,0.4605466990587542,7a9f78e7185f367e,fa3ce5d838f1b5d3a4aa,8c14821b0914def0512a392b30ab3d33e0c2731c005097b7841ce6e657c4bd09,https://single-runs-api.open-meteo.com/v1/forecast,ecmwf_ifs,2026-02-26 19:00:00+00:00,43.64515,78.535604,43.620384,78.47891,2026-02-27 18:00:00+05:00
2026-02-26 19:00:00+00:00,2026-02-26 12:00:00+00:00,2026-02-27 13:00:00+00:00,2,18,0.4581435891137637,7a9f78e7185f367e,fa3ce5d838f1b5d3a4aa,8c14821b0914def0512a392b30ab3d33e0c2731c005097b7841ce6e657c4bd09,https://single-runs-api.open-meteo.com/v1/forecast,ecmwf_ifs,2026-02-26 19:00:00+00:00,43.643198,78.538828,43.620384,78.47891,2026-02-27 18:00:00+05:00
2026-02-26 19:00:00+00:00,2026-02-26 12:00:00+00:00,2026-02-27 14:00:00+00:00,1,19,0.546730071974648,7a9f78e7185f367e,fa3ce5d838f1b5d3a4aa,8c14821b0914def0512a392b30ab3d33e0c2731c005097b7841ce6e657c4bd09,https://single-runs-api.open-meteo.com/v1/forecast,ecmwf_ifs,2026-02-26 19:00:00+00:00,43.64515,78.535604,43.620384,78.47891,2026-02-27 19:00:00+05:00
2026-02-26 19:00:00+00:00,2026-02-26 12:00:00+00:00,2026-02-27 14:00:00+00:00,2,19,0.543891098380614,7a9f78e7185f367e,fa3ce5d838f1b5d3a4aa,8c14821b0914def0512a392b30ab3d33e0c2731c005097b7841ce6e657c4bd09,https://single-runs-api.open-meteo.com/v1/forecast,ecmwf_ifs,2026-02-26 19:00:00+00:00,43.643198,78.538828,43.620384,78.47891,2026-02-27 19:00:00+05:00
2026-02-26 19:00:00+00:00,2026-02-26 12:00:00+00:00,2026-02-27 15:00:00+00:00,1,20,0.549041318954272,7a9f78e7185f367e,fa3ce5d838f1b5d3a4aa,8c14821b0914def0512a392b30ab3d33e0c2731c005097b7841ce6e657c4bd09,https://single-runs-api.open-meteo.com/v1/forecast,ecmwf_ifs,2026-02-26 19:00:00+00:00,43.64515,78.535604,43.620384,78.47891,2026-02-27 20:00:00+05:00
2026-02-26 19:00:00+00:00,2026-02-26 12:00:00+00:00,2026-02-27 15:00:00+00:00,2,20,0.5461292143271397,7a9f78e7185f367e,fa3ce5d838f1b5d3a4aa,8c14821b0914def0512a392b30ab3d33e0c2731c005097b7841ce6e657c4bd09,https://single-runs-api.open-meteo.com/v1/forecast,ecmwf_ifs,2026-02-26 19:00:00+00:00,43.643198,78.538828,43.620384,78.47891,2026-02-27 20:00:00+05:00
2026-02-26 19:00:00+00:00,2026-02-26 12:00:00+00:00,2026-02-27 16:00:00+00:00,1,21,0.6502244237597397,7a9f78e7185f367e,fa3ce5d838f1b5d3a4aa,8c14821b0914def0512a392b30ab3d33e0c2731c005097b7841ce6e657c4bd09,https://single-runs-api.open-meteo.com/v1/forecast,ecmwf_ifs,2026-02-26 19:00:00+00:00,43.64515,78.535604,43.620384,78.47891,2026-02-27 21:00:00+05:00
2026-02-26 19:00:00+00:00,2026-02-26 12:00:00+00:00,2026-02-27 16:00:00+00:00,2,21,0.6464659817409031,7a9f78e7185f367e,fa3ce5d838f1b5d3a4aa,8c14821b0914def0512a392b30ab3d33e0c2731c005097b7841ce6e657c4bd09,https://single-runs-api.open-meteo.com/v1/forecast,ecmwf_ifs,2026-02-26 19:00:00+00:00,43.643198,78.538828,43.620384,78.47891,2026-02-27 21:00:00+05:00
2026-02-26 19:00:00+00:00,2026-02-26 12:00:00+00:00,2026-02-27 17:00:00+00:00,1,22,0.5447181902797087,7a9f78e7185f367e,fa3ce5d838f1b5d3a4aa,8c14821b0914def0512a392b30ab3d33e0c2731c005097b7841ce6e657c4bd09,https://single-runs-api.open-meteo.com/v1/forecast,ecmwf_ifs,2026-02-26 19:00:00+00:00,43.64515,78.535604,43.620384,78.47891,2026-02-27 22:00:00+05:00
2026-02-26 19:00:00+00:00,2026-02-26 12:00:00+00:00,2026-02-27 17:00:00+00:00,2,22,0.539955568224946,7a9f78e7185f367e,fa3ce5d838f1b5d3a4aa,8c14821b0914def0512a392b30ab3d33e0c2731c005097b7841ce6e657c4bd09,https://single-runs-api.open-meteo.com/v1/forecast,ecmwf_ifs,2026-02-26 19:00:00+00:00,43.643198,78.538828,43.620384,78.47891,2026-02-27 22:00:00+05:00
2026-02-26 19:00:00+00:00,2026-02-26 12:00:00+00:00,2026-02-27 18:00:00+00:00,1,23,0.5546686362210462,7a9f78e7185f367e,fa3ce5d838f1b5d3a4aa,8c14821b0914def0512a392b30ab3d33e0c2731c005097b7841ce6e657c4bd09,https://single-runs-api.open-meteo.com/v1/forecast,ecmwf_ifs,2026-02-26 19:00:00+00:00,43.64515,78.535604,43.620384,78.47891,2026-02-27 23:00:00+05:00
2026-02-26 19:00:00+00:00,2026-02-26 12:00:00+00:00,2026-02-27 18:00:00+00:00,2,23,0.5502748637745373,7a9f78e7185f367e,fa3ce5d838f1b5d3a4aa,8c14821b0914def0512a392b30ab3d33e0c2731c005097b7841ce6e657c4bd09,https://single-runs-api.open-meteo.com/v1/forecast,ecmwf_ifs,2026-02-26 19:00:00+00:00,43.643198,78.538828,43.620384,78.47891,2026-02-27 23:00:00+05:00
2026-02-26 19:00:00+00:00,2026-02-26 12:00:00+00:00,2026-02-27 19:00:00+00:00,1,24,0.5470682640061235,7a9f78e7185f367e,fa3ce5d838f1b5d3a4aa,8c14821b0914def0512a392b30ab3d33e0c2731c005097b7841ce6e657c4bd09,https://single-runs-api.open-meteo.com/v1/forecast,ecmwf_ifs,2026-02-26 19:00:00+00:00,43.64515,78.535604,43.620384,78.47891,2026-02-28 00:00:00+05:00
2026-02-26 19:00:00+00:00,2026-02-26 12:00:00+00:00,2026-02-27 19:00:00+00:00,2,24,0.5431262231789542,7a9f78e7185f367e,fa3ce5d838f1b5d3a4aa,8c14821b0914def0512a392b30ab3d33e0c2731c005097b7841ce6e657c4bd09,https://single-runs-api.open-meteo.com/v1/forecast,ecmwf_ifs,2026-02-26 19:00:00+00:00,43.643198,78.538828,43.620384,78.47891,2026-02-28 00:00:00+05:00
2026-02-27 19:00:00+00:00,2026-02-27 12:00:00+00:00,2026-02-27 20:00:00+00:00,1,1,0.5208855346568182,7a9f78e7185f367e,8159c141a847228c1fb1,6595e8f9ac5535ee7cf0bb6025e463d1ec3efa5de3921ef2b944b09ad7f7667c,https://single-runs-api.open-meteo.com/v1/forecast,ecmwf_ifs,2026-02-27 19:00:00+00:00,43.64515,78.535604,43.620384,78.47891,2026-02-28 01:00:00+05:00
2026-02-27 19:00:00+00:00,2026-02-27 12:00:00+00:00,2026-02-27 20:00:00+00:00,2,1,0.5183235096700578,7a9f78e7185f367e,8159c141a847228c1fb1,6595e8f9ac5535ee7cf0bb6025e463d1ec3efa5de3921ef2b944b09ad7f7667c,https://single-runs-api.open-meteo.com/v1/forecast,ecmwf_ifs,2026-02-27 19:00:00+00:00,43.643198,78.538828,43.620384,78.47891,2026-02-28 01:00:00+05:00
2026-02-27 19:00:00+00:00,2026-02-27 12:00:00+00:00,2026-02-27 21:00:00+00:00,1,2,0.5736089248751158,7a9f78e7185f367e,8159c141a847228c1fb1,6595e8f9ac5535ee7cf0bb6025e463d1ec3efa5de3921ef2b944b09ad7f7667c,https://single-runs-api.open-meteo.com/v1/forecast,ecmwf_ifs,2026-02-27 19:00:00+00:00,43.64515,78.535604,43.620384,78.47891,2026-02-28 02:00:00+05:00
2026-02-27 19:00:00+00:00,2026-02-27 12:00:00+00:00,2026-02-27 21:00:00+00:00,2,2,0.5715829860020216,7a9f78e7185f367e,8159c141a847228c1fb1,6595e8f9ac5535ee7cf0bb6025e463d1ec3efa5de3921ef2b944b09ad7f7667c,https://single-runs-api.open-meteo.com/v1/forecast,ecmwf_ifs,2026-02-27 19:00:00+00:00,43.643198,78.538828,43.620384,78.47891,2026-02-28 02:00:00+05:00
2026-02-27 19:00:00+00:00,2026-02-27 12:00:00+00:00,2026-02-27 22:00:00+00:00,1,3,0.5879353844094227,7a9f78e7185f367e,8159c141a847228c1fb1,6595e8f9ac5535ee7cf0bb6025e463d1ec3efa5de3921ef2b944b09ad7f7667c,https://single-runs-api.open-meteo.com/v1/forecast,ecmwf_ifs,2026-02-27 19:00:00+00:00,43.64515,78.535604,43.620384,78.47891,2026-02-28 03:00:00+05:00
2026-02-27 19:00:00+00:00,2026-02-27 12:00:00+00:00,2026-02-27 22:00:00+00:00,2,3,0.5847358020607369,7a9f78e7185f367e,8159c141a847228c1fb1,6595e8f9ac5535ee7cf0bb6025e463d1ec3efa5de3921ef2b944b09ad7f7667c,https://single-runs-api.open-meteo.com/v1/forecast,ecmwf_ifs,2026-02-27 19:00:00+00:00,43.643198,78.538828,43.620384,78.47891,2026-02-28 03:00:00+05:00
2026-02-27 19:00:00+00:00,2026-02-27 12:00:00+00:00,2026-02-27 23:00:00+00:00,1,4,0.6435357958828511,7a9f78e7185f367e,8159c141a847228c1fb1,6595e8f9ac5535ee7cf0bb6025e463d1ec3efa5de3921ef2b944b09ad7f7667c,https://single-runs-api.open-meteo.com/v1/forecast,ecmwf_ifs,2026-02-27 19:00:00+00:00,43.64515,78.535604,43.620384,78.47891,2026-02-28 04:00:00+05:00
2026-02-27 19:00:00+00:00,2026-02-27 12:00:00+00:00,2026-02-27 23:00:00+00:00,2,4,0.6397361933664217,7a9f78e7185f367e,8159c141a847228c1fb1,6595e8f9ac5535ee7cf0bb6025e463d1ec3efa5de3921ef2b944b09ad7f7667c,https://single-runs-api.open-meteo.com/v1/forecast,ecmwf_ifs,2026-02-27 19:00:00+00:00,43.643198,78.538828,43.620384,78.47891,2026-02-28 04:00:00+05:00
2026-02-27 19:00:00+00:00,2026-02-27 12:00:00+00:00,2026-02-28 00:00:00+00:00,1,5,0.623387563010656,7a9f78e7185f367e,8159c141a847228c1fb1,6595e8f9ac5535ee7cf0bb6025e463d1ec3efa5de3921ef2b944b09ad7f7667c,https://single-runs-api.open-meteo.com/v1/forecast,ecmwf_ifs,2026-02-27 19:00:00+00:00,43.64515,78.535604,43.620384,78.47891,2026-02-28 05:00:00+05:00
2026-02-27 19:00:00+00:00,2026-02-27 12:00:00+00:00,2026-02-28 00:00:00+00:00,2,5,0.6194503453306982,7a9f78e7185f367e,8159c141a847228c1fb1,6595e8f9ac5535ee7cf0bb6025e463d1ec3efa5de3921ef2b944b09ad7f7667c,https://single-runs-api.open-meteo.com/v1/forecast,ecmwf_ifs,2026-02-27 19:00:00+00:00,43.643198,78.538828,43.620384,78.47891,2026-02-28 05:00:00+05:00
2026-02-27 19:00:00+00:00,2026-02-27 12:00:00+00:00,2026-02-28 01:00:00+00:00,1,6,0.6737454144013382,7a9f78e7185f367e,8159c141a847228c1fb1,6595e8f9ac5535ee7cf0bb6025e463d1ec3efa5de3921ef2b944b09ad7f7667c,https://single-runs-api.open-meteo.com/v1/forecast,ecmwf_ifs,2026-02-27 19:00:00+00:00,43.64515,78.535604,43.620384,78.47891,2026-02-28 06:00:00+05:00
2026-02-27 19:00:00+00:00,2026-02-27 12:00:00+00:00,2026-02-28 01:00:00+00:00,2,6,0.66960746068748,7a9f78e7185f367e,8159c141a847228c1fb1,6595e8f9ac5535ee7cf0bb6025e463d1ec3efa5de3921ef2b944b09ad7f7667c,https://single-runs-api.open-meteo.com/v1/forecast,ecmwf_ifs,2026-02-27 19:00:00+00:00,43.643198,78.538828,43.620384,78.47891,2026-02-28 06:00:00+05:00
2026-02-27 19:00:00+00:00,2026-02-27 12:00:00+00:00,2026-02-28 02:00:00+00:00,1,7,0.7510674662957556,7a9f78e7185f367e,8159c141a847228c1fb1,6595e8f9ac5535ee7cf0bb6025e463d1ec3efa5de3921ef2b944b09ad7f7667c,https://single-runs-api.open-meteo.com/v1/forecast,ecmwf_ifs,2026-02-27 19:00:00+00:00,43.64515,78.535604,43.620384,78.47891,2026-02-28 07:00:00+05:00
2026-02-27 19:00:00+00:00,2026-02-27 12:00:00+00:00,2026-02-28 02:00:00+00:00,2,7,0.7472776028788772,7a9f78e7185f367e,8159c141a847228c1fb1,6595e8f9ac5535ee7cf0bb6025e463d1ec3efa5de3921ef2b944b09ad7f7667c,https://single-runs-api.open-meteo.com/v1/forecast,ecmwf_ifs,2026-02-27 19:00:00+00:00,43.643198,78.538828,43.620384,78.47891,2026-02-28 07:00:00+05:00
2026-02-27 19:00:00+00:00,2026-02-27 12:00:00+00:00,2026-02-28 03:00:00+00:00,1,8,0.8117808584906646,7a9f78e7185f367e,8159c141a847228c1fb1,6595e8f9ac5535ee7cf0bb6025e463d1ec3efa5de3921ef2b944b09ad7f7667c,https://single-runs-api.open-meteo.com/v1/forecast,ecmwf_ifs,2026-02-27 19:00:00+00:00,43.64515,78.535604,43.620384,78.47891,2026-02-28 08:00:00+05:00
2026-02-27 19:00:00+00:00,2026-02-27 12:00:00+00:00,2026-02-28 03:00:00+00:00,2,8,0.8081086836500221,7a9f78e7185f367e,8159c141a847228c1fb1,6595e8f9ac5535ee7cf0bb6025e463d1ec3efa5de3921ef2b944b09ad7f7667c,https://single-runs-api.open-meteo.com/v1/forecast,ecmwf_ifs,2026-02-27 19:00:00+00:00,43.643198,78.538828,43.620384,78.47891,2026-02-28 08:00:00+05:00
2026-02-27 19:00:00+00:00,2026-02-27 12:00:00+00:00,2026-02-28 04:00:00+00:00,1,9,0.7778892719645678,7a9f78e7185f367e,8159c141a847228c1fb1,6595e8f9ac5535ee7cf0bb6025e463d1ec3efa5de3921ef2b944b09ad7f7667c,https://single-runs-api.open-meteo.com/v1/forecast,ecmwf_ifs,2026-02-27 19:00:00+00:00,43.64515,78.535604,43.620384,78.47891,2026-02-28 09:00:00+05:00
2026-02-27 19:00:00+00:00,2026-02-27 12:00:00+00:00,2026-02-28 04:00:00+00:00,2,9,0.7747671587124372,7a9f78e7185f367e,8159c141a847228c1fb1,6595e8f9ac5535ee7cf0bb6025e463d1ec3efa5de3921ef2b944b09ad7f7667c,https://single-runs-api.open-meteo.com/v1/forecast,ecmwf_ifs,2026-02-27 19:00:00+00:00,43.643198,78.538828,43.620384,78.47891,2026-02-28 09:00:00+05:00
2026-02-27 19:00:00+00:00,2026-02-27 12:00:00+00:00,2026-02-28 05:00:00+00:00,1,10,0.7779125232206184,7a9f78e7185f367e,8159c141a847228c1fb1,6595e8f9ac5535ee7cf0bb6025e463d1ec3efa5de3921ef2b944b09ad7f7667c,https://single-runs-api.open-meteo.com/v1/forecast,ecmwf_ifs,2026-02-27 19:00:00+00:00,43.64515,78.535604,43.620384,78.47891,2026-02-28 10:00:00+05:00
2026-02-27 19:00:00+00:00,2026-02-27 12:00:00+00:00,2026-02-28 05:00:00+00:00,2,10,0.7748466809021042,7a9f78e7185f367e,8159c141a847228c1fb1,6595e8f9ac5535ee7cf0bb6025e463d1ec3efa5de3921ef2b944b09ad7f7667c,https://single-runs-api.open-meteo.com/v1/forecast,ecmwf_ifs,2026-02-27 19:00:00+00:00,43.643198,78.538828,43.620384,78.47891,2026-02-28 10:00:00+05:00
2026-02-27 19:00:00+00:00,2026-02-27 12:00:00+00:00,2026-02-28 06:00:00+00:00,1,11,0.8106542877859977,7a9f78e7185f367e,8159c141a847228c1fb1,6595e8f9ac5535ee7cf0bb6025e463d1ec3efa5de3921ef2b944b09ad7f7667c,https://single-runs-api.open-meteo.com/v1/forecast,ecmwf_ifs,2026-02-27 19:00:00+00:00,43.64515,78.535604,43.620384,78.47891,2026-02-28 11:00:00+05:00
2026-02-27 19:00:00+00:00,2026-02-27 12:00:00+00:00,2026-02-28 06:00:00+00:00,2,11,0.808302039213436,7a9f78e7185f367e,8159c141a847228c1fb1,6595e8f9ac5535ee7cf0bb6025e463d1ec3efa5de3921ef2b944b09ad7f7667c,https://single-runs-api.open-meteo.com/v1/forecast,ecmwf_ifs,2026-02-27 19:00:00+00:00,43.643198,78.538828,43.620384,78.47891,2026-02-28 11:00:00+05:00
2026-02-27 19:00:00+00:00,2026-02-27 12:00:00+00:00,2026-02-28 07:00:00+00:00,1,12,0.7557521483741328,7a9f78e7185f367e,8159c141a847228c1fb1,6595e8f9ac5535ee7cf0bb6025e463d1ec3efa5de3921ef2b944b09ad7f7667c,https://single-runs-api.open-meteo.com/v1/forecast,ecmwf_ifs,2026-02-27 19:00:00+00:00,43.64515,78.535604,43.620384,78.47891,2026-02-28 12:00:00+05:00
2026-02-27 19:00:00+00:00,2026-02-27 12:00:00+00:00,2026-02-28 07:00:00+00:00,2,12,0.7530931072686513,7a9f78e7185f367e,8159c141a847228c1fb1,6595e8f9ac5535ee7cf0bb6025e463d1ec3efa5de3921ef2b944b09ad7f7667c,https://single-runs-api.open-meteo.com/v1/forecast,ecmwf_ifs,2026-02-27 19:00:00+00:00,43.643198,78.538828,43.620384,78.47891,2026-02-28 12:00:00+05:00
2026-02-27 19:00:00+00:00,2026-02-27 12:00:00+00:00,2026-02-28 08:00:00+00:00,1,13,0.7348106081512622,7a9f78e7185f367e,8159c141a847228c1fb1,6595e8f9ac5535ee7cf0bb6025e463d1ec3efa5de3921ef2b944b09ad7f7667c,https://single-runs-api.open-meteo.com/v1/forecast,ecmwf_ifs,2026-02-27 19:00:00+00:00,43.64515,78.535604,43.620384,78.47891,2026-02-28 13:00:00+05:00
2026-02-27 19:00:00+00:00,2026-02-27 12:00:00+00:00,2026-02-28 08:00:00+00:00,2,13,0.7321792324967967,7a9f78e7185f367e,8159c141a847228c1fb1,6595e8f9ac5535ee7cf0bb6025e463d1ec3efa5de3921ef2b944b09ad7f7667c,https://single-runs-api.open-meteo.com/v1/forecast,ecmwf_ifs,2026-02-27 19:00:00+00:00,43.643198,78.538828,43.620384,78.47891,2026-02-28 13:00:00+05:00
2026-02-27 19:00:00+00:00,2026-02-27 12:00:00+00:00,2026-02-28 09:00:00+00:00,1,14,0.6992290728613076,7a9f78e7185f367e,8159c141a847228c1fb1,6595e8f9ac5535ee7cf0bb6025e463d1ec3efa5de3921ef2b944b09ad7f7667c,https://single-runs-api.open-meteo.com/v1/forecast,ecmwf_ifs,2026-02-27 19:00:00+00:00,43.64515,78.535604,43.620384,78.47891,2026-02-28 14:00:00+05:00
2026-02-27 19:00:00+00:00,2026-02-27 12:00:00+00:00,2026-02-28 09:00:00+00:00,2,14,0.696597697206842,7a9f78e7185f367e,8159c141a847228c1fb1,6595e8f9ac5535ee7cf0bb6025e463d1ec3efa5de3921ef2b944b09ad7f7667c,https://single-runs-api.open-meteo.com/v1/forecast,ecmwf_ifs,2026-02-27 19:00:00+00:00,43.643198,78.538828,43.620384,78.47891,2026-02-28 14:00:00+05:00
2026-02-27 19:00:00+00:00,2026-02-27 12:00:00+00:00,2026-02-28 10:00:00+00:00,1,15,0.639201696221564,7a9f78e7185f367e,8159c141a847228c1fb1,6595e8f9ac5535ee7cf0bb6025e463d1ec3efa5de3921ef2b944b09ad7f7667c,https://single-runs-api.open-meteo.com/v1/forecast,ecmwf_ifs,2026-02-27 19:00:00+00:00,43.64515,78.535604,43.620384,78.47891,2026-02-28 15:00:00+05:00
2026-02-27 19:00:00+00:00,2026-02-27 12:00:00+00:00,2026-02-28 10:00:00+00:00,2,15,0.6366981329251208,7a9f78e7185f367e,8159c141a847228c1fb1,6595e8f9ac5535ee7cf0bb6025e463d1ec3efa5de3921ef2b944b09ad7f7667c,https://single-runs-api.open-meteo.com/v1/forecast,ecmwf_ifs,2026-02-27 19:00:00+00:00,43.643198,78.538828,43.620384,78.47891,2026-02-28 15:00:00+05:00
2026-02-27 19:00:00+00:00,2026-02-27 12:00:00+00:00,2026-02-28 11:00:00+00:00,1,16,0.6424785481135227,7a9f78e7185f367e,8159c141a847228c1fb1,6595e8f9ac5535ee7cf0bb6025e463d1ec3efa5de3921ef2b944b09ad7f7667c,https://single-runs-api.open-meteo.com/v1/forecast,ecmwf_ifs,2026-02-27 19:00:00+00:00,43.64515,78.535604,43.620384,78.47891,2026-02-28 16:00:00+05:00
2026-02-27 19:00:00+00:00,2026-02-27 12:00:00+00:00,2026-02-28 11:00:00+00:00,2,16,0.639508725193379,7a9f78e7185f367e,8159c141a847228c1fb1,6595e8f9ac5535ee7cf0bb6025e463d1ec3efa5de3921ef2b944b09ad7f7667c,https://single-runs-api.open-meteo.com/v1/forecast,ecmwf_ifs,2026-02-27 19:00:00+00:00,43.643198,78.538828,43.620384,78.47891,2026-02-28 16:00:00+05:00
2026-02-27 19:00:00+00:00,2026-02-27 12:00:00+00:00,2026-02-28 12:00:00+00:00,1,17,0.5662754407561741,7a9f78e7185f367e,8159c141a847228c1fb1,6595e8f9ac5535ee7cf0bb6025e463d1ec3efa5de3921ef2b944b09ad7f7667c,https://single-runs-api.open-meteo.com/v1/forecast,ecmwf_ifs,2026-02-27 19:00:00+00:00,43.64515,78.535604,43.620384,78.47891,2026-02-28 17:00:00+05:00
2026-02-27 19:00:00+00:00,2026-02-27 12:00:00+00:00,2026-02-28 12:00:00+00:00,2,17,0.5628334920560721,7a9f78e7185f367e,8159c141a847228c1fb1,6595e8f9ac5535ee7cf0bb6025e463d1ec3efa5de3921ef2b944b09ad7f7667c,https://single-runs-api.open-meteo.com/v1/forecast,ecmwf_ifs,2026-02-27 19:00:00+00:00,43.643198,78.538828,43.620384,78.47891,2026-02-28 17:00:00+05:00
2026-02-27 19:00:00+00:00,2026-02-27 12:00:00+00:00,2026-02-28 13:00:00+00:00,1,18,0.4801731837758233,7a9f78e7185f367e,8159c141a847228c1fb1,6595e8f9ac5535ee7cf0bb6025e463d1ec3efa5de3921ef2b944b09ad7f7667c,https://single-runs-api.open-meteo.com/v1/forecast,ecmwf_ifs,2026-02-27 19:00:00+00:00,43.64515,78.535604,43.620384,78.47891,2026-02-28 18:00:00+05:00
2026-02-27 19:00:00+00:00,2026-02-27 12:00:00+00:00,2026-02-28 13:00:00+00:00,2,18,0.4761305837891001,7a9f78e7185f367e,8159c141a847228c1fb1,6595e8f9ac5535ee7cf0bb6025e463d1ec3efa5de3921ef2b944b09ad7f7667c,https://single-runs-api.open-meteo.com/v1/forecast,ecmwf_ifs,2026-02-27 19:00:00+00:00,43.643198,78.538828,43.620384,78.47891,2026-02-28 18:00:00+05:00
2026-02-27 19:00:00+00:00,2026-02-27 12:00:00+00:00,2026-02-28 14:00:00+00:00,1,19,0.4334403261004153,7a9f78e7185f367e,8159c141a847228c1fb1,6595e8f9ac5535ee7cf0bb6025e463d1ec3efa5de3921ef2b944b09ad7f7667c,https://single-runs-api.open-meteo.com/v1/forecast,ecmwf_ifs,2026-02-27 19:00:00+00:00,43.64515,78.535604,43.620384,78.47891,2026-02-28 19:00:00+05:00
2026-02-27 19:00:00+00:00,2026-02-27 12:00:00+00:00,2026-02-28 14:00:00+00:00,2,19,0.4293977261136926,7a9f78e7185f367e,8159c141a847228c1fb1,6595e8f9ac5535ee7cf0bb6025e463d1ec3efa5de3921ef2b944b09ad7f7667c,https://single-runs-api.open-meteo.com/v1/forecast,ecmwf_ifs,2026-02-27 19:00:00+00:00,43.643198,78.538828,43.620384,78.47891,2026-02-28 19:00:00+05:00
2026-02-27 19:00:00+00:00,2026-02-27 12:00:00+00:00,2026-02-28 15:00:00+00:00,1,20,0.2746552253170475,7a9f78e7185f367e,8159c141a847228c1fb1,6595e8f9ac5535ee7cf0bb6025e463d1ec3efa5de3921ef2b944b09ad7f7667c,https://single-runs-api.open-meteo.com/v1/forecast,ecmwf_ifs,2026-02-27 19:00:00+00:00,43.64515,78.535604,43.620384,78.47891,2026-02-28 20:00:00+05:00
2026-02-27 19:00:00+00:00,2026-02-27 12:00:00+00:00,2026-02-28 15:00:00+00:00,2,20,0.2711857019244762,7a9f78e7185f367e,8159c141a847228c1fb1,6595e8f9ac5535ee7cf0bb6025e463d1ec3efa5de3921ef2b944b09ad7f7667c,https://single-runs-api.open-meteo.com/v1/forecast,ecmwf_ifs,2026-02-27 19:00:00+00:00,43.643198,78.538828,43.620384,78.47891,2026-02-28 20:00:00+05:00
2026-02-27 19:00:00+00:00,2026-02-27 12:00:00+00:00,2026-02-28 16:00:00+00:00,1,21,0.1998535618943757,7a9f78e7185f367e,8159c141a847228c1fb1,6595e8f9ac5535ee7cf0bb6025e463d1ec3efa5de3921ef2b944b09ad7f7667c,https://single-runs-api.open-meteo.com/v1/forecast,ecmwf_ifs,2026-02-27 19:00:00+00:00,43.64515,78.535604,43.620384,78.47891,2026-02-28 21:00:00+05:00
2026-02-27 19:00:00+00:00,2026-02-27 12:00:00+00:00,2026-02-28 16:00:00+00:00,2,21,0.1967140914115519,7a9f78e7185f367e,8159c141a847228c1fb1,6595e8f9ac5535ee7cf0bb6025e463d1ec3efa5de3921ef2b944b09ad7f7667c,https://single-runs-api.open-meteo.com/v1/forecast,ecmwf_ifs,2026-02-27 19:00:00+00:00,43.643198,78.538828,43.620384,78.47891,2026-02-28 21:00:00+05:00
2026-02-27 19:00:00+00:00,2026-02-27 12:00:00+00:00,2026-02-28 17:00:00+00:00,1,22,0.2176122609215589,7a9f78e7185f367e,8159c141a847228c1fb1,6595e8f9ac5535ee7cf0bb6025e463d1ec3efa5de3921ef2b944b09ad7f7667c,https://single-runs-api.open-meteo.com/v1/forecast,ecmwf_ifs,2026-02-27 19:00:00+00:00,43.64515,78.535604,43.620384,78.47891,2026-02-28 22:00:00+05:00
2026-02-27 19:00:00+00:00,2026-02-27 12:00:00+00:00,2026-02-28 17:00:00+00:00,2,22,0.2146220498489913,7a9f78e7185f367e,8159c141a847228c1fb1,6595e8f9ac5535ee7cf0bb6025e463d1ec3efa5de3921ef2b944b09ad7f7667c,https://single-runs-api.open-meteo.com/v1/forecast,ecmwf_ifs,2026-02-27 19:00:00+00:00,43.643198,78.538828,43.620384,78.47891,2026-02-28 22:00:00+05:00
2026-02-27 19:00:00+00:00,2026-02-27 12:00:00+00:00,2026-02-28 18:00:00+00:00,1,23,0.1484544305951401,7a9f78e7185f367e,8159c141a847228c1fb1,6595e8f9ac5535ee7cf0bb6025e463d1ec3efa5de3921ef2b944b09ad7f7667c,https://single-runs-api.open-meteo.com/v1/forecast,ecmwf_ifs,2026-02-27 19:00:00+00:00,43.64515,78.535604,43.620384,78.47891,2026-02-28 23:00:00+05:00
2026-02-27 19:00:00+00:00,2026-02-27 12:00:00+00:00,2026-02-28 18:00:00+00:00,2,23,0.1463117093467747,7a9f78e7185f367e,8159c141a847228c1fb1,6595e8f9ac5535ee7cf0bb6025e463d1ec3efa5de3921ef2b944b09ad7f7667c,https://single-runs-api.open-meteo.com/v1/forecast,ecmwf_ifs,2026-02-27 19:00:00+00:00,43.643198,78.538828,43.620384,78.47891,2026-02-28 23:00:00+05:00
